Site Name ,SEAFET
Site Number ,12
Logger ,Integrating Light Sensor
Logger Serial Number ,2484


Scan No ,Date and Time,       Integrating Light,        ,
        ,        ,RAW VALUE ,CALIBRATED VALUE,

1,07/10/2016 , 10:15:00,49,8.9
2,07/10/2016 , 10:30:00,789,143.9
3,07/10/2016 , 10:45:00,2288,417.3
4,07/10/2016 , 11:00:00,6386,1164.8
5,07/10/2016 , 11:15:00,9364,1707.9
6,07/10/2016 , 11:30:00,24157,4406
7,07/10/2016 , 11:45:00,32656,5956.2
8,07/10/2016 , 12:00:00,19810,3613.2
9,07/10/2016 , 12:15:00,19791,3609.7
10,07/10/2016 , 12:30:00,18251,3328.8
11,07/10/2016 , 12:45:00,14555,2654.7
12,07/10/2016 , 13:00:00,17038,3107.6
13,07/10/2016 , 13:15:00,14250,2599.1
14,07/10/2016 , 13:30:00,9520,1736.4
15,07/10/2016 , 13:45:00,8193,1494.3
16,07/10/2016 , 14:00:00,5914,1078.7
17,07/10/2016 , 14:15:00,6273,1144.1
18,07/10/2016 , 14:30:00,6877,1254.3
19,07/10/2016 , 14:45:00,6370,1161.8
20,07/10/2016 , 15:00:00,6139,1119.7
21,07/10/2016 , 15:15:00,4475,816.2
22,07/10/2016 , 15:30:00,3533,644.4
23,07/10/2016 , 15:45:00,3506,639.5
24,07/10/2016 , 16:00:00,3351,611.2
25,07/10/2016 , 16:15:00,3365,613.7
26,07/10/2016 , 16:30:00,2553,465.6
27,07/10/2016 , 16:45:00,3298,601.5
28,07/10/2016 , 17:00:00,2038,371.7
29,07/10/2016 , 17:15:00,1479,269.8
30,07/10/2016 , 17:30:00,1092,199.2
31,07/10/2016 , 17:45:00,746,136.1
32,07/10/2016 , 18:00:00,392,71.5
33,07/10/2016 , 18:15:00,138,25.2
34,07/10/2016 , 18:30:00,27,4.9
35,07/10/2016 , 18:45:00,0,0
36,07/10/2016 , 19:00:00,0,0
37,07/10/2016 , 19:15:00,0,0
38,07/10/2016 , 19:30:00,0,0
39,07/10/2016 , 19:45:00,0,0
40,07/10/2016 , 20:00:00,0,0
41,07/10/2016 , 20:15:00,0,0
42,07/10/2016 , 20:30:00,0,0
43,07/10/2016 , 20:45:00,0,0
44,07/10/2016 , 21:00:00,0,0
45,07/10/2016 , 21:15:00,0,0
46,07/10/2016 , 21:30:00,0,0
47,07/10/2016 , 21:45:00,0,0
48,07/10/2016 , 22:00:00,0,0
49,07/10/2016 , 22:15:00,0,0
50,07/10/2016 , 22:30:00,0,0
51,07/10/2016 , 22:45:00,0,0
52,07/10/2016 , 23:00:00,0,0
53,07/10/2016 , 23:15:00,0,0
54,07/10/2016 , 23:30:00,0,0
55,07/10/2016 , 23:45:00,0,0
56,07/10/2016 , 24:00:00,0,0
57,08/10/2016 , 00:15:00,0,0
58,08/10/2016 , 00:30:00,0,0
59,08/10/2016 , 00:45:00,0,0
60,08/10/2016 , 01:00:00,0,0
61,08/10/2016 , 01:15:00,0,0
62,08/10/2016 , 01:30:00,0,0
63,08/10/2016 , 01:45:00,0,0
64,08/10/2016 , 02:00:00,0,0
65,08/10/2016 , 02:15:00,0,0
66,08/10/2016 , 02:30:00,0,0
67,08/10/2016 , 02:45:00,0,0
68,08/10/2016 , 03:00:00,0,0
69,08/10/2016 , 03:15:00,0,0
70,08/10/2016 , 03:30:00,0,0
71,08/10/2016 , 03:45:00,0,0
72,08/10/2016 , 04:00:00,0,0
73,08/10/2016 , 04:15:00,0,0
74,08/10/2016 , 04:30:00,0,0
75,08/10/2016 , 04:45:00,0,0
76,08/10/2016 , 05:00:00,0,0
77,08/10/2016 , 05:15:00,0,0
78,08/10/2016 , 05:30:00,0,0
79,08/10/2016 , 05:45:00,0,0
80,08/10/2016 , 06:00:00,0,0
81,08/10/2016 , 06:15:00,0,0
82,08/10/2016 , 06:30:00,24,4.4
83,08/10/2016 , 06:45:00,168,30.6
84,08/10/2016 , 07:00:00,412,75.1
85,08/10/2016 , 07:15:00,863,157.4
86,08/10/2016 , 07:30:00,1550,282.7
87,08/10/2016 , 07:45:00,4086,745.3
88,08/10/2016 , 08:00:00,3628,661.7
89,08/10/2016 , 08:15:00,5964,1087.8
90,08/10/2016 , 08:30:00,7449,1358.6
91,08/10/2016 , 08:45:00,7467,1361.9
92,08/10/2016 , 09:00:00,9556,1742.9
93,08/10/2016 , 09:15:00,10334,1884.8
94,08/10/2016 , 09:30:00,8280,1510.2
95,08/10/2016 , 09:45:00,11056,2016.5
96,08/10/2016 , 10:00:00,11091,2022.9
97,08/10/2016 , 10:15:00,14056,2563.7
98,08/10/2016 , 10:30:00,13364,2437.5
99,08/10/2016 , 10:45:00,16763,3057.4
100,08/10/2016 , 11:00:00,16502,3009.8
101,08/10/2016 , 11:15:00,13925,2539.8
102,08/10/2016 , 11:30:00,17843,3254.4
103,08/10/2016 , 11:45:00,16977,3096.5
104,08/10/2016 , 12:00:00,18100,3301.3
105,08/10/2016 , 12:15:00,16481,3006
106,08/10/2016 , 12:30:00,17248,3145.9
107,08/10/2016 , 12:45:00,17313,3157.7
108,08/10/2016 , 13:00:00,18737,3417.5
109,08/10/2016 , 13:15:00,18016,3286
110,08/10/2016 , 13:30:00,13729,2504.1
111,08/10/2016 , 13:45:00,10932,1993.9
112,08/10/2016 , 14:00:00,8541,1557.8
113,08/10/2016 , 14:15:00,8331,1519.5
114,08/10/2016 , 14:30:00,12904,2353.6
115,08/10/2016 , 14:45:00,14893,2716.4
116,08/10/2016 , 15:00:00,7610,1388
117,08/10/2016 , 15:15:00,13708,2500.2
118,08/10/2016 , 15:30:00,7349,1340.4
119,08/10/2016 , 15:45:00,9796,1786.7
120,08/10/2016 , 16:00:00,9586,1748.4
121,08/10/2016 , 16:15:00,5969,1088.7
122,08/10/2016 , 16:30:00,2203,401.8
123,08/10/2016 , 16:45:00,3821,696.9
124,08/10/2016 , 17:00:00,1562,284.9
125,08/10/2016 , 17:15:00,1658,302.4
126,08/10/2016 , 17:30:00,1063,193.9
127,08/10/2016 , 17:45:00,723,131.9
128,08/10/2016 , 18:00:00,458,83.5
129,08/10/2016 , 18:15:00,193,35.2
130,08/10/2016 , 18:30:00,32,5.8
131,08/10/2016 , 18:45:00,1,0.2
132,08/10/2016 , 19:00:00,0,0
133,08/10/2016 , 19:15:00,0,0
134,08/10/2016 , 19:30:00,0,0
135,08/10/2016 , 19:45:00,0,0
136,08/10/2016 , 20:00:00,0,0
137,08/10/2016 , 20:15:00,0,0
138,08/10/2016 , 20:30:00,0,0
139,08/10/2016 , 20:45:00,0,0
140,08/10/2016 , 21:00:00,0,0
141,08/10/2016 , 21:15:00,0,0
142,08/10/2016 , 21:30:00,0,0
143,08/10/2016 , 21:45:00,0,0
144,08/10/2016 , 22:00:00,0,0
145,08/10/2016 , 22:15:00,0,0
146,08/10/2016 , 22:30:00,0,0
147,08/10/2016 , 22:45:00,0,0
148,08/10/2016 , 23:00:00,0,0
149,08/10/2016 , 23:15:00,0,0
150,08/10/2016 , 23:30:00,0,0
151,08/10/2016 , 23:45:00,0,0
152,08/10/2016 , 24:00:00,0,0
153,09/10/2016 , 00:15:00,0,0
154,09/10/2016 , 00:30:00,0,0
155,09/10/2016 , 00:45:00,0,0
156,09/10/2016 , 01:00:00,0,0
157,09/10/2016 , 01:15:00,0,0
158,09/10/2016 , 01:30:00,0,0
159,09/10/2016 , 01:45:00,0,0
160,09/10/2016 , 02:00:00,0,0
161,09/10/2016 , 02:15:00,0,0
162,09/10/2016 , 02:30:00,0,0
163,09/10/2016 , 02:45:00,0,0
164,09/10/2016 , 03:00:00,0,0
165,09/10/2016 , 03:15:00,0,0
166,09/10/2016 , 03:30:00,0,0
167,09/10/2016 , 03:45:00,0,0
168,09/10/2016 , 04:00:00,0,0
169,09/10/2016 , 04:15:00,0,0
170,09/10/2016 , 04:30:00,0,0
171,09/10/2016 , 04:45:00,0,0
172,09/10/2016 , 05:00:00,0,0
173,09/10/2016 , 05:15:00,0,0
174,09/10/2016 , 05:30:00,0,0
175,09/10/2016 , 05:45:00,0,0
176,09/10/2016 , 06:00:00,0,0
177,09/10/2016 , 06:15:00,0,0
178,09/10/2016 , 06:30:00,29,5.3
179,09/10/2016 , 06:45:00,225,41
180,09/10/2016 , 07:00:00,699,127.5
181,09/10/2016 , 07:15:00,1233,224.9
182,09/10/2016 , 07:30:00,2557,466.4
183,09/10/2016 , 07:45:00,3134,571.6
184,09/10/2016 , 08:00:00,3695,673.9
185,09/10/2016 , 08:15:00,2553,465.6
186,09/10/2016 , 08:30:00,3157,575.8
187,09/10/2016 , 08:45:00,9283,1693.1
188,09/10/2016 , 09:00:00,8665,1580.4
189,09/10/2016 , 09:15:00,9398,1714.1
190,09/10/2016 , 09:30:00,10470,1909.6
191,09/10/2016 , 09:45:00,12646,2306.5
192,09/10/2016 , 10:00:00,13471,2457
193,09/10/2016 , 10:15:00,13937,2542
194,09/10/2016 , 10:30:00,15572,2840.2
195,09/10/2016 , 10:45:00,15189,2770.3
196,09/10/2016 , 11:00:00,16738,3052.9
197,09/10/2016 , 11:15:00,16309,2974.6
198,09/10/2016 , 11:30:00,17702,3228.7
199,09/10/2016 , 11:45:00,17781,3243.1
200,09/10/2016 , 12:00:00,18000,3283.1
201,09/10/2016 , 12:15:00,18126,3306
202,09/10/2016 , 12:30:00,18323,3342
203,09/10/2016 , 12:45:00,18193,3318.3
204,09/10/2016 , 13:00:00,18233,3325.5
205,09/10/2016 , 13:15:00,18112,3303.5
206,09/10/2016 , 13:30:00,17621,3213.9
207,09/10/2016 , 13:45:00,16732,3051.8
208,09/10/2016 , 14:00:00,16073,2931.6
209,09/10/2016 , 14:15:00,15561,2838.2
210,09/10/2016 , 14:30:00,14338,2615.1
211,09/10/2016 , 14:45:00,14057,2563.9
212,09/10/2016 , 15:00:00,13286,2423.3
213,09/10/2016 , 15:15:00,12337,2250.2
214,09/10/2016 , 15:30:00,11269,2055.4
215,09/10/2016 , 15:45:00,10076,1837.8
216,09/10/2016 , 16:00:00,8660,1579.5
217,09/10/2016 , 16:15:00,7456,1359.9
218,09/10/2016 , 16:30:00,6228,1135.9
219,09/10/2016 , 16:45:00,4385,799.8
220,09/10/2016 , 17:00:00,3080,561.8
221,09/10/2016 , 17:15:00,2277,415.3
222,09/10/2016 , 17:30:00,1387,253
223,09/10/2016 , 17:45:00,754,137.5
224,09/10/2016 , 18:00:00,445,81.2
225,09/10/2016 , 18:15:00,204,37.2
226,09/10/2016 , 18:30:00,39,7.1
227,09/10/2016 , 18:45:00,1,0.2
228,09/10/2016 , 19:00:00,0,0
229,09/10/2016 , 19:15:00,0,0
230,09/10/2016 , 19:30:00,0,0
231,09/10/2016 , 19:45:00,0,0
232,09/10/2016 , 20:00:00,0,0
233,09/10/2016 , 20:15:00,0,0
234,09/10/2016 , 20:30:00,0,0
235,09/10/2016 , 20:45:00,0,0
236,09/10/2016 , 21:00:00,0,0
237,09/10/2016 , 21:15:00,0,0
238,09/10/2016 , 21:30:00,0,0
239,09/10/2016 , 21:45:00,0,0
240,09/10/2016 , 22:00:00,0,0
241,09/10/2016 , 22:15:00,0,0
242,09/10/2016 , 22:30:00,0,0
243,09/10/2016 , 22:45:00,0,0
244,09/10/2016 , 23:00:00,0,0
245,09/10/2016 , 23:15:00,0,0
246,09/10/2016 , 23:30:00,0,0
247,09/10/2016 , 23:45:00,0,0
248,09/10/2016 , 24:00:00,0,0
249,10/10/2016 , 00:15:00,0,0
250,10/10/2016 , 00:30:00,0,0
251,10/10/2016 , 00:45:00,0,0
252,10/10/2016 , 01:00:00,0,0
253,10/10/2016 , 01:15:00,0,0
254,10/10/2016 , 01:30:00,0,0
255,10/10/2016 , 01:45:00,0,0
256,10/10/2016 , 02:00:00,0,0
257,10/10/2016 , 02:15:00,0,0
258,10/10/2016 , 02:30:00,0,0
259,10/10/2016 , 02:45:00,0,0
260,10/10/2016 , 03:00:00,0,0
261,10/10/2016 , 03:15:00,0,0
262,10/10/2016 , 03:30:00,0,0
263,10/10/2016 , 03:45:00,0,0
264,10/10/2016 , 04:00:00,0,0
265,10/10/2016 , 04:15:00,0,0
266,10/10/2016 , 04:30:00,0,0
267,10/10/2016 , 04:45:00,0,0
268,10/10/2016 , 05:00:00,0,0
269,10/10/2016 , 05:15:00,0,0
270,10/10/2016 , 05:30:00,0,0
271,10/10/2016 , 05:45:00,0,0
272,10/10/2016 , 06:00:00,0,0
273,10/10/2016 , 06:15:00,0,0
274,10/10/2016 , 06:30:00,13,2.4
275,10/10/2016 , 06:45:00,94,17.1
276,10/10/2016 , 07:00:00,364,66.4
277,10/10/2016 , 07:15:00,884,161.2
278,10/10/2016 , 07:30:00,1308,238.6
279,10/10/2016 , 07:45:00,2109,384.7
280,10/10/2016 , 08:00:00,2718,495.7
281,10/10/2016 , 08:15:00,2215,404
282,10/10/2016 , 08:30:00,2452,447.2
283,10/10/2016 , 08:45:00,1275,232.5
284,10/10/2016 , 09:00:00,2477,451.8
285,10/10/2016 , 09:15:00,4143,755.6
286,10/10/2016 , 09:30:00,9968,1818.1
287,10/10/2016 , 09:45:00,10252,1869.9
288,10/10/2016 , 10:00:00,6824,1244.6
289,10/10/2016 , 10:15:00,11634,2121.9
290,10/10/2016 , 10:30:00,13026,2375.8
291,10/10/2016 , 10:45:00,13012,2373.3
292,10/10/2016 , 11:00:00,4300,784.3
293,10/10/2016 , 11:15:00,11990,2186.9
294,10/10/2016 , 11:30:00,16216,2957.7
295,10/10/2016 , 11:45:00,5469,997.5
296,10/10/2016 , 12:00:00,5093,928.9
297,10/10/2016 , 12:15:00,7280,1327.8
298,10/10/2016 , 12:30:00,7371,1344.4
299,10/10/2016 , 12:45:00,9391,1712.8
300,10/10/2016 , 13:00:00,5691,1038
301,10/10/2016 , 13:15:00,6854,1250.1
302,10/10/2016 , 13:30:00,8641,1576
303,10/10/2016 , 13:45:00,6933,1264.5
304,10/10/2016 , 14:00:00,8891,1621.6
305,10/10/2016 , 14:15:00,6513,1187.9
306,10/10/2016 , 14:30:00,6318,1152.4
307,10/10/2016 , 14:45:00,3644,664.6
308,10/10/2016 , 15:00:00,3462,631.4
309,10/10/2016 , 15:15:00,3803,693.6
310,10/10/2016 , 15:30:00,3284,599
311,10/10/2016 , 15:45:00,2933,535
312,10/10/2016 , 16:00:00,2263,412.8
313,10/10/2016 , 16:15:00,1733,316.1
314,10/10/2016 , 16:30:00,1871,341.3
315,10/10/2016 , 16:45:00,1403,255.9
316,10/10/2016 , 17:00:00,1070,195.2
317,10/10/2016 , 17:15:00,816,148.8
318,10/10/2016 , 17:30:00,776,141.5
319,10/10/2016 , 17:45:00,429,78.2
320,10/10/2016 , 18:00:00,166,30.3
321,10/10/2016 , 18:15:00,77,14
322,10/10/2016 , 18:30:00,10,1.8
323,10/10/2016 , 18:45:00,1,0.2
324,10/10/2016 , 19:00:00,0,0
325,10/10/2016 , 19:15:00,0,0
326,10/10/2016 , 19:30:00,0,0
327,10/10/2016 , 19:45:00,0,0
328,10/10/2016 , 20:00:00,0,0
329,10/10/2016 , 20:15:00,0,0
330,10/10/2016 , 20:30:00,0,0
331,10/10/2016 , 20:45:00,0,0
332,10/10/2016 , 21:00:00,0,0
333,10/10/2016 , 21:15:00,0,0
334,10/10/2016 , 21:30:00,0,0
335,10/10/2016 , 21:45:00,0,0
336,10/10/2016 , 22:00:00,0,0
337,10/10/2016 , 22:15:00,0,0
338,10/10/2016 , 22:30:00,0,0
339,10/10/2016 , 22:45:00,0,0
340,10/10/2016 , 23:00:00,0,0
341,10/10/2016 , 23:15:00,0,0
342,10/10/2016 , 23:30:00,0,0
343,10/10/2016 , 23:45:00,0,0
344,10/10/2016 , 24:00:00,0,0
345,11/10/2016 , 00:15:00,0,0
346,11/10/2016 , 00:30:00,0,0
347,11/10/2016 , 00:45:00,0,0
348,11/10/2016 , 01:00:00,0,0
349,11/10/2016 , 01:15:00,0,0
350,11/10/2016 , 01:30:00,0,0
351,11/10/2016 , 01:45:00,0,0
352,11/10/2016 , 02:00:00,0,0
353,11/10/2016 , 02:15:00,0,0
354,11/10/2016 , 02:30:00,0,0
355,11/10/2016 , 02:45:00,0,0
356,11/10/2016 , 03:00:00,0,0
357,11/10/2016 , 03:15:00,0,0
358,11/10/2016 , 03:30:00,0,0
359,11/10/2016 , 03:45:00,0,0
360,11/10/2016 , 04:00:00,0,0
361,11/10/2016 , 04:15:00,0,0
362,11/10/2016 , 04:30:00,0,0
363,11/10/2016 , 04:45:00,0,0
364,11/10/2016 , 05:00:00,0,0
365,11/10/2016 , 05:15:00,0,0
366,11/10/2016 , 05:30:00,0,0
367,11/10/2016 , 05:45:00,0,0
368,11/10/2016 , 06:00:00,0,0
369,11/10/2016 , 06:15:00,0,0
370,11/10/2016 , 06:30:00,24,4.4
371,11/10/2016 , 06:45:00,167,30.5
372,11/10/2016 , 07:00:00,447,81.5
373,11/10/2016 , 07:15:00,690,125.9
374,11/10/2016 , 07:30:00,1313,239.5
375,11/10/2016 , 07:45:00,1689,308.1
376,11/10/2016 , 08:00:00,1863,339.8
377,11/10/2016 , 08:15:00,3383,617
378,11/10/2016 , 08:30:00,3718,678.1
379,11/10/2016 , 08:45:00,8496,1549.6
380,11/10/2016 , 09:00:00,8384,1529.2
381,11/10/2016 , 09:15:00,8603,1569.1
382,11/10/2016 , 09:30:00,7823,1426.9
383,11/10/2016 , 09:45:00,9997,1823.4
384,11/10/2016 , 10:00:00,7763,1415.9
385,11/10/2016 , 10:15:00,10230,1865.9
386,11/10/2016 , 10:30:00,13834,2523.2
387,11/10/2016 , 10:45:00,7698,1404.1
388,11/10/2016 , 11:00:00,4434,808.7
389,11/10/2016 , 11:15:00,14478,2640.7
390,11/10/2016 , 11:30:00,14006,2554.6
391,11/10/2016 , 11:45:00,5326,971.4
392,11/10/2016 , 12:00:00,7288,1329.3
393,11/10/2016 , 12:15:00,11683,2130.9
394,11/10/2016 , 12:30:00,10739,1958.7
395,11/10/2016 , 12:45:00,8281,1510.4
396,11/10/2016 , 13:00:00,8288,1511.7
397,11/10/2016 , 13:15:00,6295,1148.2
398,11/10/2016 , 13:30:00,4724,861.6
399,11/10/2016 , 13:45:00,4827,880.4
400,11/10/2016 , 14:00:00,4753,866.9
401,11/10/2016 , 14:15:00,5616,1024.3
402,11/10/2016 , 14:30:00,6691,1220.4
403,11/10/2016 , 14:45:00,4373,797.6
404,11/10/2016 , 15:00:00,5125,934.8
405,11/10/2016 , 15:15:00,4920,897.4
406,11/10/2016 , 15:30:00,4299,784.1
407,11/10/2016 , 15:45:00,3278,597.9
408,11/10/2016 , 16:00:00,3191,582
409,11/10/2016 , 16:15:00,3595,655.7
410,11/10/2016 , 16:30:00,2238,408.2
411,11/10/2016 , 16:45:00,1596,291.1
412,11/10/2016 , 17:00:00,1576,287.4
413,11/10/2016 , 17:15:00,1476,269.2
414,11/10/2016 , 17:30:00,928,169.3
415,11/10/2016 , 17:45:00,613,111.8
416,11/10/2016 , 18:00:00,372,67.8
417,11/10/2016 , 18:15:00,155,28.3
418,11/10/2016 , 18:30:00,29,5.3
419,11/10/2016 , 18:45:00,0,0
420,11/10/2016 , 19:00:00,0,0
421,11/10/2016 , 19:15:00,0,0
422,11/10/2016 , 19:30:00,0,0
423,11/10/2016 , 19:45:00,0,0
424,11/10/2016 , 20:00:00,0,0
425,11/10/2016 , 20:15:00,0,0
426,11/10/2016 , 20:30:00,0,0
427,11/10/2016 , 20:45:00,0,0
428,11/10/2016 , 21:00:00,0,0
429,11/10/2016 , 21:15:00,0,0
430,11/10/2016 , 21:30:00,0,0
431,11/10/2016 , 21:45:00,0,0
432,11/10/2016 , 22:00:00,0,0
433,11/10/2016 , 22:15:00,0,0
434,11/10/2016 , 22:30:00,0,0
435,11/10/2016 , 22:45:00,0,0
436,11/10/2016 , 23:00:00,0,0
437,11/10/2016 , 23:15:00,0,0
438,11/10/2016 , 23:30:00,0,0
439,11/10/2016 , 23:45:00,0,0
440,11/10/2016 , 24:00:00,0,0
441,12/10/2016 , 00:15:00,0,0
442,12/10/2016 , 00:30:00,0,0
443,12/10/2016 , 00:45:00,0,0
444,12/10/2016 , 01:00:00,0,0
445,12/10/2016 , 01:15:00,0,0
446,12/10/2016 , 01:30:00,0,0
447,12/10/2016 , 01:45:00,0,0
448,12/10/2016 , 02:00:00,0,0
449,12/10/2016 , 02:15:00,0,0
450,12/10/2016 , 02:30:00,0,0
451,12/10/2016 , 02:45:00,0,0
452,12/10/2016 , 03:00:00,0,0
453,12/10/2016 , 03:15:00,0,0
454,12/10/2016 , 03:30:00,0,0
455,12/10/2016 , 03:45:00,0,0
456,12/10/2016 , 04:00:00,0,0
457,12/10/2016 , 04:15:00,0,0
458,12/10/2016 , 04:30:00,0,0
459,12/10/2016 , 04:45:00,0,0
460,12/10/2016 , 05:00:00,0,0
461,12/10/2016 , 05:15:00,0,0
462,12/10/2016 , 05:30:00,0,0
463,12/10/2016 , 05:45:00,0,0
464,12/10/2016 , 06:00:00,0,0
465,12/10/2016 , 06:15:00,0,0
466,12/10/2016 , 06:30:00,45,8.2
467,12/10/2016 , 06:45:00,391,71.3
468,12/10/2016 , 07:00:00,1265,230.7
469,12/10/2016 , 07:15:00,2018,368.1
470,12/10/2016 , 07:30:00,3227,588.6
471,12/10/2016 , 07:45:00,4633,845
472,12/10/2016 , 08:00:00,6194,1129.7
473,12/10/2016 , 08:15:00,7902,1441.3
474,12/10/2016 , 08:30:00,9560,1743.7
475,12/10/2016 , 08:45:00,11197,2042.2
476,12/10/2016 , 09:00:00,12659,2308.9
477,12/10/2016 , 09:15:00,14255,2600
478,12/10/2016 , 09:30:00,16273,2968.1
479,12/10/2016 , 09:45:00,12116,2209.9
480,12/10/2016 , 10:00:00,19464,3550.1
481,12/10/2016 , 10:15:00,20594,3756.2
482,12/10/2016 , 10:30:00,21208,3868.2
483,12/10/2016 , 10:45:00,22414,4088.1
484,12/10/2016 , 11:00:00,23759,4333.4
485,12/10/2016 , 11:15:00,25123,4582.2
486,12/10/2016 , 11:30:00,22607,4123.3
487,12/10/2016 , 11:45:00,23681,4319.2
488,12/10/2016 , 12:00:00,25166,4590.1
489,12/10/2016 , 12:15:00,28418,5183.2
490,12/10/2016 , 12:30:00,17186,3134.6
491,12/10/2016 , 12:45:00,15797,2881.2
492,12/10/2016 , 13:00:00,12684,2313.5
493,12/10/2016 , 13:15:00,15483,2824
494,12/10/2016 , 13:30:00,13450,2453.2
495,12/10/2016 , 13:45:00,11524,2101.9
496,12/10/2016 , 14:00:00,10450,1906
497,12/10/2016 , 14:15:00,14224,2594.3
498,12/10/2016 , 14:30:00,15849,2890.7
499,12/10/2016 , 14:45:00,18519,3377.7
500,12/10/2016 , 15:00:00,15461,2820
501,12/10/2016 , 15:15:00,14140,2579
502,12/10/2016 , 15:30:00,12103,2207.5
503,12/10/2016 , 15:45:00,9868,1799.8
504,12/10/2016 , 16:00:00,5669,1034
505,12/10/2016 , 16:15:00,5331,972.3
506,12/10/2016 , 16:30:00,3694,673.8
507,12/10/2016 , 16:45:00,2960,539.9
508,12/10/2016 , 17:00:00,3008,548.6
509,12/10/2016 , 17:15:00,2880,525.3
510,12/10/2016 , 17:30:00,1619,295.3
511,12/10/2016 , 17:45:00,746,136.1
512,12/10/2016 , 18:00:00,345,62.9
513,12/10/2016 , 18:15:00,166,30.3
514,12/10/2016 , 18:30:00,24,4.4
515,12/10/2016 , 18:45:00,0,0
516,12/10/2016 , 19:00:00,0,0
517,12/10/2016 , 19:15:00,0,0
518,12/10/2016 , 19:30:00,0,0
519,12/10/2016 , 19:45:00,0,0
520,12/10/2016 , 20:00:00,0,0
521,12/10/2016 , 20:15:00,0,0
522,12/10/2016 , 20:30:00,0,0
523,12/10/2016 , 20:45:00,0,0
524,12/10/2016 , 21:00:00,0,0
525,12/10/2016 , 21:15:00,0,0
526,12/10/2016 , 21:30:00,0,0
527,12/10/2016 , 21:45:00,0,0
528,12/10/2016 , 22:00:00,0,0
529,12/10/2016 , 22:15:00,0,0
530,12/10/2016 , 22:30:00,0,0
531,12/10/2016 , 22:45:00,0,0
532,12/10/2016 , 23:00:00,0,0
533,12/10/2016 , 23:15:00,0,0
534,12/10/2016 , 23:30:00,0,0
535,12/10/2016 , 23:45:00,0,0
536,12/10/2016 , 24:00:00,0,0
537,13/10/2016 , 00:15:00,0,0
538,13/10/2016 , 00:30:00,0,0
539,13/10/2016 , 00:45:00,0,0
540,13/10/2016 , 01:00:00,0,0
541,13/10/2016 , 01:15:00,0,0
542,13/10/2016 , 01:30:00,0,0
543,13/10/2016 , 01:45:00,0,0
544,13/10/2016 , 02:00:00,0,0
545,13/10/2016 , 02:15:00,0,0
546,13/10/2016 , 02:30:00,0,0
547,13/10/2016 , 02:45:00,0,0
548,13/10/2016 , 03:00:00,0,0
549,13/10/2016 , 03:15:00,0,0
550,13/10/2016 , 03:30:00,0,0
551,13/10/2016 , 03:45:00,0,0
552,13/10/2016 , 04:00:00,0,0
553,13/10/2016 , 04:15:00,0,0
554,13/10/2016 , 04:30:00,0,0
555,13/10/2016 , 04:45:00,0,0
556,13/10/2016 , 05:00:00,0,0
557,13/10/2016 , 05:15:00,0,0
558,13/10/2016 , 05:30:00,0,0
559,13/10/2016 , 05:45:00,0,0
560,13/10/2016 , 06:00:00,0,0
561,13/10/2016 , 06:15:00,0,0
562,13/10/2016 , 06:30:00,31,5.7
563,13/10/2016 , 06:45:00,147,26.8
564,13/10/2016 , 07:00:00,457,83.4
565,13/10/2016 , 07:15:00,1027,187.3
566,13/10/2016 , 07:30:00,1909,348.2
567,13/10/2016 , 07:45:00,3003,547.7
568,13/10/2016 , 08:00:00,5618,1024.7
569,13/10/2016 , 08:15:00,6999,1276.6
570,13/10/2016 , 08:30:00,7994,1458
571,13/10/2016 , 08:45:00,9447,1723.1
572,13/10/2016 , 09:00:00,10780,1966.2
573,13/10/2016 , 09:15:00,12172,2220.1
574,13/10/2016 , 09:30:00,13396,2443.3
575,13/10/2016 , 09:45:00,15125,2758.7
576,13/10/2016 , 10:00:00,13150,2398.5
577,13/10/2016 , 10:15:00,10426,1901.6
578,13/10/2016 , 10:30:00,12659,2308.9
579,13/10/2016 , 10:45:00,13118,2392.6
580,13/10/2016 , 11:00:00,16186,2952.2
581,13/10/2016 , 11:15:00,18935,3453.6
582,13/10/2016 , 11:30:00,20043,3655.7
583,13/10/2016 , 11:45:00,19924,3634
584,13/10/2016 , 12:00:00,17646,3218.5
585,13/10/2016 , 12:15:00,19512,3558.8
586,13/10/2016 , 12:30:00,19853,3621
587,13/10/2016 , 12:45:00,19595,3574
588,13/10/2016 , 13:00:00,18956,3457.4
589,13/10/2016 , 13:15:00,18693,3409.4
590,13/10/2016 , 13:30:00,18876,3442.8
591,13/10/2016 , 13:45:00,18796,3428.2
592,13/10/2016 , 14:00:00,15610,2847.1
593,13/10/2016 , 14:15:00,16864,3075.9
594,13/10/2016 , 14:30:00,15717,2866.7
595,13/10/2016 , 14:45:00,15172,2767.2
596,13/10/2016 , 15:00:00,13725,2503.3
597,13/10/2016 , 15:15:00,13023,2375.3
598,13/10/2016 , 15:30:00,11986,2186.1
599,13/10/2016 , 15:45:00,10855,1979.9
600,13/10/2016 , 16:00:00,9664,1762.6
601,13/10/2016 , 16:15:00,7391,1348.1
602,13/10/2016 , 16:30:00,3211,585.7
603,13/10/2016 , 16:45:00,2322,423.5
604,13/10/2016 , 17:00:00,1468,267.8
605,13/10/2016 , 17:15:00,1386,252.8
606,13/10/2016 , 17:30:00,1191,217.2
607,13/10/2016 , 17:45:00,689,125.7
608,13/10/2016 , 18:00:00,373,68
609,13/10/2016 , 18:15:00,171,31.2
610,13/10/2016 , 18:30:00,23,4.2
611,13/10/2016 , 18:45:00,0,0
612,13/10/2016 , 19:00:00,0,0
613,13/10/2016 , 19:15:00,0,0
614,13/10/2016 , 19:30:00,0,0
615,13/10/2016 , 19:45:00,0,0
616,13/10/2016 , 20:00:00,0,0
617,13/10/2016 , 20:15:00,0,0
618,13/10/2016 , 20:30:00,0,0
619,13/10/2016 , 20:45:00,0,0
620,13/10/2016 , 21:00:00,0,0
621,13/10/2016 , 21:15:00,0,0
622,13/10/2016 , 21:30:00,0,0
623,13/10/2016 , 21:45:00,0,0
624,13/10/2016 , 22:00:00,0,0
625,13/10/2016 , 22:15:00,0,0
626,13/10/2016 , 22:30:00,0,0
627,13/10/2016 , 22:45:00,0,0
628,13/10/2016 , 23:00:00,0,0
629,13/10/2016 , 23:15:00,0,0
630,13/10/2016 , 23:30:00,0,0
631,13/10/2016 , 23:45:00,0,0
632,13/10/2016 , 24:00:00,0,0
633,14/10/2016 , 00:15:00,0,0
634,14/10/2016 , 00:30:00,0,0
635,14/10/2016 , 00:45:00,0,0
636,14/10/2016 , 01:00:00,0,0
637,14/10/2016 , 01:15:00,0,0
638,14/10/2016 , 01:30:00,0,0
639,14/10/2016 , 01:45:00,0,0
640,14/10/2016 , 02:00:00,0,0
641,14/10/2016 , 02:15:00,0,0
642,14/10/2016 , 02:30:00,0,0
643,14/10/2016 , 02:45:00,0,0
644,14/10/2016 , 03:00:00,0,0
645,14/10/2016 , 03:15:00,0,0
646,14/10/2016 , 03:30:00,0,0
647,14/10/2016 , 03:45:00,0,0
648,14/10/2016 , 04:00:00,0,0
649,14/10/2016 , 04:15:00,0,0
650,14/10/2016 , 04:30:00,0,0
651,14/10/2016 , 04:45:00,0,0
652,14/10/2016 , 05:00:00,0,0
653,14/10/2016 , 05:15:00,0,0
654,14/10/2016 , 05:30:00,0,0
655,14/10/2016 , 05:45:00,0,0
656,14/10/2016 , 06:00:00,0,0
657,14/10/2016 , 06:15:00,0,0
658,14/10/2016 , 06:30:00,23,4.2
659,14/10/2016 , 06:45:00,189,34.5
660,14/10/2016 , 07:00:00,774,141.2
661,14/10/2016 , 07:15:00,1382,252.1
662,14/10/2016 , 07:30:00,2008,366.2
663,14/10/2016 , 07:45:00,2635,480.6
664,14/10/2016 , 08:00:00,3312,604.1
665,14/10/2016 , 08:15:00,6177,1126.6
666,14/10/2016 , 08:30:00,4109,749.4
667,14/10/2016 , 08:45:00,5524,1007.5
668,14/10/2016 , 09:00:00,5307,968
669,14/10/2016 , 09:15:00,6748,1230.8
670,14/10/2016 , 09:30:00,10381,1893.4
671,14/10/2016 , 09:45:00,10962,1999.4
672,14/10/2016 , 10:00:00,13307,2427.1
673,14/10/2016 , 10:15:00,14580,2659.3
674,14/10/2016 , 10:30:00,13998,2553.1
675,14/10/2016 , 10:45:00,12266,2237.2
676,14/10/2016 , 11:00:00,8057,1469.5
677,14/10/2016 , 11:15:00,8331,1519.5
678,14/10/2016 , 11:30:00,8356,1524.1
679,14/10/2016 , 11:45:00,6938,1265.4
680,14/10/2016 , 12:00:00,5185,945.7
681,14/10/2016 , 12:15:00,2744,500.5
682,14/10/2016 , 12:30:00,5127,935.1
683,14/10/2016 , 12:45:00,5334,972.9
684,14/10/2016 , 13:00:00,4182,762.8
685,14/10/2016 , 13:15:00,3602,657
686,14/10/2016 , 13:30:00,3722,678.9
687,14/10/2016 , 13:45:00,3106,566.5
688,14/10/2016 , 14:00:00,4736,863.8
689,14/10/2016 , 14:15:00,4612,841.2
690,14/10/2016 , 14:30:00,6616,1206.7
691,14/10/2016 , 14:45:00,9997,1823.4
692,14/10/2016 , 15:00:00,10640,1940.6
693,14/10/2016 , 15:15:00,5797,1057.3
694,14/10/2016 , 15:30:00,4189,764
695,14/10/2016 , 15:45:00,4083,744.7
696,14/10/2016 , 16:00:00,6555,1195.6
697,14/10/2016 , 16:15:00,5196,947.7
698,14/10/2016 , 16:30:00,4678,853.2
699,14/10/2016 , 16:45:00,3455,630.2
700,14/10/2016 , 17:00:00,3329,607.2
701,14/10/2016 , 17:15:00,2199,401.1
702,14/10/2016 , 17:30:00,1439,262.5
703,14/10/2016 , 17:45:00,1125,205.2
704,14/10/2016 , 18:00:00,571,104.1
705,14/10/2016 , 18:15:00,197,35.9
706,14/10/2016 , 18:30:00,26,4.7
707,14/10/2016 , 18:45:00,0,0
708,14/10/2016 , 19:00:00,0,0
709,14/10/2016 , 19:15:00,0,0
710,14/10/2016 , 19:30:00,0,0
711,14/10/2016 , 19:45:00,0,0
712,14/10/2016 , 20:00:00,0,0
713,14/10/2016 , 20:15:00,0,0
714,14/10/2016 , 20:30:00,0,0
715,14/10/2016 , 20:45:00,0,0
716,14/10/2016 , 21:00:00,0,0
717,14/10/2016 , 21:15:00,0,0
718,14/10/2016 , 21:30:00,0,0
719,14/10/2016 , 21:45:00,0,0
720,14/10/2016 , 22:00:00,0,0
721,14/10/2016 , 22:15:00,0,0
722,14/10/2016 , 22:30:00,0,0
723,14/10/2016 , 22:45:00,0,0
724,14/10/2016 , 23:00:00,0,0
725,14/10/2016 , 23:15:00,0,0
726,14/10/2016 , 23:30:00,0,0
727,14/10/2016 , 23:45:00,0,0
728,14/10/2016 , 24:00:00,0,0
729,15/10/2016 , 00:15:00,0,0
730,15/10/2016 , 00:30:00,0,0
731,15/10/2016 , 00:45:00,0,0
732,15/10/2016 , 01:00:00,0,0
733,15/10/2016 , 01:15:00,0,0
734,15/10/2016 , 01:30:00,0,0
735,15/10/2016 , 01:45:00,0,0
736,15/10/2016 , 02:00:00,0,0
737,15/10/2016 , 02:15:00,0,0
738,15/10/2016 , 02:30:00,0,0
739,15/10/2016 , 02:45:00,0,0
740,15/10/2016 , 03:00:00,0,0
741,15/10/2016 , 03:15:00,0,0
742,15/10/2016 , 03:30:00,0,0
743,15/10/2016 , 03:45:00,0,0
744,15/10/2016 , 04:00:00,0,0
745,15/10/2016 , 04:15:00,0,0
746,15/10/2016 , 04:30:00,0,0
747,15/10/2016 , 04:45:00,0,0
748,15/10/2016 , 05:00:00,0,0
749,15/10/2016 , 05:15:00,0,0
750,15/10/2016 , 05:30:00,0,0
751,15/10/2016 , 05:45:00,0,0
752,15/10/2016 , 06:00:00,0,0
753,15/10/2016 , 06:15:00,0,0
754,15/10/2016 , 06:30:00,28,5.1
755,15/10/2016 , 06:45:00,203,37
756,15/10/2016 , 07:00:00,360,65.7
757,15/10/2016 , 07:15:00,760,138.6
758,15/10/2016 , 07:30:00,1074,195.9
759,15/10/2016 , 07:45:00,1736,316.6
760,15/10/2016 , 08:00:00,3079,561.6
761,15/10/2016 , 08:15:00,3956,721.5
762,15/10/2016 , 08:30:00,3747,683.4
763,15/10/2016 , 08:45:00,4886,891.2
764,15/10/2016 , 09:00:00,8585,1565.8
765,15/10/2016 , 09:15:00,8230,1501.1
766,15/10/2016 , 09:30:00,10080,1838.5
767,15/10/2016 , 09:45:00,13941,2542.7
768,15/10/2016 , 10:00:00,14962,2728.9
769,15/10/2016 , 10:15:00,20174,3679.6
770,15/10/2016 , 10:30:00,22115,4033.6
771,15/10/2016 , 10:45:00,22596,4121.3
772,15/10/2016 , 11:00:00,23071,4208
773,15/10/2016 , 11:15:00,23793,4339.6
774,15/10/2016 , 11:30:00,24235,4420.3
775,15/10/2016 , 11:45:00,24599,4486.7
776,15/10/2016 , 12:00:00,24588,4484.6
777,15/10/2016 , 12:15:00,24536,4475.2
778,15/10/2016 , 12:30:00,24185,4411.1
779,15/10/2016 , 12:45:00,23923,4363.4
780,15/10/2016 , 13:00:00,23493,4284.9
781,15/10/2016 , 13:15:00,21127,3853.4
782,15/10/2016 , 13:30:00,22316,4070.3
783,15/10/2016 , 13:45:00,19163,3495.2
784,15/10/2016 , 14:00:00,20268,3696.7
785,15/10/2016 , 14:15:00,19015,3468.2
786,15/10/2016 , 14:30:00,18024,3287.4
787,15/10/2016 , 14:45:00,16526,3014.2
788,15/10/2016 , 15:00:00,15306,2791.7
789,15/10/2016 , 15:15:00,14124,2576.1
790,15/10/2016 , 15:30:00,12268,2237.6
791,15/10/2016 , 15:45:00,8835,1611.4
792,15/10/2016 , 16:00:00,10004,1824.6
793,15/10/2016 , 16:15:00,7582,1382.9
794,15/10/2016 , 16:30:00,5226,953.2
795,15/10/2016 , 16:45:00,5774,1053.1
796,15/10/2016 , 17:00:00,3206,584.7
797,15/10/2016 , 17:15:00,1167,212.9
798,15/10/2016 , 17:30:00,839,153
799,15/10/2016 , 17:45:00,633,115.5
800,15/10/2016 , 18:00:00,411,75
801,15/10/2016 , 18:15:00,166,30.3
802,15/10/2016 , 18:30:00,20,3.6
803,15/10/2016 , 18:45:00,0,0
804,15/10/2016 , 19:00:00,0,0
805,15/10/2016 , 19:15:00,0,0
806,15/10/2016 , 19:30:00,0,0
807,15/10/2016 , 19:45:00,0,0
808,15/10/2016 , 20:00:00,0,0
809,15/10/2016 , 20:15:00,0,0
810,15/10/2016 , 20:30:00,0,0
811,15/10/2016 , 20:45:00,0,0
812,15/10/2016 , 21:00:00,0,0
813,15/10/2016 , 21:15:00,0,0
814,15/10/2016 , 21:30:00,0,0
815,15/10/2016 , 21:45:00,0,0
816,15/10/2016 , 22:00:00,0,0
817,15/10/2016 , 22:15:00,0,0
818,15/10/2016 , 22:30:00,0,0
819,15/10/2016 , 22:45:00,0,0
820,15/10/2016 , 23:00:00,0,0
821,15/10/2016 , 23:15:00,0,0
822,15/10/2016 , 23:30:00,0,0
823,15/10/2016 , 23:45:00,0,0
824,15/10/2016 , 24:00:00,0,0
825,16/10/2016 , 00:15:00,0,0
826,16/10/2016 , 00:30:00,0,0
827,16/10/2016 , 00:45:00,0,0
828,16/10/2016 , 01:00:00,0,0
829,16/10/2016 , 01:15:00,0,0
830,16/10/2016 , 01:30:00,0,0
831,16/10/2016 , 01:45:00,0,0
832,16/10/2016 , 02:00:00,0,0
833,16/10/2016 , 02:15:00,0,0
834,16/10/2016 , 02:30:00,0,0
835,16/10/2016 , 02:45:00,0,0
836,16/10/2016 , 03:00:00,0,0
837,16/10/2016 , 03:15:00,0,0
838,16/10/2016 , 03:30:00,0,0
839,16/10/2016 , 03:45:00,0,0
840,16/10/2016 , 04:00:00,0,0
841,16/10/2016 , 04:15:00,0,0
842,16/10/2016 , 04:30:00,0,0
843,16/10/2016 , 04:45:00,0,0
844,16/10/2016 , 05:00:00,0,0
845,16/10/2016 , 05:15:00,0,0
846,16/10/2016 , 05:30:00,0,0
847,16/10/2016 , 05:45:00,0,0
848,16/10/2016 , 06:00:00,0,0
849,16/10/2016 , 06:15:00,0,0
850,16/10/2016 , 06:30:00,24,4.4
851,16/10/2016 , 06:45:00,180,32.8
852,16/10/2016 , 07:00:00,747,136.2
853,16/10/2016 , 07:15:00,1401,255.5
854,16/10/2016 , 07:30:00,2366,431.5
855,16/10/2016 , 07:45:00,2565,467.8
856,16/10/2016 , 08:00:00,3915,714.1
857,16/10/2016 , 08:15:00,5666,1033.4
858,16/10/2016 , 08:30:00,7460,1360.6
859,16/10/2016 , 08:45:00,7955,1450.9
860,16/10/2016 , 09:00:00,9041,1649
861,16/10/2016 , 09:15:00,10148,1850.9
862,16/10/2016 , 09:30:00,13062,2382.4
863,16/10/2016 , 09:45:00,16137,2943.3
864,16/10/2016 , 10:00:00,17016,3103.6
865,16/10/2016 , 10:15:00,18741,3418.2
866,16/10/2016 , 10:30:00,19919,3633.1
867,16/10/2016 , 10:45:00,21668,3952.1
868,16/10/2016 , 11:00:00,22747,4148.9
869,16/10/2016 , 11:15:00,20382,3717.5
870,16/10/2016 , 11:30:00,13350,2434.9
871,16/10/2016 , 11:45:00,7321,1335.3
872,16/10/2016 , 12:00:00,7928,1446
873,16/10/2016 , 12:15:00,10683,1948.5
874,16/10/2016 , 12:30:00,12318,2246.7
875,16/10/2016 , 12:45:00,13076,2385
876,16/10/2016 , 13:00:00,13160,2400.3
877,16/10/2016 , 13:15:00,18026,3287.8
878,16/10/2016 , 13:30:00,17282,3152.1
879,16/10/2016 , 13:45:00,8459,1542.9
880,16/10/2016 , 14:00:00,18594,3391.4
881,16/10/2016 , 14:15:00,12824,2339
882,16/10/2016 , 14:30:00,7125,1299.5
883,16/10/2016 , 14:45:00,4456,812.7
884,16/10/2016 , 15:00:00,10737,1958.3
885,16/10/2016 , 15:15:00,7826,1427.4
886,16/10/2016 , 15:30:00,7892,1439.4
887,16/10/2016 , 15:45:00,5521,1007
888,16/10/2016 , 16:00:00,4762,868.5
889,16/10/2016 , 16:15:00,3266,595.7
890,16/10/2016 , 16:30:00,2058,375.4
891,16/10/2016 , 16:45:00,1658,302.4
892,16/10/2016 , 17:00:00,1020,186
893,16/10/2016 , 17:15:00,786,143.4
894,16/10/2016 , 17:30:00,1056,192.6
895,16/10/2016 , 17:45:00,697,127.1
896,16/10/2016 , 18:00:00,233,42.5
897,16/10/2016 , 18:15:00,91,16.6
898,16/10/2016 , 18:30:00,7,1.3
899,16/10/2016 , 18:45:00,0,0
900,16/10/2016 , 19:00:00,0,0
901,16/10/2016 , 19:15:00,0,0
902,16/10/2016 , 19:30:00,0,0
903,16/10/2016 , 19:45:00,0,0
904,16/10/2016 , 20:00:00,0,0
905,16/10/2016 , 20:15:00,0,0
906,16/10/2016 , 20:30:00,0,0
907,16/10/2016 , 20:45:00,0,0
908,16/10/2016 , 21:00:00,0,0
909,16/10/2016 , 21:15:00,0,0
910,16/10/2016 , 21:30:00,0,0
911,16/10/2016 , 21:45:00,0,0
912,16/10/2016 , 22:00:00,0,0
913,16/10/2016 , 22:15:00,0,0
914,16/10/2016 , 22:30:00,0,0
915,16/10/2016 , 22:45:00,0,0
916,16/10/2016 , 23:00:00,0,0
917,16/10/2016 , 23:15:00,0,0
918,16/10/2016 , 23:30:00,0,0
919,16/10/2016 , 23:45:00,0,0
920,16/10/2016 , 24:00:00,0,0
921,17/10/2016 , 00:15:00,0,0
922,17/10/2016 , 00:30:00,0,0
923,17/10/2016 , 00:45:00,0,0
924,17/10/2016 , 01:00:00,0,0
925,17/10/2016 , 01:15:00,0,0
926,17/10/2016 , 01:30:00,0,0
927,17/10/2016 , 01:45:00,0,0
928,17/10/2016 , 02:00:00,0,0
929,17/10/2016 , 02:15:00,0,0
930,17/10/2016 , 02:30:00,0,0
931,17/10/2016 , 02:45:00,0,0
932,17/10/2016 , 03:00:00,0,0
933,17/10/2016 , 03:15:00,0,0
934,17/10/2016 , 03:30:00,0,0
935,17/10/2016 , 03:45:00,0,0
936,17/10/2016 , 04:00:00,0,0
937,17/10/2016 , 04:15:00,0,0
938,17/10/2016 , 04:30:00,0,0
939,17/10/2016 , 04:45:00,0,0
940,17/10/2016 , 05:00:00,0,0
941,17/10/2016 , 05:15:00,0,0
942,17/10/2016 , 05:30:00,0,0
943,17/10/2016 , 05:45:00,0,0
944,17/10/2016 , 06:00:00,0,0
945,17/10/2016 , 06:15:00,0,0
946,17/10/2016 , 06:30:00,9,1.6
947,17/10/2016 , 06:45:00,63,11.5
948,17/10/2016 , 07:00:00,243,44.3
949,17/10/2016 , 07:15:00,408,74.4
950,17/10/2016 , 07:30:00,705,128.6
951,17/10/2016 , 07:45:00,842,153.6
952,17/10/2016 , 08:00:00,1458,265.9
953,17/10/2016 , 08:15:00,2478,452
954,17/10/2016 , 08:30:00,3138,572.3
955,17/10/2016 , 08:45:00,3789,691.1
956,17/10/2016 , 09:00:00,2952,538.4
957,17/10/2016 , 09:15:00,3623,660.8
958,17/10/2016 , 09:30:00,5525,1007.7
959,17/10/2016 , 09:45:00,7000,1276.7
960,17/10/2016 , 10:00:00,5864,1069.5
961,17/10/2016 , 10:15:00,7675,1399.9
962,17/10/2016 , 10:30:00,9846,1795.8
963,17/10/2016 , 10:45:00,9935,1812.1
964,17/10/2016 , 11:00:00,8390,1530.3
965,17/10/2016 , 11:15:00,13044,2379.1
966,17/10/2016 , 11:30:00,12218,2228.5
967,17/10/2016 , 11:45:00,10840,1977.1
968,17/10/2016 , 12:00:00,14502,2645
969,17/10/2016 , 12:15:00,4355,794.3
970,17/10/2016 , 12:30:00,15354,2800.4
971,17/10/2016 , 12:45:00,17306,3156.5
972,17/10/2016 , 13:00:00,14082,2568.4
973,17/10/2016 , 13:15:00,16226,2959.5
974,17/10/2016 , 13:30:00,14094,2570.6
975,17/10/2016 , 13:45:00,14879,2713.8
976,17/10/2016 , 14:00:00,9659,1761.7
977,17/10/2016 , 14:15:00,13334,2432
978,17/10/2016 , 14:30:00,11305,2061.9
979,17/10/2016 , 14:45:00,8854,1614.9
980,17/10/2016 , 15:00:00,10439,1904
981,17/10/2016 , 15:15:00,9548,1741.5
982,17/10/2016 , 15:30:00,7150,1304.1
983,17/10/2016 , 15:45:00,4301,784.5
984,17/10/2016 , 16:00:00,4875,889.2
985,17/10/2016 , 16:15:00,2877,524.7
986,17/10/2016 , 16:30:00,2797,510.1
987,17/10/2016 , 16:45:00,2915,531.7
988,17/10/2016 , 17:00:00,2720,496.1
989,17/10/2016 , 17:15:00,1962,357.9
990,17/10/2016 , 17:30:00,668,121.8
991,17/10/2016 , 17:45:00,469,85.5
992,17/10/2016 , 18:00:00,258,47.1
993,17/10/2016 , 18:15:00,96,17.5
994,17/10/2016 , 18:30:00,6,1.1
995,17/10/2016 , 18:45:00,0,0
996,17/10/2016 , 19:00:00,0,0
997,17/10/2016 , 19:15:00,0,0
998,17/10/2016 , 19:30:00,0,0
999,17/10/2016 , 19:45:00,0,0
1000,17/10/2016 , 20:00:00,0,0
1001,17/10/2016 , 20:15:00,0,0
1002,17/10/2016 , 20:30:00,0,0
1003,17/10/2016 , 20:45:00,0,0
1004,17/10/2016 , 21:00:00,0,0
1005,17/10/2016 , 21:15:00,0,0
1006,17/10/2016 , 21:30:00,0,0
1007,17/10/2016 , 21:45:00,0,0
1008,17/10/2016 , 22:00:00,0,0
1009,17/10/2016 , 22:15:00,0,0
1010,17/10/2016 , 22:30:00,0,0
1011,17/10/2016 , 22:45:00,0,0
1012,17/10/2016 , 23:00:00,0,0
1013,17/10/2016 , 23:15:00,0,0
1014,17/10/2016 , 23:30:00,0,0
1015,17/10/2016 , 23:45:00,0,0
1016,17/10/2016 , 24:00:00,0,0
1017,18/10/2016 , 00:15:00,0,0
1018,18/10/2016 , 00:30:00,0,0
1019,18/10/2016 , 00:45:00,0,0
1020,18/10/2016 , 01:00:00,0,0
1021,18/10/2016 , 01:15:00,0,0
1022,18/10/2016 , 01:30:00,0,0
1023,18/10/2016 , 01:45:00,0,0
1024,18/10/2016 , 02:00:00,0,0
1025,18/10/2016 , 02:15:00,0,0
1026,18/10/2016 , 02:30:00,0,0
1027,18/10/2016 , 02:45:00,0,0
1028,18/10/2016 , 03:00:00,0,0
1029,18/10/2016 , 03:15:00,0,0
1030,18/10/2016 , 03:30:00,0,0
1031,18/10/2016 , 03:45:00,0,0
1032,18/10/2016 , 04:00:00,0,0
1033,18/10/2016 , 04:15:00,0,0
1034,18/10/2016 , 04:30:00,0,0
1035,18/10/2016 , 04:45:00,0,0
1036,18/10/2016 , 05:00:00,0,0
1037,18/10/2016 , 05:15:00,0,0
1038,18/10/2016 , 05:30:00,0,0
1039,18/10/2016 , 05:45:00,0,0
1040,18/10/2016 , 06:00:00,0,0
1041,18/10/2016 , 06:15:00,0,0
1042,18/10/2016 , 06:30:00,7,1.3
1043,18/10/2016 , 06:45:00,63,11.5
1044,18/10/2016 , 07:00:00,188,34.3
1045,18/10/2016 , 07:15:00,531,96.9
1046,18/10/2016 , 07:30:00,747,136.2
1047,18/10/2016 , 07:45:00,1104,201.4
1048,18/10/2016 , 08:00:00,1318,240.4
1049,18/10/2016 , 08:15:00,2722,496.5
1050,18/10/2016 , 08:30:00,3626,661.4
1051,18/10/2016 , 08:45:00,5645,1029.6
1052,18/10/2016 , 09:00:00,6796,1239.5
1053,18/10/2016 , 09:15:00,5720,1043.3
1054,18/10/2016 , 09:30:00,7064,1288.4
1055,18/10/2016 , 09:45:00,10020,1827.6
1056,18/10/2016 , 10:00:00,8180,1492
1057,18/10/2016 , 10:15:00,7919,1444.4
1058,18/10/2016 , 10:30:00,11152,2034
1059,18/10/2016 , 10:45:00,6013,1096.7
1060,18/10/2016 , 11:00:00,3879,707.5
1061,18/10/2016 , 11:15:00,12765,2328.2
1062,18/10/2016 , 11:30:00,13311,2427.8
1063,18/10/2016 , 11:45:00,13894,2534.2
1064,18/10/2016 , 12:00:00,15062,2747.2
1065,18/10/2016 , 12:15:00,15066,2747.9
1066,18/10/2016 , 12:30:00,14388,2624.3
1067,18/10/2016 , 12:45:00,10603,1933.9
1068,18/10/2016 , 13:00:00,12174,2220.4
1069,18/10/2016 , 13:15:00,9579,1747.1
1070,18/10/2016 , 13:30:00,11078,2020.5
1071,18/10/2016 , 13:45:00,9945,1813.9
1072,18/10/2016 , 14:00:00,8002,1459.5
1073,18/10/2016 , 14:15:00,8809,1606.7
1074,18/10/2016 , 14:30:00,7687,1402
1075,18/10/2016 , 14:45:00,7241,1320.7
1076,18/10/2016 , 15:00:00,7661,1397.3
1077,18/10/2016 , 15:15:00,5761,1050.8
1078,18/10/2016 , 15:30:00,5358,977.3
1079,18/10/2016 , 15:45:00,4891,892.1
1080,18/10/2016 , 16:00:00,4481,817.3
1081,18/10/2016 , 16:15:00,3412,622.3
1082,18/10/2016 , 16:30:00,2094,381.9
1083,18/10/2016 , 16:45:00,2138,390
1084,18/10/2016 , 17:00:00,1876,342.2
1085,18/10/2016 , 17:15:00,623,113.6
1086,18/10/2016 , 17:30:00,506,92.3
1087,18/10/2016 , 17:45:00,546,99.6
1088,18/10/2016 , 18:00:00,183,33.4
1089,18/10/2016 , 18:15:00,66,12
1090,18/10/2016 , 18:30:00,6,1.1
1091,18/10/2016 , 18:45:00,0,0
1092,18/10/2016 , 19:00:00,0,0
1093,18/10/2016 , 19:15:00,0,0
1094,18/10/2016 , 19:30:00,0,0
1095,18/10/2016 , 19:45:00,0,0
1096,18/10/2016 , 20:00:00,0,0
1097,18/10/2016 , 20:15:00,0,0
1098,18/10/2016 , 20:30:00,0,0
1099,18/10/2016 , 20:45:00,0,0
1100,18/10/2016 , 21:00:00,0,0
1101,18/10/2016 , 21:15:00,0,0
1102,18/10/2016 , 21:30:00,0,0
1103,18/10/2016 , 21:45:00,0,0
1104,18/10/2016 , 22:00:00,0,0
1105,18/10/2016 , 22:15:00,0,0
1106,18/10/2016 , 22:30:00,0,0
1107,18/10/2016 , 22:45:00,0,0
1108,18/10/2016 , 23:00:00,0,0
1109,18/10/2016 , 23:15:00,0,0
1110,18/10/2016 , 23:30:00,0,0
1111,18/10/2016 , 23:45:00,0,0
1112,18/10/2016 , 24:00:00,0,0
1113,19/10/2016 , 00:15:00,0,0
1114,19/10/2016 , 00:30:00,0,0
1115,19/10/2016 , 00:45:00,0,0
1116,19/10/2016 , 01:00:00,0,0
1117,19/10/2016 , 01:15:00,0,0
1118,19/10/2016 , 01:30:00,0,0
1119,19/10/2016 , 01:45:00,0,0
1120,19/10/2016 , 02:00:00,0,0
1121,19/10/2016 , 02:15:00,0,0
1122,19/10/2016 , 02:30:00,0,0
1123,19/10/2016 , 02:45:00,0,0
1124,19/10/2016 , 03:00:00,0,0
1125,19/10/2016 , 03:15:00,0,0
1126,19/10/2016 , 03:30:00,0,0
1127,19/10/2016 , 03:45:00,0,0
1128,19/10/2016 , 04:00:00,0,0
1129,19/10/2016 , 04:15:00,0,0
1130,19/10/2016 , 04:30:00,0,0
1131,19/10/2016 , 04:45:00,0,0
1132,19/10/2016 , 05:00:00,0,0
1133,19/10/2016 , 05:15:00,0,0
1134,19/10/2016 , 05:30:00,0,0
1135,19/10/2016 , 05:45:00,0,0
1136,19/10/2016 , 06:00:00,0,0
1137,19/10/2016 , 06:15:00,0,0
1138,19/10/2016 , 06:30:00,11,2
1139,19/10/2016 , 06:45:00,98,17.9
1140,19/10/2016 , 07:00:00,407,74.2
1141,19/10/2016 , 07:15:00,576,105.1
1142,19/10/2016 , 07:30:00,1144,208.7
1143,19/10/2016 , 07:45:00,1981,361.3
1144,19/10/2016 , 08:00:00,2965,540.8
1145,19/10/2016 , 08:15:00,4448,811.3
1146,19/10/2016 , 08:30:00,3077,561.2
1147,19/10/2016 , 08:45:00,6355,1159.1
1148,19/10/2016 , 09:00:00,4999,911.8
1149,19/10/2016 , 09:15:00,5983,1091.2
1150,19/10/2016 , 09:30:00,5241,955.9
1151,19/10/2016 , 09:45:00,4887,891.3
1152,19/10/2016 , 10:00:00,5642,1029.1
1153,19/10/2016 , 10:15:00,4273,779.4
1154,19/10/2016 , 10:30:00,4797,874.9
1155,19/10/2016 , 10:45:00,4107,749.1
1156,19/10/2016 , 11:00:00,5046,920.3
1157,19/10/2016 , 11:15:00,8704,1587.5
1158,19/10/2016 , 11:30:00,11607,2117
1159,19/10/2016 , 11:45:00,10476,1910.7
1160,19/10/2016 , 12:00:00,9622,1755
1161,19/10/2016 , 12:15:00,6395,1166.4
1162,19/10/2016 , 12:30:00,5453,994.6
1163,19/10/2016 , 12:45:00,5162,941.5
1164,19/10/2016 , 13:00:00,6435,1173.7
1165,19/10/2016 , 13:15:00,5771,1052.6
1166,19/10/2016 , 13:30:00,5069,924.5
1167,19/10/2016 , 13:45:00,4519,824.2
1168,19/10/2016 , 14:00:00,3226,588.4
1169,19/10/2016 , 14:15:00,3416,623.1
1170,19/10/2016 , 14:30:00,3290,600.1
1171,19/10/2016 , 14:45:00,3048,555.9
1172,19/10/2016 , 15:00:00,2329,424.8
1173,19/10/2016 , 15:15:00,2188,399.1
1174,19/10/2016 , 15:30:00,2084,380.1
1175,19/10/2016 , 15:45:00,2468,450.1
1176,19/10/2016 , 16:00:00,1908,348
1177,19/10/2016 , 16:15:00,2690,490.6
1178,19/10/2016 , 16:30:00,2332,425.3
1179,19/10/2016 , 16:45:00,1467,267.6
1180,19/10/2016 , 17:00:00,677,123.5
1181,19/10/2016 , 17:15:00,610,111.3
1182,19/10/2016 , 17:30:00,520,94.8
1183,19/10/2016 , 17:45:00,430,78.4
1184,19/10/2016 , 18:00:00,251,45.8
1185,19/10/2016 , 18:15:00,60,10.9
1186,19/10/2016 , 18:30:00,4,0.7
1187,19/10/2016 , 18:45:00,1,0.2
1188,19/10/2016 , 19:00:00,0,0
1189,19/10/2016 , 19:15:00,0,0
1190,19/10/2016 , 19:30:00,0,0
1191,19/10/2016 , 19:45:00,0,0
1192,19/10/2016 , 20:00:00,0,0
1193,19/10/2016 , 20:15:00,0,0
1194,19/10/2016 , 20:30:00,0,0
1195,19/10/2016 , 20:45:00,0,0
1196,19/10/2016 , 21:00:00,0,0
1197,19/10/2016 , 21:15:00,0,0
1198,19/10/2016 , 21:30:00,0,0
1199,19/10/2016 , 21:45:00,0,0
1200,19/10/2016 , 22:00:00,0,0
1201,19/10/2016 , 22:15:00,0,0
1202,19/10/2016 , 22:30:00,0,0
1203,19/10/2016 , 22:45:00,0,0
1204,19/10/2016 , 23:00:00,0,0
1205,19/10/2016 , 23:15:00,0,0
1206,19/10/2016 , 23:30:00,0,0
1207,19/10/2016 , 23:45:00,0,0
1208,19/10/2016 , 24:00:00,0,0
1209,20/10/2016 , 00:15:00,0,0
1210,20/10/2016 , 00:30:00,0,0
1211,20/10/2016 , 00:45:00,0,0
1212,20/10/2016 , 01:00:00,0,0
1213,20/10/2016 , 01:15:00,0,0
1214,20/10/2016 , 01:30:00,0,0
1215,20/10/2016 , 01:45:00,0,0
1216,20/10/2016 , 02:00:00,0,0
1217,20/10/2016 , 02:15:00,0,0
1218,20/10/2016 , 02:30:00,0,0
1219,20/10/2016 , 02:45:00,0,0
1220,20/10/2016 , 03:00:00,0,0
1221,20/10/2016 , 03:15:00,0,0
1222,20/10/2016 , 03:30:00,0,0
1223,20/10/2016 , 03:45:00,0,0
1224,20/10/2016 , 04:00:00,0,0
1225,20/10/2016 , 04:15:00,0,0
1226,20/10/2016 , 04:30:00,0,0
1227,20/10/2016 , 04:45:00,0,0
1228,20/10/2016 , 05:00:00,0,0
1229,20/10/2016 , 05:15:00,0,0
1230,20/10/2016 , 05:30:00,0,0
1231,20/10/2016 , 05:45:00,0,0
1232,20/10/2016 , 06:00:00,0,0
1233,20/10/2016 , 06:15:00,0,0
