Site Name ,TANK
Site Number ,6
Logger ,Integrating Light Sensor
Logger Serial Number ,2488


Scan No ,Date and Time,       Integrating Light,        ,
        ,        ,RAW VALUE ,CALIBRATED VALUE,

1,07/10/2016 , 10:15:00,39,7
2,07/10/2016 , 10:30:00,867,155.2
3,07/10/2016 , 10:45:00,2255,403.6
4,07/10/2016 , 11:00:00,5190,929
5,07/10/2016 , 11:15:00,7375,1320.1
6,07/10/2016 , 11:30:00,21396,3829.7
7,07/10/2016 , 11:45:00,37875,6779.3
8,07/10/2016 , 12:00:00,38704,6927.7
9,07/10/2016 , 12:15:00,19678,3522.2
10,07/10/2016 , 12:30:00,16203,2900.2
11,07/10/2016 , 12:45:00,10688,1913.1
12,07/10/2016 , 13:00:00,13443,2406.2
13,07/10/2016 , 13:15:00,12998,2326.5
14,07/10/2016 , 13:30:00,9259,1657.3
15,07/10/2016 , 13:45:00,7661,1371.2
16,07/10/2016 , 14:00:00,5503,985
17,07/10/2016 , 14:15:00,6959,1245.6
18,07/10/2016 , 14:30:00,6394,1144.5
19,07/10/2016 , 14:45:00,5964,1067.5
20,07/10/2016 , 15:00:00,6413,1147.9
21,07/10/2016 , 15:15:00,4275,765.2
22,07/10/2016 , 15:30:00,3537,633.1
23,07/10/2016 , 15:45:00,4102,734.2
24,07/10/2016 , 16:00:00,3832,685.9
25,07/10/2016 , 16:15:00,3191,571.2
26,07/10/2016 , 16:30:00,2462,440.7
27,07/10/2016 , 16:45:00,3188,570.6
28,07/10/2016 , 17:00:00,1955,349.9
29,07/10/2016 , 17:15:00,1444,258.5
30,07/10/2016 , 17:30:00,1069,191.3
31,07/10/2016 , 17:45:00,694,124.2
32,07/10/2016 , 18:00:00,371,66.4
33,07/10/2016 , 18:15:00,128,22.9
34,07/10/2016 , 18:30:00,23,4.1
35,07/10/2016 , 18:45:00,1,0.2
36,07/10/2016 , 19:00:00,0,0
37,07/10/2016 , 19:15:00,0,0
38,07/10/2016 , 19:30:00,0,0
39,07/10/2016 , 19:45:00,0,0
40,07/10/2016 , 20:00:00,0,0
41,07/10/2016 , 20:15:00,0,0
42,07/10/2016 , 20:30:00,0,0
43,07/10/2016 , 20:45:00,0,0
44,07/10/2016 , 21:00:00,0,0
45,07/10/2016 , 21:15:00,0,0
46,07/10/2016 , 21:30:00,0,0
47,07/10/2016 , 21:45:00,0,0
48,07/10/2016 , 22:00:00,0,0
49,07/10/2016 , 22:15:00,0,0
50,07/10/2016 , 22:30:00,0,0
51,07/10/2016 , 22:45:00,0,0
52,07/10/2016 , 23:00:00,0,0
53,07/10/2016 , 23:15:00,0,0
54,07/10/2016 , 23:30:00,0,0
55,07/10/2016 , 23:45:00,0,0
56,07/10/2016 , 24:00:00,0,0
57,08/10/2016 , 00:15:00,0,0
58,08/10/2016 , 00:30:00,0,0
59,08/10/2016 , 00:45:00,0,0
60,08/10/2016 , 01:00:00,0,0
61,08/10/2016 , 01:15:00,0,0
62,08/10/2016 , 01:30:00,0,0
63,08/10/2016 , 01:45:00,0,0
64,08/10/2016 , 02:00:00,0,0
65,08/10/2016 , 02:15:00,0,0
66,08/10/2016 , 02:30:00,0,0
67,08/10/2016 , 02:45:00,0,0
68,08/10/2016 , 03:00:00,0,0
69,08/10/2016 , 03:15:00,0,0
70,08/10/2016 , 03:30:00,0,0
71,08/10/2016 , 03:45:00,0,0
72,08/10/2016 , 04:00:00,0,0
73,08/10/2016 , 04:15:00,0,0
74,08/10/2016 , 04:30:00,0,0
75,08/10/2016 , 04:45:00,0,0
76,08/10/2016 , 05:00:00,0,0
77,08/10/2016 , 05:15:00,0,0
78,08/10/2016 , 05:30:00,0,0
79,08/10/2016 , 05:45:00,0,0
80,08/10/2016 , 06:00:00,0,0
81,08/10/2016 , 06:15:00,0,0
82,08/10/2016 , 06:30:00,18,3.2
83,08/10/2016 , 06:45:00,145,26
84,08/10/2016 , 07:00:00,360,64.4
85,08/10/2016 , 07:15:00,724,129.6
86,08/10/2016 , 07:30:00,1315,235.4
87,08/10/2016 , 07:45:00,2872,514.1
88,08/10/2016 , 08:00:00,2253,403.3
89,08/10/2016 , 08:15:00,3886,695.6
90,08/10/2016 , 08:30:00,4301,769.8
91,08/10/2016 , 08:45:00,4500,805.5
92,08/10/2016 , 09:00:00,5984,1071.1
93,08/10/2016 , 09:15:00,6591,1179.7
94,08/10/2016 , 09:30:00,6757,1209.4
95,08/10/2016 , 09:45:00,6927,1239.9
96,08/10/2016 , 10:00:00,9077,1624.7
97,08/10/2016 , 10:15:00,9736,1742.7
98,08/10/2016 , 10:30:00,11278,2018.7
99,08/10/2016 , 10:45:00,11136,1993.2
100,08/10/2016 , 11:00:00,10812,1935.2
101,08/10/2016 , 11:15:00,10694,1914.1
102,08/10/2016 , 11:30:00,13366,2392.4
103,08/10/2016 , 11:45:00,14195,2540.8
104,08/10/2016 , 12:00:00,14034,2512
105,08/10/2016 , 12:15:00,16248,2908.2
106,08/10/2016 , 12:30:00,16397,2934.9
107,08/10/2016 , 12:45:00,14959,2677.5
108,08/10/2016 , 13:00:00,15689,2808.2
109,08/10/2016 , 13:15:00,15078,2698.8
110,08/10/2016 , 13:30:00,12130,2171.2
111,08/10/2016 , 13:45:00,10418,1864.7
112,08/10/2016 , 14:00:00,5410,968.3
113,08/10/2016 , 14:15:00,10281,1840.2
114,08/10/2016 , 14:30:00,14543,2603.1
115,08/10/2016 , 14:45:00,13211,2364.6
116,08/10/2016 , 15:00:00,12339,2208.6
117,08/10/2016 , 15:15:00,14015,2508.6
118,08/10/2016 , 15:30:00,8705,1558.1
119,08/10/2016 , 15:45:00,11185,2002
120,08/10/2016 , 16:00:00,9828,1759.1
121,08/10/2016 , 16:15:00,7667,1372.3
122,08/10/2016 , 16:30:00,3897,697.5
123,08/10/2016 , 16:45:00,4907,878.3
124,08/10/2016 , 17:00:00,3281,587.3
125,08/10/2016 , 17:15:00,1539,275.5
126,08/10/2016 , 17:30:00,1004,179.7
127,08/10/2016 , 17:45:00,764,136.7
128,08/10/2016 , 18:00:00,412,73.7
129,08/10/2016 , 18:15:00,188,33.7
130,08/10/2016 , 18:30:00,30,5.4
131,08/10/2016 , 18:45:00,0,0
132,08/10/2016 , 19:00:00,0,0
133,08/10/2016 , 19:15:00,0,0
134,08/10/2016 , 19:30:00,0,0
135,08/10/2016 , 19:45:00,0,0
136,08/10/2016 , 20:00:00,0,0
137,08/10/2016 , 20:15:00,0,0
138,08/10/2016 , 20:30:00,0,0
139,08/10/2016 , 20:45:00,0,0
140,08/10/2016 , 21:00:00,0,0
141,08/10/2016 , 21:15:00,0,0
142,08/10/2016 , 21:30:00,0,0
143,08/10/2016 , 21:45:00,0,0
144,08/10/2016 , 22:00:00,0,0
145,08/10/2016 , 22:15:00,0,0
146,08/10/2016 , 22:30:00,0,0
147,08/10/2016 , 22:45:00,0,0
148,08/10/2016 , 23:00:00,0,0
149,08/10/2016 , 23:15:00,0,0
150,08/10/2016 , 23:30:00,0,0
151,08/10/2016 , 23:45:00,0,0
152,08/10/2016 , 24:00:00,0,0
153,09/10/2016 , 00:15:00,0,0
154,09/10/2016 , 00:30:00,0,0
155,09/10/2016 , 00:45:00,0,0
156,09/10/2016 , 01:00:00,0,0
157,09/10/2016 , 01:15:00,0,0
158,09/10/2016 , 01:30:00,0,0
159,09/10/2016 , 01:45:00,0,0
160,09/10/2016 , 02:00:00,0,0
161,09/10/2016 , 02:15:00,0,0
162,09/10/2016 , 02:30:00,0,0
163,09/10/2016 , 02:45:00,0,0
164,09/10/2016 , 03:00:00,0,0
165,09/10/2016 , 03:15:00,0,0
166,09/10/2016 , 03:30:00,0,0
167,09/10/2016 , 03:45:00,0,0
168,09/10/2016 , 04:00:00,0,0
169,09/10/2016 , 04:15:00,0,0
170,09/10/2016 , 04:30:00,0,0
171,09/10/2016 , 04:45:00,0,0
172,09/10/2016 , 05:00:00,0,0
173,09/10/2016 , 05:15:00,0,0
174,09/10/2016 , 05:30:00,0,0
175,09/10/2016 , 05:45:00,0,0
176,09/10/2016 , 06:00:00,0,0
177,09/10/2016 , 06:15:00,0,0
178,09/10/2016 , 06:30:00,23,4.1
179,09/10/2016 , 06:45:00,201,36
180,09/10/2016 , 07:00:00,525,94
181,09/10/2016 , 07:15:00,944,169
182,09/10/2016 , 07:30:00,1377,246.5
183,09/10/2016 , 07:45:00,1667,298.4
184,09/10/2016 , 08:00:00,1799,322
185,09/10/2016 , 08:15:00,2160,386.6
186,09/10/2016 , 08:30:00,2536,453.9
187,09/10/2016 , 08:45:00,5668,1014.5
188,09/10/2016 , 09:00:00,4890,875.3
189,09/10/2016 , 09:15:00,4501,805.6
190,09/10/2016 , 09:30:00,6357,1137.8
191,09/10/2016 , 09:45:00,6438,1152.3
192,09/10/2016 , 10:00:00,7947,1422.4
193,09/10/2016 , 10:15:00,8743,1564.9
194,09/10/2016 , 10:30:00,9531,1706
195,09/10/2016 , 10:45:00,10020,1793.5
196,09/10/2016 , 11:00:00,10617,1900.3
197,09/10/2016 , 11:15:00,11540,2065.6
198,09/10/2016 , 11:30:00,12072,2160.8
199,09/10/2016 , 11:45:00,12276,2197.3
200,09/10/2016 , 12:00:00,12807,2292.3
201,09/10/2016 , 12:15:00,13294,2379.5
202,09/10/2016 , 12:30:00,13869,2482.4
203,09/10/2016 , 12:45:00,13966,2499.8
204,09/10/2016 , 13:00:00,14238,2548.5
205,09/10/2016 , 13:15:00,14277,2555.5
206,09/10/2016 , 13:30:00,14482,2592.1
207,09/10/2016 , 13:45:00,14390,2575.7
208,09/10/2016 , 14:00:00,14346,2567.8
209,09/10/2016 , 14:15:00,14058,2516.3
210,09/10/2016 , 14:30:00,13572,2429.3
211,09/10/2016 , 14:45:00,13187,2360.4
212,09/10/2016 , 15:00:00,12570,2249.9
213,09/10/2016 , 15:15:00,12080,2162.2
214,09/10/2016 , 15:30:00,11218,2007.9
215,09/10/2016 , 15:45:00,10411,1863.5
216,09/10/2016 , 16:00:00,9391,1680.9
217,09/10/2016 , 16:15:00,8624,1543.6
218,09/10/2016 , 16:30:00,7299,1306.5
219,09/10/2016 , 16:45:00,3249,581.5
220,09/10/2016 , 17:00:00,3741,669.6
221,09/10/2016 , 17:15:00,2798,500.8
222,09/10/2016 , 17:30:00,1613,288.7
223,09/10/2016 , 17:45:00,791,141.6
224,09/10/2016 , 18:00:00,441,78.9
225,09/10/2016 , 18:15:00,195,34.9
226,09/10/2016 , 18:30:00,36,6.4
227,09/10/2016 , 18:45:00,1,0.2
228,09/10/2016 , 19:00:00,0,0
229,09/10/2016 , 19:15:00,0,0
230,09/10/2016 , 19:30:00,0,0
231,09/10/2016 , 19:45:00,0,0
232,09/10/2016 , 20:00:00,0,0
233,09/10/2016 , 20:15:00,0,0
234,09/10/2016 , 20:30:00,0,0
235,09/10/2016 , 20:45:00,0,0
236,09/10/2016 , 21:00:00,0,0
237,09/10/2016 , 21:15:00,0,0
238,09/10/2016 , 21:30:00,0,0
239,09/10/2016 , 21:45:00,0,0
240,09/10/2016 , 22:00:00,0,0
241,09/10/2016 , 22:15:00,0,0
242,09/10/2016 , 22:30:00,0,0
243,09/10/2016 , 22:45:00,0,0
244,09/10/2016 , 23:00:00,0,0
245,09/10/2016 , 23:15:00,0,0
246,09/10/2016 , 23:30:00,0,0
247,09/10/2016 , 23:45:00,0,0
248,09/10/2016 , 24:00:00,0,0
249,10/10/2016 , 00:15:00,0,0
250,10/10/2016 , 00:30:00,0,0
251,10/10/2016 , 00:45:00,0,0
252,10/10/2016 , 01:00:00,0,0
253,10/10/2016 , 01:15:00,0,0
254,10/10/2016 , 01:30:00,0,0
255,10/10/2016 , 01:45:00,0,0
256,10/10/2016 , 02:00:00,0,0
257,10/10/2016 , 02:15:00,0,0
258,10/10/2016 , 02:30:00,0,0
259,10/10/2016 , 02:45:00,0,0
260,10/10/2016 , 03:00:00,0,0
261,10/10/2016 , 03:15:00,0,0
262,10/10/2016 , 03:30:00,0,0
263,10/10/2016 , 03:45:00,0,0
264,10/10/2016 , 04:00:00,0,0
265,10/10/2016 , 04:15:00,0,0
266,10/10/2016 , 04:30:00,0,0
267,10/10/2016 , 04:45:00,0,0
268,10/10/2016 , 05:00:00,0,0
269,10/10/2016 , 05:15:00,0,0
270,10/10/2016 , 05:30:00,0,0
271,10/10/2016 , 05:45:00,0,0
272,10/10/2016 , 06:00:00,0,0
273,10/10/2016 , 06:15:00,0,0
274,10/10/2016 , 06:30:00,10,1.8
275,10/10/2016 , 06:45:00,90,16.1
276,10/10/2016 , 07:00:00,376,67.3
277,10/10/2016 , 07:15:00,695,124.4
278,10/10/2016 , 07:30:00,988,176.8
279,10/10/2016 , 07:45:00,1857,332.4
280,10/10/2016 , 08:00:00,2109,377.5
281,10/10/2016 , 08:15:00,1886,337.6
282,10/10/2016 , 08:30:00,2100,375.9
283,10/10/2016 , 08:45:00,1228,219.8
284,10/10/2016 , 09:00:00,3435,614.8
285,10/10/2016 , 09:15:00,3548,635.1
286,10/10/2016 , 09:30:00,6626,1186
287,10/10/2016 , 09:45:00,6591,1179.7
288,10/10/2016 , 10:00:00,3964,709.5
289,10/10/2016 , 10:15:00,6121,1095.6
290,10/10/2016 , 10:30:00,9585,1715.6
291,10/10/2016 , 10:45:00,9147,1637.2
292,10/10/2016 , 11:00:00,4204,752.5
293,10/10/2016 , 11:15:00,9851,1763.2
294,10/10/2016 , 11:30:00,12379,2215.7
295,10/10/2016 , 11:45:00,4790,857.4
296,10/10/2016 , 12:00:00,4532,811.2
297,10/10/2016 , 12:15:00,7797,1395.6
298,10/10/2016 , 12:30:00,6855,1227
299,10/10/2016 , 12:45:00,8867,1587.1
300,10/10/2016 , 13:00:00,4227,756.6
301,10/10/2016 , 13:15:00,6508,1164.9
302,10/10/2016 , 13:30:00,8272,1480.6
303,10/10/2016 , 13:45:00,7192,1287.3
304,10/10/2016 , 14:00:00,10411,1863.5
305,10/10/2016 , 14:15:00,6772,1212.1
306,10/10/2016 , 14:30:00,5946,1064.3
307,10/10/2016 , 14:45:00,3568,638.6
308,10/10/2016 , 15:00:00,3344,598.5
309,10/10/2016 , 15:15:00,3746,670.5
310,10/10/2016 , 15:30:00,3084,552
311,10/10/2016 , 15:45:00,2684,480.4
312,10/10/2016 , 16:00:00,2274,407
313,10/10/2016 , 16:15:00,1767,316.3
314,10/10/2016 , 16:30:00,1747,312.7
315,10/10/2016 , 16:45:00,1205,215.7
316,10/10/2016 , 17:00:00,1121,200.6
317,10/10/2016 , 17:15:00,631,112.9
318,10/10/2016 , 17:30:00,732,131
319,10/10/2016 , 17:45:00,386,69.1
320,10/10/2016 , 18:00:00,166,29.7
321,10/10/2016 , 18:15:00,71,12.7
322,10/10/2016 , 18:30:00,10,1.8
323,10/10/2016 , 18:45:00,0,0
324,10/10/2016 , 19:00:00,0,0
325,10/10/2016 , 19:15:00,0,0
326,10/10/2016 , 19:30:00,0,0
327,10/10/2016 , 19:45:00,0,0
328,10/10/2016 , 20:00:00,0,0
329,10/10/2016 , 20:15:00,0,0
330,10/10/2016 , 20:30:00,0,0
331,10/10/2016 , 20:45:00,0,0
332,10/10/2016 , 21:00:00,0,0
333,10/10/2016 , 21:15:00,0,0
334,10/10/2016 , 21:30:00,0,0
335,10/10/2016 , 21:45:00,0,0
336,10/10/2016 , 22:00:00,0,0
337,10/10/2016 , 22:15:00,0,0
338,10/10/2016 , 22:30:00,0,0
339,10/10/2016 , 22:45:00,0,0
340,10/10/2016 , 23:00:00,0,0
341,10/10/2016 , 23:15:00,0,0
342,10/10/2016 , 23:30:00,0,0
343,10/10/2016 , 23:45:00,0,0
344,10/10/2016 , 24:00:00,0,0
345,11/10/2016 , 00:15:00,0,0
346,11/10/2016 , 00:30:00,0,0
347,11/10/2016 , 00:45:00,0,0
348,11/10/2016 , 01:00:00,0,0
349,11/10/2016 , 01:15:00,0,0
350,11/10/2016 , 01:30:00,0,0
351,11/10/2016 , 01:45:00,0,0
352,11/10/2016 , 02:00:00,0,0
353,11/10/2016 , 02:15:00,0,0
354,11/10/2016 , 02:30:00,0,0
355,11/10/2016 , 02:45:00,0,0
356,11/10/2016 , 03:00:00,0,0
357,11/10/2016 , 03:15:00,0,0
358,11/10/2016 , 03:30:00,0,0
359,11/10/2016 , 03:45:00,0,0
360,11/10/2016 , 04:00:00,0,0
361,11/10/2016 , 04:15:00,0,0
362,11/10/2016 , 04:30:00,0,0
363,11/10/2016 , 04:45:00,0,0
364,11/10/2016 , 05:00:00,0,0
365,11/10/2016 , 05:15:00,0,0
366,11/10/2016 , 05:30:00,0,0
367,11/10/2016 , 05:45:00,0,0
368,11/10/2016 , 06:00:00,0,0
369,11/10/2016 , 06:15:00,0,0
370,11/10/2016 , 06:30:00,19,3.4
371,11/10/2016 , 06:45:00,147,26.3
372,11/10/2016 , 07:00:00,398,71.2
373,11/10/2016 , 07:15:00,588,105.2
374,11/10/2016 , 07:30:00,1137,203.5
375,11/10/2016 , 07:45:00,1330,238.1
376,11/10/2016 , 08:00:00,1667,298.4
377,11/10/2016 , 08:15:00,2029,363.2
378,11/10/2016 , 08:30:00,3515,629.2
379,11/10/2016 , 08:45:00,4335,775.9
380,11/10/2016 , 09:00:00,5205,931.6
381,11/10/2016 , 09:15:00,6446,1153.8
382,11/10/2016 , 09:30:00,4515,808.1
383,11/10/2016 , 09:45:00,6282,1124.4
384,11/10/2016 , 10:00:00,5500,984.4
385,11/10/2016 , 10:15:00,5985,1071.3
386,11/10/2016 , 10:30:00,8580,1535.7
387,11/10/2016 , 10:45:00,6160,1102.6
388,11/10/2016 , 11:00:00,4368,781.8
389,11/10/2016 , 11:15:00,10791,1931.5
390,11/10/2016 , 11:30:00,11429,2045.7
391,11/10/2016 , 11:45:00,5601,1002.5
392,11/10/2016 , 12:00:00,5909,1057.7
393,11/10/2016 , 12:15:00,8184,1464.9
394,11/10/2016 , 12:30:00,8563,1532.7
395,11/10/2016 , 12:45:00,8604,1540
396,11/10/2016 , 13:00:00,9626,1723
397,11/10/2016 , 13:15:00,6147,1100.3
398,11/10/2016 , 13:30:00,5061,905.9
399,11/10/2016 , 13:45:00,5442,974.1
400,11/10/2016 , 14:00:00,5292,947.2
401,11/10/2016 , 14:15:00,6898,1234.7
402,11/10/2016 , 14:30:00,7536,1348.9
403,11/10/2016 , 14:45:00,4120,737.4
404,11/10/2016 , 15:00:00,5292,947.2
405,11/10/2016 , 15:15:00,4811,861.1
406,11/10/2016 , 15:30:00,4172,746.7
407,11/10/2016 , 15:45:00,3101,555.1
408,11/10/2016 , 16:00:00,3128,559.9
409,11/10/2016 , 16:15:00,3391,607
410,11/10/2016 , 16:30:00,2200,393.8
411,11/10/2016 , 16:45:00,2379,425.8
412,11/10/2016 , 17:00:00,2813,503.5
413,11/10/2016 , 17:15:00,2111,377.8
414,11/10/2016 , 17:30:00,973,174.2
415,11/10/2016 , 17:45:00,622,111.3
416,11/10/2016 , 18:00:00,370,66.2
417,11/10/2016 , 18:15:00,156,27.9
418,11/10/2016 , 18:30:00,27,4.8
419,11/10/2016 , 18:45:00,0,0
420,11/10/2016 , 19:00:00,0,0
421,11/10/2016 , 19:15:00,0,0
422,11/10/2016 , 19:30:00,0,0
423,11/10/2016 , 19:45:00,0,0
424,11/10/2016 , 20:00:00,0,0
425,11/10/2016 , 20:15:00,0,0
426,11/10/2016 , 20:30:00,0,0
427,11/10/2016 , 20:45:00,0,0
428,11/10/2016 , 21:00:00,0,0
429,11/10/2016 , 21:15:00,0,0
430,11/10/2016 , 21:30:00,0,0
431,11/10/2016 , 21:45:00,0,0
432,11/10/2016 , 22:00:00,0,0
433,11/10/2016 , 22:15:00,0,0
434,11/10/2016 , 22:30:00,0,0
435,11/10/2016 , 22:45:00,0,0
436,11/10/2016 , 23:00:00,0,0
437,11/10/2016 , 23:15:00,0,0
438,11/10/2016 , 23:30:00,0,0
439,11/10/2016 , 23:45:00,0,0
440,11/10/2016 , 24:00:00,0,0
441,12/10/2016 , 00:15:00,0,0
442,12/10/2016 , 00:30:00,0,0
443,12/10/2016 , 00:45:00,0,0
444,12/10/2016 , 01:00:00,0,0
445,12/10/2016 , 01:15:00,0,0
446,12/10/2016 , 01:30:00,0,0
447,12/10/2016 , 01:45:00,0,0
448,12/10/2016 , 02:00:00,0,0
449,12/10/2016 , 02:15:00,0,0
450,12/10/2016 , 02:30:00,0,0
451,12/10/2016 , 02:45:00,0,0
452,12/10/2016 , 03:00:00,0,0
453,12/10/2016 , 03:15:00,0,0
454,12/10/2016 , 03:30:00,0,0
455,12/10/2016 , 03:45:00,0,0
456,12/10/2016 , 04:00:00,0,0
457,12/10/2016 , 04:15:00,0,0
458,12/10/2016 , 04:30:00,0,0
459,12/10/2016 , 04:45:00,0,0
460,12/10/2016 , 05:00:00,0,0
461,12/10/2016 , 05:15:00,0,0
462,12/10/2016 , 05:30:00,0,0
463,12/10/2016 , 05:45:00,0,0
464,12/10/2016 , 06:00:00,0,0
465,12/10/2016 , 06:15:00,0,0
466,12/10/2016 , 06:30:00,21,3.8
467,12/10/2016 , 06:45:00,199,35.6
468,12/10/2016 , 07:00:00,575,102.9
469,12/10/2016 , 07:15:00,845,151.2
470,12/10/2016 , 07:30:00,1244,222.7
471,12/10/2016 , 07:45:00,1749,313.1
472,12/10/2016 , 08:00:00,2271,406.5
473,12/10/2016 , 08:15:00,2843,508.9
474,12/10/2016 , 08:30:00,3444,616.4
475,12/10/2016 , 08:45:00,4056,726
476,12/10/2016 , 09:00:00,4738,848.1
477,12/10/2016 , 09:15:00,5128,917.9
478,12/10/2016 , 09:30:00,6207,1111
479,12/10/2016 , 09:45:00,6035,1080.2
480,12/10/2016 , 10:00:00,7620,1363.9
481,12/10/2016 , 10:15:00,8191,1466.1
482,12/10/2016 , 10:30:00,8820,1578.7
483,12/10/2016 , 10:45:00,9644,1726.2
484,12/10/2016 , 11:00:00,10275,1839.1
485,12/10/2016 , 11:15:00,11012,1971
486,12/10/2016 , 11:30:00,10270,1838.2
487,12/10/2016 , 11:45:00,11449,2049.3
488,12/10/2016 , 12:00:00,12850,2300
489,12/10/2016 , 12:15:00,12816,2293.9
490,12/10/2016 , 12:30:00,8147,1458.2
491,12/10/2016 , 12:45:00,9621,1722.1
492,12/10/2016 , 13:00:00,6973,1248.1
493,12/10/2016 , 13:15:00,10200,1825.7
494,12/10/2016 , 13:30:00,7950,1423
495,12/10/2016 , 13:45:00,6948,1243.6
496,12/10/2016 , 14:00:00,6308,1129.1
497,12/10/2016 , 14:15:00,9484,1697.5
498,12/10/2016 , 14:30:00,7915,1416.7
499,12/10/2016 , 14:45:00,11786,2109.6
500,12/10/2016 , 15:00:00,10072,1802.8
501,12/10/2016 , 15:15:00,9614,1720.8
502,12/10/2016 , 15:30:00,9844,1762
503,12/10/2016 , 15:45:00,5827,1043
504,12/10/2016 , 16:00:00,3641,651.7
505,12/10/2016 , 16:15:00,3603,644.9
506,12/10/2016 , 16:30:00,2339,418.7
507,12/10/2016 , 16:45:00,1870,334.7
508,12/10/2016 , 17:00:00,1920,343.7
509,12/10/2016 , 17:15:00,1817,325.2
510,12/10/2016 , 17:30:00,982,175.8
511,12/10/2016 , 17:45:00,443,79.3
512,12/10/2016 , 18:00:00,227,40.6
513,12/10/2016 , 18:15:00,110,19.7
514,12/10/2016 , 18:30:00,14,2.5
515,12/10/2016 , 18:45:00,0,0
516,12/10/2016 , 19:00:00,0,0
517,12/10/2016 , 19:15:00,0,0
518,12/10/2016 , 19:30:00,0,0
519,12/10/2016 , 19:45:00,0,0
520,12/10/2016 , 20:00:00,0,0
521,12/10/2016 , 20:15:00,0,0
522,12/10/2016 , 20:30:00,0,0
523,12/10/2016 , 20:45:00,0,0
524,12/10/2016 , 21:00:00,0,0
525,12/10/2016 , 21:15:00,0,0
526,12/10/2016 , 21:30:00,0,0
527,12/10/2016 , 21:45:00,0,0
528,12/10/2016 , 22:00:00,0,0
529,12/10/2016 , 22:15:00,0,0
530,12/10/2016 , 22:30:00,0,0
531,12/10/2016 , 22:45:00,0,0
532,12/10/2016 , 23:00:00,0,0
533,12/10/2016 , 23:15:00,0,0
534,12/10/2016 , 23:30:00,0,0
535,12/10/2016 , 23:45:00,0,0
536,12/10/2016 , 24:00:00,0,0
537,13/10/2016 , 00:15:00,0,0
538,13/10/2016 , 00:30:00,0,0
539,13/10/2016 , 00:45:00,0,0
540,13/10/2016 , 01:00:00,0,0
541,13/10/2016 , 01:15:00,0,0
542,13/10/2016 , 01:30:00,0,0
543,13/10/2016 , 01:45:00,0,0
544,13/10/2016 , 02:00:00,0,0
545,13/10/2016 , 02:15:00,0,0
546,13/10/2016 , 02:30:00,0,0
547,13/10/2016 , 02:45:00,0,0
548,13/10/2016 , 03:00:00,0,0
549,13/10/2016 , 03:15:00,0,0
550,13/10/2016 , 03:30:00,0,0
551,13/10/2016 , 03:45:00,0,0
552,13/10/2016 , 04:00:00,0,0
553,13/10/2016 , 04:15:00,0,0
554,13/10/2016 , 04:30:00,0,0
555,13/10/2016 , 04:45:00,0,0
556,13/10/2016 , 05:00:00,0,0
557,13/10/2016 , 05:15:00,0,0
558,13/10/2016 , 05:30:00,0,0
559,13/10/2016 , 05:45:00,0,0
560,13/10/2016 , 06:00:00,0,0
561,13/10/2016 , 06:15:00,0,0
562,13/10/2016 , 06:30:00,19,3.4
563,13/10/2016 , 06:45:00,102,18.3
564,13/10/2016 , 07:00:00,293,52.4
565,13/10/2016 , 07:15:00,700,125.3
566,13/10/2016 , 07:30:00,1158,207.3
567,13/10/2016 , 07:45:00,1716,307.1
568,13/10/2016 , 08:00:00,2604,466.1
569,13/10/2016 , 08:15:00,3049,545.7
570,13/10/2016 , 08:30:00,3435,614.8
571,13/10/2016 , 08:45:00,4014,718.5
572,13/10/2016 , 09:00:00,4663,834.6
573,13/10/2016 , 09:15:00,5304,949.4
574,13/10/2016 , 09:30:00,5809,1039.8
575,13/10/2016 , 09:45:00,6803,1217.7
576,13/10/2016 , 10:00:00,6510,1165.2
577,13/10/2016 , 10:15:00,4852,868.5
578,13/10/2016 , 10:30:00,8353,1495.1
579,13/10/2016 , 10:45:00,6705,1200.1
580,13/10/2016 , 11:00:00,10460,1872.2
581,13/10/2016 , 11:15:00,10059,1800.5
582,13/10/2016 , 11:30:00,10166,1819.6
583,13/10/2016 , 11:45:00,10333,1849.5
584,13/10/2016 , 12:00:00,9380,1678.9
585,13/10/2016 , 12:15:00,10806,1934.2
586,13/10/2016 , 12:30:00,10649,1906.1
587,13/10/2016 , 12:45:00,10955,1960.8
588,13/10/2016 , 13:00:00,11717,2097.2
589,13/10/2016 , 13:15:00,11137,1993.4
590,13/10/2016 , 13:30:00,11608,2077.7
591,13/10/2016 , 13:45:00,11954,2139.7
592,13/10/2016 , 14:00:00,11114,1989.3
593,13/10/2016 , 14:15:00,11777,2108
594,13/10/2016 , 14:30:00,10721,1919
595,13/10/2016 , 14:45:00,10669,1909.7
596,13/10/2016 , 15:00:00,10386,1859
597,13/10/2016 , 15:15:00,9935,1778.3
598,13/10/2016 , 15:30:00,9409,1684.1
599,13/10/2016 , 15:45:00,8691,1555.6
600,13/10/2016 , 16:00:00,7958,1424.4
601,13/10/2016 , 16:15:00,6391,1143.9
602,13/10/2016 , 16:30:00,3798,679.8
603,13/10/2016 , 16:45:00,2277,407.6
604,13/10/2016 , 17:00:00,1806,323.3
605,13/10/2016 , 17:15:00,1292,231.3
606,13/10/2016 , 17:30:00,920,164.7
607,13/10/2016 , 17:45:00,550,98.4
608,13/10/2016 , 18:00:00,305,54.6
609,13/10/2016 , 18:15:00,133,23.8
610,13/10/2016 , 18:30:00,16,2.9
611,13/10/2016 , 18:45:00,0,0
612,13/10/2016 , 19:00:00,0,0
613,13/10/2016 , 19:15:00,0,0
614,13/10/2016 , 19:30:00,0,0
615,13/10/2016 , 19:45:00,0,0
616,13/10/2016 , 20:00:00,0,0
617,13/10/2016 , 20:15:00,0,0
618,13/10/2016 , 20:30:00,0,0
619,13/10/2016 , 20:45:00,0,0
620,13/10/2016 , 21:00:00,0,0
621,13/10/2016 , 21:15:00,0,0
622,13/10/2016 , 21:30:00,0,0
623,13/10/2016 , 21:45:00,0,0
624,13/10/2016 , 22:00:00,0,0
625,13/10/2016 , 22:15:00,0,0
626,13/10/2016 , 22:30:00,0,0
627,13/10/2016 , 22:45:00,0,0
628,13/10/2016 , 23:00:00,0,0
629,13/10/2016 , 23:15:00,0,0
630,13/10/2016 , 23:30:00,0,0
631,13/10/2016 , 23:45:00,0,0
632,13/10/2016 , 24:00:00,0,0
633,14/10/2016 , 00:15:00,0,0
634,14/10/2016 , 00:30:00,0,0
635,14/10/2016 , 00:45:00,0,0
636,14/10/2016 , 01:00:00,0,0
637,14/10/2016 , 01:15:00,0,0
638,14/10/2016 , 01:30:00,0,0
639,14/10/2016 , 01:45:00,0,0
640,14/10/2016 , 02:00:00,0,0
641,14/10/2016 , 02:15:00,0,0
642,14/10/2016 , 02:30:00,0,0
643,14/10/2016 , 02:45:00,0,0
644,14/10/2016 , 03:00:00,0,0
645,14/10/2016 , 03:15:00,0,0
646,14/10/2016 , 03:30:00,0,0
647,14/10/2016 , 03:45:00,0,0
648,14/10/2016 , 04:00:00,0,0
649,14/10/2016 , 04:15:00,0,0
650,14/10/2016 , 04:30:00,0,0
651,14/10/2016 , 04:45:00,0,0
652,14/10/2016 , 05:00:00,0,0
653,14/10/2016 , 05:15:00,0,0
654,14/10/2016 , 05:30:00,0,0
655,14/10/2016 , 05:45:00,0,0
656,14/10/2016 , 06:00:00,0,0
657,14/10/2016 , 06:15:00,0,0
658,14/10/2016 , 06:30:00,17,3
659,14/10/2016 , 06:45:00,142,25.4
660,14/10/2016 , 07:00:00,501,89.7
661,14/10/2016 , 07:15:00,800,143.2
662,14/10/2016 , 07:30:00,1026,183.6
663,14/10/2016 , 07:45:00,1334,238.8
664,14/10/2016 , 08:00:00,2771,496
665,14/10/2016 , 08:15:00,3134,561
666,14/10/2016 , 08:30:00,2258,404.2
667,14/10/2016 , 08:45:00,3089,552.9
668,14/10/2016 , 09:00:00,4355,779.5
669,14/10/2016 , 09:15:00,4555,815.3
670,14/10/2016 , 09:30:00,6688,1197.1
671,14/10/2016 , 09:45:00,6065,1085.6
672,14/10/2016 , 10:00:00,6949,1243.8
673,14/10/2016 , 10:15:00,7828,1401.1
674,14/10/2016 , 10:30:00,7875,1409.6
675,14/10/2016 , 10:45:00,7712,1380.4
676,14/10/2016 , 11:00:00,6035,1080.2
677,14/10/2016 , 11:15:00,6839,1224.1
678,14/10/2016 , 11:30:00,7052,1262.2
679,14/10/2016 , 11:45:00,6163,1103.1
680,14/10/2016 , 12:00:00,4583,820.3
681,14/10/2016 , 12:15:00,2645,473.4
682,14/10/2016 , 12:30:00,4816,862
683,14/10/2016 , 12:45:00,4569,817.8
684,14/10/2016 , 13:00:00,3656,654.4
685,14/10/2016 , 13:15:00,3333,596.6
686,14/10/2016 , 13:30:00,3325,595.1
687,14/10/2016 , 13:45:00,2935,525.3
688,14/10/2016 , 14:00:00,4649,832.1
689,14/10/2016 , 14:15:00,4350,778.6
690,14/10/2016 , 14:30:00,6440,1152.7
691,14/10/2016 , 14:45:00,9613,1720.6
692,14/10/2016 , 15:00:00,8941,1600.4
693,14/10/2016 , 15:15:00,6425,1150
694,14/10/2016 , 15:30:00,5852,1047.5
695,14/10/2016 , 15:45:00,3754,671.9
696,14/10/2016 , 16:00:00,3625,648.8
697,14/10/2016 , 16:15:00,3040,544.1
698,14/10/2016 , 16:30:00,2959,529.6
699,14/10/2016 , 16:45:00,2054,367.6
700,14/10/2016 , 17:00:00,1989,356
701,14/10/2016 , 17:15:00,1359,243.2
702,14/10/2016 , 17:30:00,795,142.3
703,14/10/2016 , 17:45:00,643,115.1
704,14/10/2016 , 18:00:00,310,55.5
705,14/10/2016 , 18:15:00,107,19.2
706,14/10/2016 , 18:30:00,12,2.1
707,14/10/2016 , 18:45:00,0,0
708,14/10/2016 , 19:00:00,0,0
709,14/10/2016 , 19:15:00,0,0
710,14/10/2016 , 19:30:00,0,0
711,14/10/2016 , 19:45:00,0,0
712,14/10/2016 , 20:00:00,0,0
713,14/10/2016 , 20:15:00,0,0
714,14/10/2016 , 20:30:00,0,0
715,14/10/2016 , 20:45:00,0,0
716,14/10/2016 , 21:00:00,0,0
717,14/10/2016 , 21:15:00,0,0
718,14/10/2016 , 21:30:00,0,0
719,14/10/2016 , 21:45:00,0,0
720,14/10/2016 , 22:00:00,0,0
721,14/10/2016 , 22:15:00,0,0
722,14/10/2016 , 22:30:00,0,0
723,14/10/2016 , 22:45:00,0,0
724,14/10/2016 , 23:00:00,0,0
725,14/10/2016 , 23:15:00,0,0
726,14/10/2016 , 23:30:00,0,0
727,14/10/2016 , 23:45:00,0,0
728,14/10/2016 , 24:00:00,0,0
729,15/10/2016 , 00:15:00,0,0
730,15/10/2016 , 00:30:00,0,0
731,15/10/2016 , 00:45:00,0,0
732,15/10/2016 , 01:00:00,0,0
733,15/10/2016 , 01:15:00,0,0
734,15/10/2016 , 01:30:00,0,0
735,15/10/2016 , 01:45:00,0,0
736,15/10/2016 , 02:00:00,0,0
737,15/10/2016 , 02:15:00,0,0
738,15/10/2016 , 02:30:00,0,0
739,15/10/2016 , 02:45:00,0,0
740,15/10/2016 , 03:00:00,0,0
741,15/10/2016 , 03:15:00,0,0
742,15/10/2016 , 03:30:00,0,0
743,15/10/2016 , 03:45:00,0,0
744,15/10/2016 , 04:00:00,0,0
745,15/10/2016 , 04:15:00,0,0
746,15/10/2016 , 04:30:00,0,0
747,15/10/2016 , 04:45:00,0,0
748,15/10/2016 , 05:00:00,0,0
749,15/10/2016 , 05:15:00,0,0
750,15/10/2016 , 05:30:00,0,0
751,15/10/2016 , 05:45:00,0,0
752,15/10/2016 , 06:00:00,0,0
753,15/10/2016 , 06:15:00,0,0
754,15/10/2016 , 06:30:00,13,2.3
755,15/10/2016 , 06:45:00,120,21.5
756,15/10/2016 , 07:00:00,229,41
757,15/10/2016 , 07:15:00,497,89
758,15/10/2016 , 07:30:00,694,124.2
759,15/10/2016 , 07:45:00,1142,204.4
760,15/10/2016 , 08:00:00,1869,334.5
761,15/10/2016 , 08:15:00,2274,407
762,15/10/2016 , 08:30:00,2462,440.7
763,15/10/2016 , 08:45:00,3087,552.5
764,15/10/2016 , 09:00:00,4502,805.8
765,15/10/2016 , 09:15:00,4688,839.1
766,15/10/2016 , 09:30:00,4839,866.1
767,15/10/2016 , 09:45:00,5889,1054.1
768,15/10/2016 , 10:00:00,6740,1206.4
769,15/10/2016 , 10:15:00,6573,1176.5
770,15/10/2016 , 10:30:00,8356,1495.6
771,15/10/2016 , 10:45:00,8768,1569.4
772,15/10/2016 , 11:00:00,9273,1659.8
773,15/10/2016 , 11:15:00,9794,1753
774,15/10/2016 , 11:30:00,10236,1832.2
775,15/10/2016 , 11:45:00,10667,1909.3
776,15/10/2016 , 12:00:00,11144,1994.7
777,15/10/2016 , 12:15:00,11512,2060.5
778,15/10/2016 , 12:30:00,11683,2091.1
779,15/10/2016 , 12:45:00,12244,2191.6
780,15/10/2016 , 13:00:00,12238,2190.5
781,15/10/2016 , 13:15:00,12619,2258.7
782,15/10/2016 , 13:30:00,12688,2271
783,15/10/2016 , 13:45:00,12008,2149.3
784,15/10/2016 , 14:00:00,11929,2135.2
785,15/10/2016 , 14:15:00,11618,2079.5
786,15/10/2016 , 14:30:00,11228,2009.7
787,15/10/2016 , 14:45:00,10561,1890.3
788,15/10/2016 , 15:00:00,10418,1864.7
789,15/10/2016 , 15:15:00,9953,1781.5
790,15/10/2016 , 15:30:00,8803,1575.7
791,15/10/2016 , 15:45:00,8231,1473.3
792,15/10/2016 , 16:00:00,7760,1389
793,15/10/2016 , 16:15:00,6822,1221.1
794,15/10/2016 , 16:30:00,5435,972.8
795,15/10/2016 , 16:45:00,5036,901.4
796,15/10/2016 , 17:00:00,2656,475.4
797,15/10/2016 , 17:15:00,840,150.4
798,15/10/2016 , 17:30:00,640,114.6
799,15/10/2016 , 17:45:00,469,83.9
800,15/10/2016 , 18:00:00,297,53.2
801,15/10/2016 , 18:15:00,117,20.9
802,15/10/2016 , 18:30:00,13,2.3
803,15/10/2016 , 18:45:00,0,0
804,15/10/2016 , 19:00:00,0,0
805,15/10/2016 , 19:15:00,0,0
806,15/10/2016 , 19:30:00,0,0
807,15/10/2016 , 19:45:00,0,0
808,15/10/2016 , 20:00:00,0,0
809,15/10/2016 , 20:15:00,0,0
810,15/10/2016 , 20:30:00,0,0
811,15/10/2016 , 20:45:00,0,0
812,15/10/2016 , 21:00:00,0,0
813,15/10/2016 , 21:15:00,0,0
814,15/10/2016 , 21:30:00,0,0
815,15/10/2016 , 21:45:00,0,0
816,15/10/2016 , 22:00:00,0,0
817,15/10/2016 , 22:15:00,0,0
818,15/10/2016 , 22:30:00,0,0
819,15/10/2016 , 22:45:00,0,0
820,15/10/2016 , 23:00:00,0,0
821,15/10/2016 , 23:15:00,0,0
822,15/10/2016 , 23:30:00,0,0
823,15/10/2016 , 23:45:00,0,0
824,15/10/2016 , 24:00:00,0,0
825,16/10/2016 , 00:15:00,0,0
826,16/10/2016 , 00:30:00,0,0
827,16/10/2016 , 00:45:00,0,0
828,16/10/2016 , 01:00:00,0,0
829,16/10/2016 , 01:15:00,0,0
830,16/10/2016 , 01:30:00,0,0
831,16/10/2016 , 01:45:00,0,0
832,16/10/2016 , 02:00:00,0,0
833,16/10/2016 , 02:15:00,0,0
834,16/10/2016 , 02:30:00,0,0
835,16/10/2016 , 02:45:00,0,0
836,16/10/2016 , 03:00:00,0,0
837,16/10/2016 , 03:15:00,0,0
838,16/10/2016 , 03:30:00,0,0
839,16/10/2016 , 03:45:00,0,0
840,16/10/2016 , 04:00:00,0,0
841,16/10/2016 , 04:15:00,0,0
842,16/10/2016 , 04:30:00,0,0
843,16/10/2016 , 04:45:00,0,0
844,16/10/2016 , 05:00:00,0,0
845,16/10/2016 , 05:15:00,0,0
846,16/10/2016 , 05:30:00,0,0
847,16/10/2016 , 05:45:00,0,0
848,16/10/2016 , 06:00:00,0,0
849,16/10/2016 , 06:15:00,0,0
850,16/10/2016 , 06:30:00,15,2.7
851,16/10/2016 , 06:45:00,139,24.9
852,16/10/2016 , 07:00:00,473,84.7
853,16/10/2016 , 07:15:00,753,134.8
854,16/10/2016 , 07:30:00,1073,192.1
855,16/10/2016 , 07:45:00,1544,276.4
856,16/10/2016 , 08:00:00,2110,377.7
857,16/10/2016 , 08:15:00,2826,505.8
858,16/10/2016 , 08:30:00,3781,676.8
859,16/10/2016 , 08:45:00,4205,752.7
860,16/10/2016 , 09:00:00,5294,947.6
861,16/10/2016 , 09:15:00,5540,991.6
862,16/10/2016 , 09:30:00,7610,1362.1
863,16/10/2016 , 09:45:00,8620,1542.9
864,16/10/2016 , 10:00:00,8033,1437.8
865,16/10/2016 , 10:15:00,8887,1590.7
866,16/10/2016 , 10:30:00,9527,1705.2
867,16/10/2016 , 10:45:00,8944,1600.9
868,16/10/2016 , 11:00:00,10579,1893.5
869,16/10/2016 , 11:15:00,10606,1898.4
870,16/10/2016 , 11:30:00,8798,1574.8
871,16/10/2016 , 11:45:00,5441,973.9
872,16/10/2016 , 12:00:00,6671,1194
873,16/10/2016 , 12:15:00,8524,1525.7
874,16/10/2016 , 12:30:00,9792,1752.7
875,16/10/2016 , 12:45:00,9839,1761.1
876,16/10/2016 , 13:00:00,10198,1825.3
877,16/10/2016 , 13:15:00,13336,2387
878,16/10/2016 , 13:30:00,13211,2364.6
879,16/10/2016 , 13:45:00,8469,1515.9
880,16/10/2016 , 14:00:00,13534,2422.5
881,16/10/2016 , 14:15:00,7560,1353.2
882,16/10/2016 , 14:30:00,4751,850.4
883,16/10/2016 , 14:45:00,4971,889.8
884,16/10/2016 , 15:00:00,7996,1431.2
885,16/10/2016 , 15:15:00,6505,1164.3
886,16/10/2016 , 15:30:00,7441,1331.9
887,16/10/2016 , 15:45:00,4650,832.3
888,16/10/2016 , 16:00:00,3946,706.3
889,16/10/2016 , 16:15:00,2608,466.8
890,16/10/2016 , 16:30:00,1632,292.1
891,16/10/2016 , 16:45:00,1370,245.2
892,16/10/2016 , 17:00:00,777,139.1
893,16/10/2016 , 17:15:00,714,127.8
894,16/10/2016 , 17:30:00,891,159.5
895,16/10/2016 , 17:45:00,557,99.7
896,16/10/2016 , 18:00:00,196,35.1
897,16/10/2016 , 18:15:00,76,13.6
898,16/10/2016 , 18:30:00,6,1.1
899,16/10/2016 , 18:45:00,0,0
900,16/10/2016 , 19:00:00,0,0
901,16/10/2016 , 19:15:00,0,0
902,16/10/2016 , 19:30:00,0,0
903,16/10/2016 , 19:45:00,0,0
904,16/10/2016 , 20:00:00,0,0
905,16/10/2016 , 20:15:00,0,0
906,16/10/2016 , 20:30:00,0,0
907,16/10/2016 , 20:45:00,0,0
908,16/10/2016 , 21:00:00,0,0
909,16/10/2016 , 21:15:00,0,0
910,16/10/2016 , 21:30:00,0,0
911,16/10/2016 , 21:45:00,0,0
912,16/10/2016 , 22:00:00,0,0
913,16/10/2016 , 22:15:00,0,0
914,16/10/2016 , 22:30:00,0,0
915,16/10/2016 , 22:45:00,0,0
916,16/10/2016 , 23:00:00,0,0
917,16/10/2016 , 23:15:00,0,0
918,16/10/2016 , 23:30:00,0,0
919,16/10/2016 , 23:45:00,0,0
920,16/10/2016 , 24:00:00,0,0
921,17/10/2016 , 00:15:00,0,0
922,17/10/2016 , 00:30:00,0,0
923,17/10/2016 , 00:45:00,0,0
924,17/10/2016 , 01:00:00,0,0
925,17/10/2016 , 01:15:00,0,0
926,17/10/2016 , 01:30:00,0,0
927,17/10/2016 , 01:45:00,0,0
928,17/10/2016 , 02:00:00,0,0
929,17/10/2016 , 02:15:00,0,0
930,17/10/2016 , 02:30:00,0,0
931,17/10/2016 , 02:45:00,0,0
932,17/10/2016 , 03:00:00,0,0
933,17/10/2016 , 03:15:00,0,0
934,17/10/2016 , 03:30:00,0,0
935,17/10/2016 , 03:45:00,0,0
936,17/10/2016 , 04:00:00,0,0
937,17/10/2016 , 04:15:00,0,0
938,17/10/2016 , 04:30:00,0,0
939,17/10/2016 , 04:45:00,0,0
940,17/10/2016 , 05:00:00,0,0
941,17/10/2016 , 05:15:00,0,0
942,17/10/2016 , 05:30:00,0,0
943,17/10/2016 , 05:45:00,0,0
944,17/10/2016 , 06:00:00,0,0
945,17/10/2016 , 06:15:00,0,0
946,17/10/2016 , 06:30:00,7,1.3
947,17/10/2016 , 06:45:00,57,10.2
948,17/10/2016 , 07:00:00,229,41
949,17/10/2016 , 07:15:00,345,61.8
950,17/10/2016 , 07:30:00,658,117.8
951,17/10/2016 , 07:45:00,823,147.3
952,17/10/2016 , 08:00:00,1389,248.6
953,17/10/2016 , 08:15:00,2251,402.9
954,17/10/2016 , 08:30:00,2711,485.2
955,17/10/2016 , 08:45:00,3101,555.1
956,17/10/2016 , 09:00:00,2673,478.4
957,17/10/2016 , 09:15:00,3318,593.9
958,17/10/2016 , 09:30:00,5104,913.6
959,17/10/2016 , 09:45:00,5351,957.8
960,17/10/2016 , 10:00:00,5244,938.6
961,17/10/2016 , 10:15:00,6714,1201.7
962,17/10/2016 , 10:30:00,8052,1441.2
963,17/10/2016 , 10:45:00,7594,1359.3
964,17/10/2016 , 11:00:00,7206,1289.8
965,17/10/2016 , 11:15:00,10074,1803.2
966,17/10/2016 , 11:30:00,7843,1403.8
967,17/10/2016 , 11:45:00,8993,1609.7
968,17/10/2016 , 12:00:00,9567,1712.4
969,17/10/2016 , 12:15:00,5041,902.3
970,17/10/2016 , 12:30:00,11188,2002.5
971,17/10/2016 , 12:45:00,12103,2166.3
972,17/10/2016 , 13:00:00,10317,1846.6
973,17/10/2016 , 13:15:00,12832,2296.8
974,17/10/2016 , 13:30:00,11503,2058.9
975,17/10/2016 , 13:45:00,12813,2293.4
976,17/10/2016 , 14:00:00,9774,1749.5
977,17/10/2016 , 14:15:00,11165,1998.4
978,17/10/2016 , 14:30:00,10469,1873.9
979,17/10/2016 , 14:45:00,9761,1747.1
980,17/10/2016 , 15:00:00,10339,1850.6
981,17/10/2016 , 15:15:00,10130,1813.2
982,17/10/2016 , 15:30:00,7129,1276
983,17/10/2016 , 15:45:00,4604,824.1
984,17/10/2016 , 16:00:00,5188,928.6
985,17/10/2016 , 16:15:00,2732,489
986,17/10/2016 , 16:30:00,4121,737.6
987,17/10/2016 , 16:45:00,4150,742.8
988,17/10/2016 , 17:00:00,3419,612
989,17/10/2016 , 17:15:00,2396,428.9
990,17/10/2016 , 17:30:00,1111,198.9
991,17/10/2016 , 17:45:00,525,94
992,17/10/2016 , 18:00:00,290,51.9
993,17/10/2016 , 18:15:00,98,17.5
994,17/10/2016 , 18:30:00,6,1.1
995,17/10/2016 , 18:45:00,0,0
996,17/10/2016 , 19:00:00,0,0
997,17/10/2016 , 19:15:00,0,0
998,17/10/2016 , 19:30:00,0,0
999,17/10/2016 , 19:45:00,0,0
1000,17/10/2016 , 20:00:00,0,0
1001,17/10/2016 , 20:15:00,0,0
1002,17/10/2016 , 20:30:00,0,0
1003,17/10/2016 , 20:45:00,0,0
1004,17/10/2016 , 21:00:00,0,0
1005,17/10/2016 , 21:15:00,0,0
1006,17/10/2016 , 21:30:00,0,0
1007,17/10/2016 , 21:45:00,0,0
1008,17/10/2016 , 22:00:00,0,0
1009,17/10/2016 , 22:15:00,0,0
1010,17/10/2016 , 22:30:00,0,0
1011,17/10/2016 , 22:45:00,0,0
1012,17/10/2016 , 23:00:00,0,0
1013,17/10/2016 , 23:15:00,0,0
1014,17/10/2016 , 23:30:00,0,0
1015,17/10/2016 , 23:45:00,0,0
1016,17/10/2016 , 24:00:00,0,0
1017,18/10/2016 , 00:15:00,0,0
1018,18/10/2016 , 00:30:00,0,0
1019,18/10/2016 , 00:45:00,0,0
1020,18/10/2016 , 01:00:00,0,0
1021,18/10/2016 , 01:15:00,0,0
1022,18/10/2016 , 01:30:00,0,0
1023,18/10/2016 , 01:45:00,0,0
1024,18/10/2016 , 02:00:00,0,0
1025,18/10/2016 , 02:15:00,0,0
1026,18/10/2016 , 02:30:00,0,0
1027,18/10/2016 , 02:45:00,0,0
1028,18/10/2016 , 03:00:00,0,0
1029,18/10/2016 , 03:15:00,0,0
1030,18/10/2016 , 03:30:00,0,0
1031,18/10/2016 , 03:45:00,0,0
1032,18/10/2016 , 04:00:00,0,0
1033,18/10/2016 , 04:15:00,0,0
1034,18/10/2016 , 04:30:00,0,0
1035,18/10/2016 , 04:45:00,0,0
1036,18/10/2016 , 05:00:00,0,0
1037,18/10/2016 , 05:15:00,0,0
1038,18/10/2016 , 05:30:00,0,0
1039,18/10/2016 , 05:45:00,0,0
1040,18/10/2016 , 06:00:00,0,0
1041,18/10/2016 , 06:15:00,0,0
1042,18/10/2016 , 06:30:00,8,1.4
1043,18/10/2016 , 06:45:00,80,14.3
1044,18/10/2016 , 07:00:00,247,44.2
1045,18/10/2016 , 07:15:00,596,106.7
1046,18/10/2016 , 07:30:00,936,167.5
1047,18/10/2016 , 07:45:00,1297,232.2
1048,18/10/2016 , 08:00:00,1635,292.6
1049,18/10/2016 , 08:15:00,3046,545.2
1050,18/10/2016 , 08:30:00,3677,658.1
1051,18/10/2016 , 08:45:00,5138,919.7
1052,18/10/2016 , 09:00:00,5894,1055
1053,18/10/2016 , 09:15:00,5134,918.9
1054,18/10/2016 , 09:30:00,7551,1351.6
1055,18/10/2016 , 09:45:00,7844,1404
1056,18/10/2016 , 10:00:00,7542,1349.9
1057,18/10/2016 , 10:15:00,7851,1405.3
1058,18/10/2016 , 10:30:00,10178,1821.8
1059,18/10/2016 , 10:45:00,6280,1124.1
1060,18/10/2016 , 11:00:00,4952,886.4
1061,18/10/2016 , 11:15:00,10571,1892.1
1062,18/10/2016 , 11:30:00,11769,2106.5
1063,18/10/2016 , 11:45:00,10543,1887.1
1064,18/10/2016 , 12:00:00,12286,2199.1
1065,18/10/2016 , 12:15:00,13056,2336.9
1066,18/10/2016 , 12:30:00,14216,2544.5
1067,18/10/2016 , 12:45:00,10455,1871.3
1068,18/10/2016 , 13:00:00,11167,1998.8
1069,18/10/2016 , 13:15:00,10972,1963.9
1070,18/10/2016 , 13:30:00,12109,2167.4
1071,18/10/2016 , 13:45:00,11087,1984.5
1072,18/10/2016 , 14:00:00,10922,1954.9
1073,18/10/2016 , 14:15:00,12828,2296.1
1074,18/10/2016 , 14:30:00,9057,1621.1
1075,18/10/2016 , 14:45:00,11457,2050.7
1076,18/10/2016 , 15:00:00,11149,1995.6
1077,18/10/2016 , 15:15:00,7424,1328.8
1078,18/10/2016 , 15:30:00,6646,1189.6
1079,18/10/2016 , 15:45:00,6830,1222.5
1080,18/10/2016 , 16:00:00,7978,1428
1081,18/10/2016 , 16:15:00,4046,724.2
1082,18/10/2016 , 16:30:00,3583,641.3
1083,18/10/2016 , 16:45:00,4465,799.2
1084,18/10/2016 , 17:00:00,3252,582.1
1085,18/10/2016 , 17:15:00,811,145.2
1086,18/10/2016 , 17:30:00,789,141.2
1087,18/10/2016 , 17:45:00,789,141.2
1088,18/10/2016 , 18:00:00,245,43.9
1089,18/10/2016 , 18:15:00,94,16.8
1090,18/10/2016 , 18:30:00,7,1.3
1091,18/10/2016 , 18:45:00,0,0
1092,18/10/2016 , 19:00:00,0,0
1093,18/10/2016 , 19:15:00,0,0
1094,18/10/2016 , 19:30:00,0,0
1095,18/10/2016 , 19:45:00,0,0
1096,18/10/2016 , 20:00:00,0,0
1097,18/10/2016 , 20:15:00,0,0
1098,18/10/2016 , 20:30:00,0,0
1099,18/10/2016 , 20:45:00,0,0
1100,18/10/2016 , 21:00:00,0,0
1101,18/10/2016 , 21:15:00,0,0
1102,18/10/2016 , 21:30:00,0,0
1103,18/10/2016 , 21:45:00,0,0
1104,18/10/2016 , 22:00:00,0,0
1105,18/10/2016 , 22:15:00,0,0
1106,18/10/2016 , 22:30:00,0,0
1107,18/10/2016 , 22:45:00,0,0
1108,18/10/2016 , 23:00:00,0,0
1109,18/10/2016 , 23:15:00,0,0
1110,18/10/2016 , 23:30:00,0,0
1111,18/10/2016 , 23:45:00,0,0
1112,18/10/2016 , 24:00:00,0,0
1113,19/10/2016 , 00:15:00,0,0
1114,19/10/2016 , 00:30:00,0,0
1115,19/10/2016 , 00:45:00,0,0
1116,19/10/2016 , 01:00:00,0,0
1117,19/10/2016 , 01:15:00,0,0
1118,19/10/2016 , 01:30:00,0,0
1119,19/10/2016 , 01:45:00,0,0
1120,19/10/2016 , 02:00:00,0,0
1121,19/10/2016 , 02:15:00,0,0
1122,19/10/2016 , 02:30:00,0,0
1123,19/10/2016 , 02:45:00,0,0
1124,19/10/2016 , 03:00:00,0,0
1125,19/10/2016 , 03:15:00,0,0
1126,19/10/2016 , 03:30:00,0,0
1127,19/10/2016 , 03:45:00,0,0
1128,19/10/2016 , 04:00:00,0,0
1129,19/10/2016 , 04:15:00,0,0
1130,19/10/2016 , 04:30:00,0,0
1131,19/10/2016 , 04:45:00,0,0
1132,19/10/2016 , 05:00:00,0,0
1133,19/10/2016 , 05:15:00,0,0
1134,19/10/2016 , 05:30:00,0,0
1135,19/10/2016 , 05:45:00,0,0
1136,19/10/2016 , 06:00:00,0,0
1137,19/10/2016 , 06:15:00,0,0
1138,19/10/2016 , 06:30:00,9,1.6
1139,19/10/2016 , 06:45:00,100,17.9
1140,19/10/2016 , 07:00:00,402,72
1141,19/10/2016 , 07:15:00,597,106.9
1142,19/10/2016 , 07:30:00,1068,191.2
1143,19/10/2016 , 07:45:00,1472,263.5
1144,19/10/2016 , 08:00:00,2229,399
1145,19/10/2016 , 08:15:00,2805,502.1
1146,19/10/2016 , 08:30:00,2783,498.1
1147,19/10/2016 , 08:45:00,4149,742.6
1148,19/10/2016 , 09:00:00,4391,785.9
1149,19/10/2016 , 09:15:00,4311,771.6
1150,19/10/2016 , 09:30:00,4846,867.4
1151,19/10/2016 , 09:45:00,4728,846.3
1152,19/10/2016 , 10:00:00,5432,972.3
1153,19/10/2016 , 10:15:00,4442,795.1
1154,19/10/2016 , 10:30:00,4617,826.4
1155,19/10/2016 , 10:45:00,4297,769.1
1156,19/10/2016 , 11:00:00,5198,930.4
1157,19/10/2016 , 11:15:00,7544,1350.3
1158,19/10/2016 , 11:30:00,10355,1853.4
1159,19/10/2016 , 11:45:00,8336,1492.1
1160,19/10/2016 , 12:00:00,9012,1613.1
1161,19/10/2016 , 12:15:00,6500,1163.4
1162,19/10/2016 , 12:30:00,5535,990.7
1163,19/10/2016 , 12:45:00,5613,1004.7
1164,19/10/2016 , 13:00:00,6620,1184.9
1165,19/10/2016 , 13:15:00,5986,1071.4
1166,19/10/2016 , 13:30:00,5348,957.2
1167,19/10/2016 , 13:45:00,4746,849.5
1168,19/10/2016 , 14:00:00,3460,619.3
1169,19/10/2016 , 14:15:00,3643,652.1
1170,19/10/2016 , 14:30:00,3585,641.7
1171,19/10/2016 , 14:45:00,3190,571
1172,19/10/2016 , 15:00:00,2395,428.7
1173,19/10/2016 , 15:15:00,2155,385.7
1174,19/10/2016 , 15:30:00,2437,436.2
1175,19/10/2016 , 15:45:00,2487,445.2
1176,19/10/2016 , 16:00:00,2045,366
1177,19/10/2016 , 16:15:00,3133,560.8
1178,19/10/2016 , 16:30:00,2594,464.3
1179,19/10/2016 , 16:45:00,1545,276.5
1180,19/10/2016 , 17:00:00,833,149.1
1181,19/10/2016 , 17:15:00,702,125.7
1182,19/10/2016 , 17:30:00,594,106.3
1183,19/10/2016 , 17:45:00,495,88.6
1184,19/10/2016 , 18:00:00,289,51.7
1185,19/10/2016 , 18:15:00,70,12.5
1186,19/10/2016 , 18:30:00,3,0.5
1187,19/10/2016 , 18:45:00,0,0
1188,19/10/2016 , 19:00:00,0,0
1189,19/10/2016 , 19:15:00,0,0
1190,19/10/2016 , 19:30:00,0,0
1191,19/10/2016 , 19:45:00,0,0
1192,19/10/2016 , 20:00:00,0,0
1193,19/10/2016 , 20:15:00,0,0
1194,19/10/2016 , 20:30:00,0,0
1195,19/10/2016 , 20:45:00,0,0
1196,19/10/2016 , 21:00:00,0,0
1197,19/10/2016 , 21:15:00,0,0
1198,19/10/2016 , 21:30:00,0,0
1199,19/10/2016 , 21:45:00,0,0
1200,19/10/2016 , 22:00:00,0,0
1201,19/10/2016 , 22:15:00,0,0
1202,19/10/2016 , 22:30:00,0,0
1203,19/10/2016 , 22:45:00,0,0
1204,19/10/2016 , 23:00:00,0,0
1205,19/10/2016 , 23:15:00,0,0
1206,19/10/2016 , 23:30:00,0,0
1207,19/10/2016 , 23:45:00,0,0
1208,19/10/2016 , 24:00:00,0,0
1209,20/10/2016 , 00:15:00,0,0
1210,20/10/2016 , 00:30:00,0,0
1211,20/10/2016 , 00:45:00,0,0
1212,20/10/2016 , 01:00:00,0,0
1213,20/10/2016 , 01:15:00,0,0
1214,20/10/2016 , 01:30:00,0,0
1215,20/10/2016 , 01:45:00,0,0
1216,20/10/2016 , 02:00:00,0,0
1217,20/10/2016 , 02:15:00,0,0
1218,20/10/2016 , 02:30:00,0,0
1219,20/10/2016 , 02:45:00,0,0
1220,20/10/2016 , 03:00:00,0,0
1221,20/10/2016 , 03:15:00,0,0
1222,20/10/2016 , 03:30:00,0,0
1223,20/10/2016 , 03:45:00,0,0
1224,20/10/2016 , 04:00:00,0,0
1225,20/10/2016 , 04:15:00,0,0
1226,20/10/2016 , 04:30:00,0,0
1227,20/10/2016 , 04:45:00,0,0
1228,20/10/2016 , 05:00:00,0,0
1229,20/10/2016 , 05:15:00,0,0
1230,20/10/2016 , 05:30:00,0,0
1231,20/10/2016 , 05:45:00,0,0
1232,20/10/2016 , 06:00:00,0,0
1233,20/10/2016 , 06:15:00,0,0
1234,20/10/2016 , 06:30:00,9,1.6
1235,20/10/2016 , 06:45:00,101,18.1
1236,20/10/2016 , 07:00:00,361,64.6
1237,20/10/2016 , 07:15:00,694,124.2
1238,20/10/2016 , 07:30:00,932,166.8
1239,20/10/2016 , 07:45:00,1066,190.8
1240,20/10/2016 , 08:00:00,2099,375.7
1241,20/10/2016 , 08:15:00,1863,333.5
1242,20/10/2016 , 08:30:00,3017,540
1243,20/10/2016 , 08:45:00,4661,834.3
1244,20/10/2016 , 09:00:00,4396,786.8
1245,20/10/2016 , 09:15:00,5846,1046.4
1246,20/10/2016 , 09:30:00,4655,833.2
1247,20/10/2016 , 09:45:00,6415,1148.2
1248,20/10/2016 , 10:00:00,6545,1171.5
1249,20/10/2016 , 10:15:00,4484,802.6
1250,20/10/2016 , 10:30:00,8513,1523.7
1251,20/10/2016 , 10:45:00,9980,1786.3
1252,20/10/2016 , 11:00:00,10189,1823.7
1253,20/10/2016 , 11:15:00,10878,1947.1
1254,20/10/2016 , 11:30:00,11273,2017.8
1255,20/10/2016 , 11:45:00,11090,1985
1256,20/10/2016 , 12:00:00,12749,2282
1257,20/10/2016 , 12:15:00,12519,2240.8
1258,20/10/2016 , 12:30:00,11582,2073.1
1259,20/10/2016 , 12:45:00,10806,1934.2
1260,20/10/2016 , 13:00:00,12677,2269.1
1261,20/10/2016 , 13:15:00,13538,2423.2
1262,20/10/2016 , 13:30:00,7143,1278.5
1263,20/10/2016 , 13:45:00,5085,910.2
1264,20/10/2016 , 14:00:00,7498,1342.1
1265,20/10/2016 , 14:15:00,8381,1500.1
1266,20/10/2016 , 14:30:00,8746,1565.5
1267,20/10/2016 , 14:45:00,6402,1145.9
1268,20/10/2016 , 15:00:00,9074,1624.2
1269,20/10/2016 , 15:15:00,8502,1521.8
1270,20/10/2016 , 15:30:00,8476,1517.1
1271,20/10/2016 , 15:45:00,7495,1341.5
1272,20/10/2016 , 16:00:00,6917,1238.1
1273,20/10/2016 , 16:15:00,4706,842.3
1274,20/10/2016 , 16:30:00,3502,626.8
1275,20/10/2016 , 16:45:00,2326,416.3
1276,20/10/2016 , 17:00:00,1938,346.9
1277,20/10/2016 , 17:15:00,1420,254.2
1278,20/10/2016 , 17:30:00,1120,200.5
1279,20/10/2016 , 17:45:00,563,100.8
1280,20/10/2016 , 18:00:00,212,37.9
1281,20/10/2016 , 18:15:00,41,7.3
1282,20/10/2016 , 18:30:00,2,0.4
1283,20/10/2016 , 18:45:00,0,0
1284,20/10/2016 , 19:00:00,0,0
1285,20/10/2016 , 19:15:00,0,0
1286,20/10/2016 , 19:30:00,0,0
1287,20/10/2016 , 19:45:00,0,0
1288,20/10/2016 , 20:00:00,0,0
1289,20/10/2016 , 20:15:00,0,0
1290,20/10/2016 , 20:30:00,0,0
1291,20/10/2016 , 20:45:00,0,0
1292,20/10/2016 , 21:00:00,0,0
1293,20/10/2016 , 21:15:00,0,0
1294,20/10/2016 , 21:30:00,0,0
1295,20/10/2016 , 21:45:00,0,0
1296,20/10/2016 , 22:00:00,0,0
1297,20/10/2016 , 22:15:00,0,0
1298,20/10/2016 , 22:30:00,0,0
1299,20/10/2016 , 22:45:00,0,0
1300,20/10/2016 , 23:00:00,0,0
1301,20/10/2016 , 23:15:00,0,0
1302,20/10/2016 , 23:30:00,0,0
1303,20/10/2016 , 23:45:00,0,0
1304,20/10/2016 , 24:00:00,0,0
1305,21/10/2016 , 00:15:00,0,0
1306,21/10/2016 , 00:30:00,0,0
1307,21/10/2016 , 00:45:00,0,0
1308,21/10/2016 , 01:00:00,0,0
1309,21/10/2016 , 01:15:00,0,0
1310,21/10/2016 , 01:30:00,0,0
1311,21/10/2016 , 01:45:00,0,0
1312,21/10/2016 , 02:00:00,0,0
1313,21/10/2016 , 02:15:00,0,0
1314,21/10/2016 , 02:30:00,0,0
1315,21/10/2016 , 02:45:00,0,0
1316,21/10/2016 , 03:00:00,0,0
1317,21/10/2016 , 03:15:00,0,0
1318,21/10/2016 , 03:30:00,0,0
1319,21/10/2016 , 03:45:00,0,0
1320,21/10/2016 , 04:00:00,0,0
1321,21/10/2016 , 04:15:00,0,0
1322,21/10/2016 , 04:30:00,0,0
1323,21/10/2016 , 04:45:00,0,0
1324,21/10/2016 , 05:00:00,0,0
1325,21/10/2016 , 05:15:00,0,0
1326,21/10/2016 , 05:30:00,0,0
1327,21/10/2016 , 05:45:00,0,0
1328,21/10/2016 , 06:00:00,0,0
1329,21/10/2016 , 06:15:00,0,0
1330,21/10/2016 , 06:30:00,6,1.1
1331,21/10/2016 , 06:45:00,73,13.1
1332,21/10/2016 , 07:00:00,324,58
1333,21/10/2016 , 07:15:00,567,101.5
1334,21/10/2016 , 07:30:00,521,93.3
1335,21/10/2016 , 07:45:00,1614,288.9
1336,21/10/2016 , 08:00:00,1952,349.4
1337,21/10/2016 , 08:15:00,2528,452.5
1338,21/10/2016 , 08:30:00,2319,415.1
1339,21/10/2016 , 08:45:00,3459,619.1
1340,21/10/2016 , 09:00:00,4146,742.1
1341,21/10/2016 , 09:15:00,4994,893.9
1342,21/10/2016 , 09:30:00,4863,870.4
1343,21/10/2016 , 09:45:00,4631,828.9
1344,21/10/2016 , 10:00:00,4267,763.8
1345,21/10/2016 , 10:15:00,7053,1262.4
1346,21/10/2016 , 10:30:00,9933,1777.9
1347,21/10/2016 , 10:45:00,9818,1757.3
1348,21/10/2016 , 11:00:00,9728,1741.2
1349,21/10/2016 , 11:15:00,10648,1905.9
1350,21/10/2016 , 11:30:00,11245,2012.8
1351,21/10/2016 , 11:45:00,12966,2320.8
1352,21/10/2016 , 12:00:00,13396,2397.8
1353,21/10/2016 , 12:15:00,7574,1355.7
1354,21/10/2016 , 12:30:00,4949,885.8
1355,21/10/2016 , 12:45:00,10017,1793
1356,21/10/2016 , 13:00:00,13814,2472.6
1357,21/10/2016 , 13:15:00,9981,1786.5
1358,21/10/2016 , 13:30:00,4371,782.4
1359,21/10/2016 , 13:45:00,5006,896
1360,21/10/2016 , 14:00:00,3347,599.1
1361,21/10/2016 , 14:15:00,6109,1093.5
1362,21/10/2016 , 14:30:00,4510,807.2
1363,21/10/2016 , 14:45:00,2096,375.2
1364,21/10/2016 , 15:00:00,2853,510.7
1365,21/10/2016 , 15:15:00,3181,569.4
1366,21/10/2016 , 15:30:00,2593,464.1
1367,21/10/2016 , 15:45:00,3042,544.5
1368,21/10/2016 , 16:00:00,1943,347.8
1369,21/10/2016 , 16:15:00,1866,334
1370,21/10/2016 , 16:30:00,1436,257
1371,21/10/2016 , 16:45:00,1197,214.3
1372,21/10/2016 , 17:00:00,1112,199
1373,21/10/2016 , 17:15:00,796,142.5
1374,21/10/2016 , 17:30:00,413,73.9
1375,21/10/2016 , 17:45:00,296,53
1376,21/10/2016 , 18:00:00,143,25.6
1377,21/10/2016 , 18:15:00,51,9.1
1378,21/10/2016 , 18:30:00,2,0.4
1379,21/10/2016 , 18:45:00,0,0
1380,21/10/2016 , 19:00:00,0,0
1381,21/10/2016 , 19:15:00,0,0
1382,21/10/2016 , 19:30:00,0,0
1383,21/10/2016 , 19:45:00,0,0
1384,21/10/2016 , 20:00:00,0,0
1385,21/10/2016 , 20:15:00,0,0
1386,21/10/2016 , 20:30:00,0,0
1387,21/10/2016 , 20:45:00,0,0
1388,21/10/2016 , 21:00:00,0,0
1389,21/10/2016 , 21:15:00,0,0
1390,21/10/2016 , 21:30:00,0,0
1391,21/10/2016 , 21:45:00,0,0
1392,21/10/2016 , 22:00:00,0,0
1393,21/10/2016 , 22:15:00,0,0
1394,21/10/2016 , 22:30:00,0,0
1395,21/10/2016 , 22:45:00,0,0
1396,21/10/2016 , 23:00:00,0,0
1397,21/10/2016 , 23:15:00,0,0
1398,21/10/2016 , 23:30:00,0,0
1399,21/10/2016 , 23:45:00,0,0
1400,21/10/2016 , 24:00:00,0,0
1401,22/10/2016 , 00:15:00,0,0
1402,22/10/2016 , 00:30:00,0,0
1403,22/10/2016 , 00:45:00,0,0
1404,22/10/2016 , 01:00:00,0,0
1405,22/10/2016 , 01:15:00,0,0
1406,22/10/2016 , 01:30:00,0,0
1407,22/10/2016 , 01:45:00,0,0
1408,22/10/2016 , 02:00:00,0,0
1409,22/10/2016 , 02:15:00,0,0
1410,22/10/2016 , 02:30:00,0,0
1411,22/10/2016 , 02:45:00,0,0
1412,22/10/2016 , 03:00:00,0,0
1413,22/10/2016 , 03:15:00,0,0
1414,22/10/2016 , 03:30:00,0,0
1415,22/10/2016 , 03:45:00,0,0
1416,22/10/2016 , 04:00:00,0,0
1417,22/10/2016 , 04:15:00,0,0
1418,22/10/2016 , 04:30:00,0,0
1419,22/10/2016 , 04:45:00,0,0
1420,22/10/2016 , 05:00:00,0,0
1421,22/10/2016 , 05:15:00,0,0
1422,22/10/2016 , 05:30:00,0,0
1423,22/10/2016 , 05:45:00,0,0
1424,22/10/2016 , 06:00:00,0,0
1425,22/10/2016 , 06:15:00,0,0
1426,22/10/2016 , 06:30:00,9,1.6
1427,22/10/2016 , 06:45:00,103,18.4
1428,22/10/2016 , 07:00:00,355,63.5
1429,22/10/2016 , 07:15:00,1086,194.4
1430,22/10/2016 , 07:30:00,1039,186
1431,22/10/2016 , 07:45:00,1677,300.2
1432,22/10/2016 , 08:00:00,1707,305.5
1433,22/10/2016 , 08:15:00,2922,523
1434,22/10/2016 , 08:30:00,2301,411.9
1435,22/10/2016 , 08:45:00,3626,649
1436,22/10/2016 , 09:00:00,3766,674.1
1437,22/10/2016 , 09:15:00,5281,945.3
1438,22/10/2016 , 09:30:00,4554,815.1
1439,22/10/2016 , 09:45:00,6074,1087.2
1440,22/10/2016 , 10:00:00,6862,1228.2
1441,22/10/2016 , 10:15:00,7763,1389.5
1442,22/10/2016 , 10:30:00,8714,1559.7
1443,22/10/2016 , 10:45:00,8840,1582.3
1444,22/10/2016 , 11:00:00,9256,1656.7
1445,22/10/2016 , 11:15:00,10255,1835.6
1446,22/10/2016 , 11:30:00,10487,1877.1
1447,22/10/2016 , 11:45:00,8740,1564.4
1448,22/10/2016 , 12:00:00,10172,1820.7
1449,22/10/2016 , 12:15:00,9733,1742.1
1450,22/10/2016 , 12:30:00,12238,2190.5
1451,22/10/2016 , 12:45:00,9464,1694
1452,22/10/2016 , 13:00:00,13084,2341.9
1453,22/10/2016 , 13:15:00,12935,2315.2
1454,22/10/2016 , 13:30:00,10736,1921.6
1455,22/10/2016 , 13:45:00,9213,1649
1456,22/10/2016 , 14:00:00,10127,1812.6
1457,22/10/2016 , 14:15:00,10337,1850.2
1458,22/10/2016 , 14:30:00,11732,2099.9
1459,22/10/2016 , 14:45:00,12131,2171.3
1460,22/10/2016 , 15:00:00,10297,1843.1
1461,22/10/2016 , 15:15:00,9847,1762.5
1462,22/10/2016 , 15:30:00,5412,968.7
1463,22/10/2016 , 15:45:00,5862,1049.2
1464,22/10/2016 , 16:00:00,7163,1282.1
1465,22/10/2016 , 16:15:00,3460,619.3
1466,22/10/2016 , 16:30:00,2375,425.1
1467,22/10/2016 , 16:45:00,2028,363
1468,22/10/2016 , 17:00:00,1190,213
1469,22/10/2016 , 17:15:00,839,150.2
1470,22/10/2016 , 17:30:00,691,123.7
1471,22/10/2016 , 17:45:00,395,70.7
1472,22/10/2016 , 18:00:00,205,36.7
1473,22/10/2016 , 18:15:00,36,6.4
1474,22/10/2016 , 18:30:00,2,0.4
1475,22/10/2016 , 18:45:00,0,0
1476,22/10/2016 , 19:00:00,0,0
1477,22/10/2016 , 19:15:00,0,0
1478,22/10/2016 , 19:30:00,0,0
1479,22/10/2016 , 19:45:00,0,0
1480,22/10/2016 , 20:00:00,0,0
1481,22/10/2016 , 20:15:00,0,0
1482,22/10/2016 , 20:30:00,0,0
1483,22/10/2016 , 20:45:00,0,0
1484,22/10/2016 , 21:00:00,0,0
1485,22/10/2016 , 21:15:00,0,0
1486,22/10/2016 , 21:30:00,0,0
1487,22/10/2016 , 21:45:00,0,0
1488,22/10/2016 , 22:00:00,0,0
1489,22/10/2016 , 22:15:00,0,0
1490,22/10/2016 , 22:30:00,0,0
1491,22/10/2016 , 22:45:00,0,0
1492,22/10/2016 , 23:00:00,0,0
1493,22/10/2016 , 23:15:00,0,0
1494,22/10/2016 , 23:30:00,0,0
1495,22/10/2016 , 23:45:00,0,0
1496,22/10/2016 , 24:00:00,0,0
1497,23/10/2016 , 00:15:00,0,0
1498,23/10/2016 , 00:30:00,0,0
1499,23/10/2016 , 00:45:00,0,0
1500,23/10/2016 , 01:00:00,0,0
1501,23/10/2016 , 01:15:00,0,0
1502,23/10/2016 , 01:30:00,0,0
1503,23/10/2016 , 01:45:00,0,0
1504,23/10/2016 , 02:00:00,0,0
1505,23/10/2016 , 02:15:00,0,0
1506,23/10/2016 , 02:30:00,0,0
1507,23/10/2016 , 02:45:00,0,0
1508,23/10/2016 , 03:00:00,0,0
1509,23/10/2016 , 03:15:00,0,0
1510,23/10/2016 , 03:30:00,0,0
1511,23/10/2016 , 03:45:00,0,0
1512,23/10/2016 , 04:00:00,0,0
1513,23/10/2016 , 04:15:00,0,0
1514,23/10/2016 , 04:30:00,0,0
1515,23/10/2016 , 04:45:00,0,0
1516,23/10/2016 , 05:00:00,0,0
1517,23/10/2016 , 05:15:00,0,0
1518,23/10/2016 , 05:30:00,0,0
1519,23/10/2016 , 05:45:00,0,0
1520,23/10/2016 , 06:00:00,0,0
1521,23/10/2016 , 06:15:00,0,0
1522,23/10/2016 , 06:30:00,6,1.1
1523,23/10/2016 , 06:45:00,94,16.8
1524,23/10/2016 , 07:00:00,295,52.8
1525,23/10/2016 , 07:15:00,628,112.4
1526,23/10/2016 , 07:30:00,858,153.6
1527,23/10/2016 , 07:45:00,1347,241.1
1528,23/10/2016 , 08:00:00,1809,323.8
1529,23/10/2016 , 08:15:00,2257,404
1530,23/10/2016 , 08:30:00,2752,492.6
1531,23/10/2016 , 08:45:00,3372,603.6
1532,23/10/2016 , 09:00:00,3942,705.6
1533,23/10/2016 , 09:15:00,4565,817.1
1534,23/10/2016 , 09:30:00,5014,897.5
1535,23/10/2016 , 09:45:00,6056,1084
1536,23/10/2016 , 10:00:00,7946,1422.3
1537,23/10/2016 , 10:15:00,6113,1094.2
1538,23/10/2016 , 10:30:00,7302,1307
1539,23/10/2016 , 10:45:00,8007,1433.2
1540,23/10/2016 , 11:00:00,8974,1606.3
1541,23/10/2016 , 11:15:00,8143,1457.5
1542,23/10/2016 , 11:30:00,10373,1856.7
1543,23/10/2016 , 11:45:00,11779,2108.3
1544,23/10/2016 , 12:00:00,12550,2246.3
1545,23/10/2016 , 12:15:00,13229,2367.9
1546,23/10/2016 , 12:30:00,12806,2292.2
1547,23/10/2016 , 12:45:00,10135,1814.1
1548,23/10/2016 , 13:00:00,13698,2451.8
1549,23/10/2016 , 13:15:00,13622,2438.2
1550,23/10/2016 , 13:30:00,12592,2253.9
1551,23/10/2016 , 13:45:00,10388,1859.4
1552,23/10/2016 , 14:00:00,11620,2079.9
1553,23/10/2016 , 14:15:00,12457,2229.7
1554,23/10/2016 , 14:30:00,11524,2062.7
1555,23/10/2016 , 14:45:00,11828,2117.1
1556,23/10/2016 , 15:00:00,11314,2025.1
1557,23/10/2016 , 15:15:00,9416,1685.4
1558,23/10/2016 , 15:30:00,9387,1680.2
1559,23/10/2016 , 15:45:00,8000,1431.9
1560,23/10/2016 , 16:00:00,7398,1324.2
1561,23/10/2016 , 16:15:00,6754,1208.9
1562,23/10/2016 , 16:30:00,5203,931.3
1563,23/10/2016 , 16:45:00,5779,1034.4
1564,23/10/2016 , 17:00:00,1546,276.7
1565,23/10/2016 , 17:15:00,1067,191
1566,23/10/2016 , 17:30:00,777,139.1
1567,23/10/2016 , 17:45:00,477,85.4
1568,23/10/2016 , 18:00:00,152,27.2
1569,23/10/2016 , 18:15:00,38,6.8
1570,23/10/2016 , 18:30:00,1,0.2
1571,23/10/2016 , 18:45:00,0,0
1572,23/10/2016 , 19:00:00,0,0
1573,23/10/2016 , 19:15:00,0,0
1574,23/10/2016 , 19:30:00,0,0
1575,23/10/2016 , 19:45:00,0,0
1576,23/10/2016 , 20:00:00,0,0
1577,23/10/2016 , 20:15:00,0,0
1578,23/10/2016 , 20:30:00,0,0
1579,23/10/2016 , 20:45:00,0,0
1580,23/10/2016 , 21:00:00,0,0
1581,23/10/2016 , 21:15:00,0,0
1582,23/10/2016 , 21:30:00,0,0
1583,23/10/2016 , 21:45:00,0,0
1584,23/10/2016 , 22:00:00,0,0
1585,23/10/2016 , 22:15:00,0,0
1586,23/10/2016 , 22:30:00,0,0
1587,23/10/2016 , 22:45:00,0,0
1588,23/10/2016 , 23:00:00,0,0
1589,23/10/2016 , 23:15:00,0,0
1590,23/10/2016 , 23:30:00,0,0
1591,23/10/2016 , 23:45:00,0,0
1592,23/10/2016 , 24:00:00,0,0
1593,24/10/2016 , 00:15:00,0,0
1594,24/10/2016 , 00:30:00,0,0
1595,24/10/2016 , 00:45:00,0,0
1596,24/10/2016 , 01:00:00,0,0
1597,24/10/2016 , 01:15:00,0,0
1598,24/10/2016 , 01:30:00,0,0
1599,24/10/2016 , 01:45:00,0,0
1600,24/10/2016 , 02:00:00,0,0
1601,24/10/2016 , 02:15:00,0,0
1602,24/10/2016 , 02:30:00,0,0
1603,24/10/2016 , 02:45:00,0,0
1604,24/10/2016 , 03:00:00,0,0
1605,24/10/2016 , 03:15:00,0,0
1606,24/10/2016 , 03:30:00,0,0
1607,24/10/2016 , 03:45:00,0,0
1608,24/10/2016 , 04:00:00,0,0
1609,24/10/2016 , 04:15:00,0,0
1610,24/10/2016 , 04:30:00,0,0
1611,24/10/2016 , 04:45:00,0,0
1612,24/10/2016 , 05:00:00,0,0
1613,24/10/2016 , 05:15:00,0,0
1614,24/10/2016 , 05:30:00,0,0
1615,24/10/2016 , 05:45:00,0,0
1616,24/10/2016 , 06:00:00,0,0
1617,24/10/2016 , 06:15:00,0,0
1618,24/10/2016 , 06:30:00,8,1.4
1619,24/10/2016 , 06:45:00,98,17.5
1620,24/10/2016 , 07:00:00,290,51.9
1621,24/10/2016 , 07:15:00,479,85.7
1622,24/10/2016 , 07:30:00,621,111.2
1623,24/10/2016 , 07:45:00,592,106
1624,24/10/2016 , 08:00:00,861,154.1
1625,24/10/2016 , 08:15:00,830,148.6
1626,24/10/2016 , 08:30:00,927,165.9
1627,24/10/2016 , 08:45:00,1856,332.2
1628,24/10/2016 , 09:00:00,3537,633.1
1629,24/10/2016 , 09:15:00,2600,465.4
1630,24/10/2016 , 09:30:00,2725,487.7
1631,24/10/2016 , 09:45:00,2709,484.9
1632,24/10/2016 , 10:00:00,2649,474.1
1633,24/10/2016 , 10:15:00,2770,495.8
1634,24/10/2016 , 10:30:00,2878,515.1
1635,24/10/2016 , 10:45:00,6094,1090.8
1636,24/10/2016 , 11:00:00,4552,814.8
1637,24/10/2016 , 11:15:00,5008,896.4
1638,24/10/2016 , 11:30:00,3961,709
1639,24/10/2016 , 11:45:00,2706,484.3
1640,24/10/2016 , 12:00:00,4851,868.3
1641,24/10/2016 , 12:15:00,2950,528
1642,24/10/2016 , 12:30:00,3572,639.4
1643,24/10/2016 , 12:45:00,3097,554.3
1644,24/10/2016 , 13:00:00,2853,510.7
1645,24/10/2016 , 13:15:00,3462,619.7
1646,24/10/2016 , 13:30:00,3739,669.2
1647,24/10/2016 , 13:45:00,3963,709.3
1648,24/10/2016 , 14:00:00,4529,810.6
1649,24/10/2016 , 14:15:00,4269,764.1
1650,24/10/2016 , 14:30:00,5470,979.1
1651,24/10/2016 , 14:45:00,5550,993.4
1652,24/10/2016 , 15:00:00,5198,930.4
1653,24/10/2016 , 15:15:00,4625,827.8
1654,24/10/2016 , 15:30:00,4029,721.2
1655,24/10/2016 , 15:45:00,3448,617.2
1656,24/10/2016 , 16:00:00,3041,544.3
1657,24/10/2016 , 16:15:00,2596,464.7
1658,24/10/2016 , 16:30:00,1736,310.7
1659,24/10/2016 , 16:45:00,1498,268.1
1660,24/10/2016 , 17:00:00,1241,222.1
1661,24/10/2016 , 17:15:00,1000,179
1662,24/10/2016 , 17:30:00,763,136.6
1663,24/10/2016 , 17:45:00,567,101.5
1664,24/10/2016 , 18:00:00,290,51.9
1665,24/10/2016 , 18:15:00,66,11.8
1666,24/10/2016 , 18:30:00,2,0.4
1667,24/10/2016 , 18:45:00,0,0
1668,24/10/2016 , 19:00:00,0,0
1669,24/10/2016 , 19:15:00,0,0
1670,24/10/2016 , 19:30:00,0,0
1671,24/10/2016 , 19:45:00,0,0
1672,24/10/2016 , 20:00:00,0,0
1673,24/10/2016 , 20:15:00,0,0
1674,24/10/2016 , 20:30:00,0,0
1675,24/10/2016 , 20:45:00,0,0
1676,24/10/2016 , 21:00:00,0,0
1677,24/10/2016 , 21:15:00,0,0
1678,24/10/2016 , 21:30:00,0,0
1679,24/10/2016 , 21:45:00,0,0
1680,24/10/2016 , 22:00:00,0,0
1681,24/10/2016 , 22:15:00,0,0
1682,24/10/2016 , 22:30:00,0,0
1683,24/10/2016 , 22:45:00,0,0
1684,24/10/2016 , 23:00:00,0,0
1685,24/10/2016 , 23:15:00,0,0
1686,24/10/2016 , 23:30:00,0,0
1687,24/10/2016 , 23:45:00,0,0
1688,24/10/2016 , 24:00:00,0,0
1689,25/10/2016 , 00:15:00,0,0
1690,25/10/2016 , 00:30:00,0,0
1691,25/10/2016 , 00:45:00,0,0
1692,25/10/2016 , 01:00:00,0,0
1693,25/10/2016 , 01:15:00,0,0
1694,25/10/2016 , 01:30:00,0,0
1695,25/10/2016 , 01:45:00,0,0
1696,25/10/2016 , 02:00:00,0,0
1697,25/10/2016 , 02:15:00,0,0
1698,25/10/2016 , 02:30:00,0,0
1699,25/10/2016 , 02:45:00,0,0
1700,25/10/2016 , 03:00:00,0,0
1701,25/10/2016 , 03:15:00,0,0
1702,25/10/2016 , 03:30:00,0,0
1703,25/10/2016 , 03:45:00,0,0
1704,25/10/2016 , 04:00:00,0,0
1705,25/10/2016 , 04:15:00,0,0
1706,25/10/2016 , 04:30:00,0,0
1707,25/10/2016 , 04:45:00,0,0
1708,25/10/2016 , 05:00:00,0,0
1709,25/10/2016 , 05:15:00,0,0
1710,25/10/2016 , 05:30:00,0,0
1711,25/10/2016 , 05:45:00,0,0
1712,25/10/2016 , 06:00:00,0,0
1713,25/10/2016 , 06:15:00,0,0
1714,25/10/2016 , 06:30:00,7,1.3
1715,25/10/2016 , 06:45:00,98,17.5
1716,25/10/2016 , 07:00:00,369,66
1717,25/10/2016 , 07:15:00,689,123.3
1718,25/10/2016 , 07:30:00,1057,189.2
1719,25/10/2016 , 07:45:00,1527,273.3
1720,25/10/2016 , 08:00:00,2000,358
1721,25/10/2016 , 08:15:00,2592,463.9
1722,25/10/2016 , 08:30:00,3011,538.9
1723,25/10/2016 , 08:45:00,3326,595.3
1724,25/10/2016 , 09:00:00,4241,759.1
1725,25/10/2016 , 09:15:00,4821,862.9
1726,25/10/2016 , 09:30:00,5248,939.3
1727,25/10/2016 , 09:45:00,6012,1076.1
1728,25/10/2016 , 10:00:00,6659,1191.9
1729,25/10/2016 , 10:15:00,7561,1353.3
1730,25/10/2016 , 10:30:00,8157,1460
1731,25/10/2016 , 10:45:00,7418,1327.8
1732,25/10/2016 , 11:00:00,9668,1730.5
1733,25/10/2016 , 11:15:00,10174,1821.1
1734,25/10/2016 , 11:30:00,10728,1920.2
1735,25/10/2016 , 11:45:00,10736,1921.6
1736,25/10/2016 , 12:00:00,11815,2114.8
1737,25/10/2016 , 12:15:00,12427,2224.3
1738,25/10/2016 , 12:30:00,12380,2215.9
1739,25/10/2016 , 12:45:00,13287,2378.3
1740,25/10/2016 , 13:00:00,12761,2284.1
1741,25/10/2016 , 13:15:00,10653,1906.8
1742,25/10/2016 , 13:30:00,13359,2391.1
1743,25/10/2016 , 13:45:00,14648,2621.9
1744,25/10/2016 , 14:00:00,12379,2215.7
1745,25/10/2016 , 14:15:00,12531,2242.9
1746,25/10/2016 , 14:30:00,13212,2364.8
1747,25/10/2016 , 14:45:00,8780,1571.5
1748,25/10/2016 , 15:00:00,12242,2191.2
1749,25/10/2016 , 15:15:00,10342,1851.1
1750,25/10/2016 , 15:30:00,9451,1691.6
1751,25/10/2016 , 15:45:00,8131,1455.4
1752,25/10/2016 , 16:00:00,7146,1279.1
1753,25/10/2016 , 16:15:00,4361,780.6
1754,25/10/2016 , 16:30:00,2976,532.7
1755,25/10/2016 , 16:45:00,2023,362.1
1756,25/10/2016 , 17:00:00,1719,307.7
1757,25/10/2016 , 17:15:00,1515,271.2
1758,25/10/2016 , 17:30:00,973,174.2
1759,25/10/2016 , 17:45:00,526,94.1
1760,25/10/2016 , 18:00:00,238,42.6
1761,25/10/2016 , 18:15:00,56,10
1762,25/10/2016 , 18:30:00,1,0.2
1763,25/10/2016 , 18:45:00,0,0
1764,25/10/2016 , 19:00:00,0,0
1765,25/10/2016 , 19:15:00,0,0
1766,25/10/2016 , 19:30:00,0,0
1767,25/10/2016 , 19:45:00,0,0
1768,25/10/2016 , 20:00:00,0,0
1769,25/10/2016 , 20:15:00,0,0
1770,25/10/2016 , 20:30:00,0,0
1771,25/10/2016 , 20:45:00,0,0
1772,25/10/2016 , 21:00:00,0,0
1773,25/10/2016 , 21:15:00,0,0
1774,25/10/2016 , 21:30:00,0,0
1775,25/10/2016 , 21:45:00,0,0
1776,25/10/2016 , 22:00:00,0,0
1777,25/10/2016 , 22:15:00,0,0
1778,25/10/2016 , 22:30:00,0,0
1779,25/10/2016 , 22:45:00,0,0
1780,25/10/2016 , 23:00:00,0,0
1781,25/10/2016 , 23:15:00,0,0
1782,25/10/2016 , 23:30:00,0,0
1783,25/10/2016 , 23:45:00,0,0
1784,25/10/2016 , 24:00:00,0,0
1785,26/10/2016 , 00:15:00,0,0
1786,26/10/2016 , 00:30:00,0,0
1787,26/10/2016 , 00:45:00,0,0
1788,26/10/2016 , 01:00:00,0,0
1789,26/10/2016 , 01:15:00,0,0
1790,26/10/2016 , 01:30:00,0,0
1791,26/10/2016 , 01:45:00,0,0
1792,26/10/2016 , 02:00:00,0,0
1793,26/10/2016 , 02:15:00,0,0
1794,26/10/2016 , 02:30:00,0,0
1795,26/10/2016 , 02:45:00,0,0
1796,26/10/2016 , 03:00:00,0,0
1797,26/10/2016 , 03:15:00,0,0
1798,26/10/2016 , 03:30:00,0,0
1799,26/10/2016 , 03:45:00,0,0
1800,26/10/2016 , 04:00:00,0,0
1801,26/10/2016 , 04:15:00,0,0
1802,26/10/2016 , 04:30:00,0,0
1803,26/10/2016 , 04:45:00,0,0
1804,26/10/2016 , 05:00:00,0,0
1805,26/10/2016 , 05:15:00,0,0
1806,26/10/2016 , 05:30:00,0,0
1807,26/10/2016 , 05:45:00,0,0
1808,26/10/2016 , 06:00:00,0,0
1809,26/10/2016 , 06:15:00,0,0
1810,26/10/2016 , 06:30:00,5,0.9
1811,26/10/2016 , 06:45:00,93,16.6
1812,26/10/2016 , 07:00:00,536,95.9
1813,26/10/2016 , 07:15:00,1223,218.9
1814,26/10/2016 , 07:30:00,1194,213.7
1815,26/10/2016 , 07:45:00,1526,273.1
1816,26/10/2016 , 08:00:00,1181,211.4
1817,26/10/2016 , 08:15:00,2505,448.4
1818,26/10/2016 , 08:30:00,4103,734.4
1819,26/10/2016 , 08:45:00,4058,726.3
1820,26/10/2016 , 09:00:00,4598,823
1821,26/10/2016 , 09:15:00,6460,1156.3
1822,26/10/2016 , 09:30:00,6475,1159
1823,26/10/2016 , 09:45:00,3884,695.2
1824,26/10/2016 , 10:00:00,5830,1043.5
1825,26/10/2016 , 10:15:00,7092,1269.4
1826,26/10/2016 , 10:30:00,6811,1219.1
1827,26/10/2016 , 10:45:00,6843,1224.8
1828,26/10/2016 , 11:00:00,4407,788.8
1829,26/10/2016 , 11:15:00,9432,1688.2
1830,26/10/2016 , 11:30:00,5675,1015.8
1831,26/10/2016 , 11:45:00,7684,1375.4
1832,26/10/2016 , 12:00:00,6163,1103.1
1833,26/10/2016 , 12:15:00,12086,2163.3
1834,26/10/2016 , 12:30:00,9429,1687.7
1835,26/10/2016 , 12:45:00,5175,926.3
1836,26/10/2016 , 13:00:00,3929,703.3
1837,26/10/2016 , 13:15:00,5331,954.2
1838,26/10/2016 , 13:30:00,5723,1024.4
1839,26/10/2016 , 13:45:00,6515,1166.1
1840,26/10/2016 , 14:00:00,5333,954.6
1841,26/10/2016 , 14:15:00,5294,947.6
1842,26/10/2016 , 14:30:00,4432,793.3
1843,26/10/2016 , 14:45:00,4125,738.3
1844,26/10/2016 , 15:00:00,7554,1352.1
1845,26/10/2016 , 15:15:00,8990,1609.1
1846,26/10/2016 , 15:30:00,7093,1269.6
1847,26/10/2016 , 15:45:00,4735,847.5
1848,26/10/2016 , 16:00:00,4333,775.6
1849,26/10/2016 , 16:15:00,2295,410.8
1850,26/10/2016 , 16:30:00,1575,281.9
1851,26/10/2016 , 16:45:00,917,164.1
1852,26/10/2016 , 17:00:00,1287,230.4
1853,26/10/2016 , 17:15:00,420,75.2
1854,26/10/2016 , 17:30:00,497,89
1855,26/10/2016 , 17:45:00,248,44.4
1856,26/10/2016 , 18:00:00,93,16.6
1857,26/10/2016 , 18:15:00,8,1.4
1858,26/10/2016 , 18:30:00,0,0
1859,26/10/2016 , 18:45:00,0,0
1860,26/10/2016 , 19:00:00,0,0
1861,26/10/2016 , 19:15:00,0,0
1862,26/10/2016 , 19:30:00,0,0
1863,26/10/2016 , 19:45:00,0,0
1864,26/10/2016 , 20:00:00,0,0
1865,26/10/2016 , 20:15:00,0,0
1866,26/10/2016 , 20:30:00,0,0
1867,26/10/2016 , 20:45:00,0,0
1868,26/10/2016 , 21:00:00,0,0
1869,26/10/2016 , 21:15:00,0,0
1870,26/10/2016 , 21:30:00,0,0
1871,26/10/2016 , 21:45:00,0,0
1872,26/10/2016 , 22:00:00,0,0
1873,26/10/2016 , 22:15:00,0,0
1874,26/10/2016 , 22:30:00,0,0
1875,26/10/2016 , 22:45:00,0,0
1876,26/10/2016 , 23:00:00,0,0
1877,26/10/2016 , 23:15:00,0,0
1878,26/10/2016 , 23:30:00,0,0
1879,26/10/2016 , 23:45:00,0,0
1880,26/10/2016 , 24:00:00,0,0
1881,27/10/2016 , 00:15:00,0,0
1882,27/10/2016 , 00:30:00,0,0
1883,27/10/2016 , 00:45:00,0,0
1884,27/10/2016 , 01:00:00,0,0
1885,27/10/2016 , 01:15:00,0,0
1886,27/10/2016 , 01:30:00,0,0
1887,27/10/2016 , 01:45:00,0,0
1888,27/10/2016 , 02:00:00,0,0
1889,27/10/2016 , 02:15:00,0,0
1890,27/10/2016 , 02:30:00,0,0
1891,27/10/2016 , 02:45:00,0,0
1892,27/10/2016 , 03:00:00,0,0
1893,27/10/2016 , 03:15:00,0,0
1894,27/10/2016 , 03:30:00,0,0
1895,27/10/2016 , 03:45:00,0,0
1896,27/10/2016 , 04:00:00,0,0
1897,27/10/2016 , 04:15:00,0,0
1898,27/10/2016 , 04:30:00,0,0
1899,27/10/2016 , 04:45:00,0,0
1900,27/10/2016 , 05:00:00,0,0
1901,27/10/2016 , 05:15:00,0,0
1902,27/10/2016 , 05:30:00,0,0
1903,27/10/2016 , 05:45:00,0,0
1904,27/10/2016 , 06:00:00,0,0
1905,27/10/2016 , 06:15:00,0,0
1906,27/10/2016 , 06:30:00,4,0.7
1907,27/10/2016 , 06:45:00,61,10.9
1908,27/10/2016 , 07:00:00,306,54.8
1909,27/10/2016 , 07:15:00,617,110.4
1910,27/10/2016 , 07:30:00,1200,214.8
1911,27/10/2016 , 07:45:00,1804,322.9
1912,27/10/2016 , 08:00:00,2220,397.4
1913,27/10/2016 , 08:15:00,1878,336.1
1914,27/10/2016 , 08:30:00,2423,433.7
1915,27/10/2016 , 08:45:00,3653,653.9
1916,27/10/2016 , 09:00:00,4379,783.8
1917,27/10/2016 , 09:15:00,4460,798.3
1918,27/10/2016 , 09:30:00,4689,839.3
1919,27/10/2016 , 09:45:00,4915,879.7
1920,27/10/2016 , 10:00:00,6680,1195.7
1921,27/10/2016 , 10:15:00,6016,1076.8
1922,27/10/2016 , 10:30:00,6379,1141.8
1923,27/10/2016 , 10:45:00,5595,1001.5
1924,27/10/2016 , 11:00:00,4449,796.3
1925,27/10/2016 , 11:15:00,4488,803.3
1926,27/10/2016 , 11:30:00,5970,1068.6
1927,27/10/2016 , 11:45:00,7322,1310.6
1928,27/10/2016 , 12:00:00,9860,1764.8
1929,27/10/2016 , 12:15:00,9950,1781
1930,27/10/2016 , 12:30:00,8914,1595.5
1931,27/10/2016 , 12:45:00,8793,1573.9
1932,27/10/2016 , 13:00:00,12330,2207
1933,27/10/2016 , 13:15:00,8816,1578
1934,27/10/2016 , 13:30:00,4817,862.2
1935,27/10/2016 , 13:45:00,5460,977.3
1936,27/10/2016 , 14:00:00,6380,1142
1937,27/10/2016 , 14:15:00,5382,963.3
1938,27/10/2016 , 14:30:00,5832,1043.9
1939,27/10/2016 , 14:45:00,5543,992.1
1940,27/10/2016 , 15:00:00,3685,659.6
1941,27/10/2016 , 15:15:00,2742,490.8
1942,27/10/2016 , 15:30:00,3831,685.7
1943,27/10/2016 , 15:45:00,3799,680
1944,27/10/2016 , 16:00:00,3006,538
1945,27/10/2016 , 16:15:00,1576,282.1
1946,27/10/2016 , 16:30:00,2014,360.5
1947,27/10/2016 , 16:45:00,2038,364.8
1948,27/10/2016 , 17:00:00,1513,270.8
1949,27/10/2016 , 17:15:00,1029,184.2
1950,27/10/2016 , 17:30:00,696,124.6
1951,27/10/2016 , 17:45:00,404,72.3
1952,27/10/2016 , 18:00:00,155,27.7
1953,27/10/2016 , 18:15:00,22,3.9
1954,27/10/2016 , 18:30:00,0,0
1955,27/10/2016 , 18:45:00,0,0
1956,27/10/2016 , 19:00:00,0,0
1957,27/10/2016 , 19:15:00,0,0
1958,27/10/2016 , 19:30:00,0,0
1959,27/10/2016 , 19:45:00,0,0
1960,27/10/2016 , 20:00:00,0,0
1961,27/10/2016 , 20:15:00,0,0
1962,27/10/2016 , 20:30:00,0,0
1963,27/10/2016 , 20:45:00,0,0
1964,27/10/2016 , 21:00:00,0,0
1965,27/10/2016 , 21:15:00,0,0
1966,27/10/2016 , 21:30:00,0,0
1967,27/10/2016 , 21:45:00,0,0
1968,27/10/2016 , 22:00:00,0,0
1969,27/10/2016 , 22:15:00,0,0
1970,27/10/2016 , 22:30:00,0,0
1971,27/10/2016 , 22:45:00,0,0
1972,27/10/2016 , 23:00:00,0,0
1973,27/10/2016 , 23:15:00,0,0
1974,27/10/2016 , 23:30:00,0,0
1975,27/10/2016 , 23:45:00,0,0
1976,27/10/2016 , 24:00:00,0,0
1977,28/10/2016 , 00:15:00,0,0
1978,28/10/2016 , 00:30:00,0,0
1979,28/10/2016 , 00:45:00,0,0
1980,28/10/2016 , 01:00:00,0,0
1981,28/10/2016 , 01:15:00,0,0
1982,28/10/2016 , 01:30:00,0,0
1983,28/10/2016 , 01:45:00,0,0
1984,28/10/2016 , 02:00:00,0,0
1985,28/10/2016 , 02:15:00,0,0
1986,28/10/2016 , 02:30:00,0,0
1987,28/10/2016 , 02:45:00,0,0
1988,28/10/2016 , 03:00:00,0,0
1989,28/10/2016 , 03:15:00,0,0
1990,28/10/2016 , 03:30:00,0,0
1991,28/10/2016 , 03:45:00,0,0
1992,28/10/2016 , 04:00:00,0,0
1993,28/10/2016 , 04:15:00,0,0
1994,28/10/2016 , 04:30:00,0,0
1995,28/10/2016 , 04:45:00,0,0
1996,28/10/2016 , 05:00:00,0,0
1997,28/10/2016 , 05:15:00,0,0
1998,28/10/2016 , 05:30:00,0,0
1999,28/10/2016 , 05:45:00,0,0
2000,28/10/2016 , 06:00:00,0,0
2001,28/10/2016 , 06:15:00,0,0
2002,28/10/2016 , 06:30:00,2,0.4
2003,28/10/2016 , 06:45:00,72,12.9
2004,28/10/2016 , 07:00:00,367,65.7
2005,28/10/2016 , 07:15:00,910,162.9
2006,28/10/2016 , 07:30:00,1420,254.2
2007,28/10/2016 , 07:45:00,2641,472.7
2008,28/10/2016 , 08:00:00,3552,635.8
2009,28/10/2016 , 08:15:00,2875,514.6
2010,28/10/2016 , 08:30:00,3104,555.6
2011,28/10/2016 , 08:45:00,4530,810.8
2012,28/10/2016 , 09:00:00,5213,933.1
2013,28/10/2016 , 09:15:00,6503,1164
2014,28/10/2016 , 09:30:00,7201,1288.9
2015,28/10/2016 , 09:45:00,6610,1183.1
2016,28/10/2016 , 10:00:00,6516,1166.3
2017,28/10/2016 , 10:15:00,7382,1321.3
2018,28/10/2016 , 10:30:00,9648,1726.9
2019,28/10/2016 , 10:45:00,9527,1705.2
2020,28/10/2016 , 11:00:00,9412,1684.7
2021,28/10/2016 , 11:15:00,11012,1971
2022,28/10/2016 , 11:30:00,8629,1544.5
2023,28/10/2016 , 11:45:00,12974,2322.2
2024,28/10/2016 , 12:00:00,12648,2263.9
2025,28/10/2016 , 12:15:00,7328,1311.6
2026,28/10/2016 , 12:30:00,10196,1825
2027,28/10/2016 , 12:45:00,9823,1758.2
2028,28/10/2016 , 13:00:00,10923,1955.1
2029,28/10/2016 , 13:15:00,10279,1839.8
2030,28/10/2016 , 13:30:00,9540,1707.6
2031,28/10/2016 , 13:45:00,6952,1244.3
2032,28/10/2016 , 14:00:00,8010,1433.7
2033,28/10/2016 , 14:15:00,8255,1477.6
2034,28/10/2016 , 14:30:00,2989,535
2035,28/10/2016 , 14:45:00,4872,872
2036,28/10/2016 , 15:00:00,4483,802.4
2037,28/10/2016 , 15:15:00,3537,633.1
2038,28/10/2016 , 15:30:00,3294,589.6
2039,28/10/2016 , 15:45:00,2419,433
2040,28/10/2016 , 16:00:00,1983,354.9
2041,28/10/2016 , 16:15:00,2048,366.6
2042,28/10/2016 , 16:30:00,1585,283.7
2043,28/10/2016 , 16:45:00,1281,229.3
2044,28/10/2016 , 17:00:00,939,168.1
2045,28/10/2016 , 17:15:00,758,135.7
2046,28/10/2016 , 17:30:00,571,102.2
2047,28/10/2016 , 17:45:00,320,57.3
2048,28/10/2016 , 18:00:00,146,26.1
2049,28/10/2016 , 18:15:00,25,4.5
2050,28/10/2016 , 18:30:00,0,0
2051,28/10/2016 , 18:45:00,0,0
2052,28/10/2016 , 19:00:00,0,0
2053,28/10/2016 , 19:15:00,0,0
2054,28/10/2016 , 19:30:00,0,0
2055,28/10/2016 , 19:45:00,0,0
2056,28/10/2016 , 20:00:00,0,0
2057,28/10/2016 , 20:15:00,0,0
2058,28/10/2016 , 20:30:00,0,0
2059,28/10/2016 , 20:45:00,0,0
2060,28/10/2016 , 21:00:00,0,0
2061,28/10/2016 , 21:15:00,0,0
2062,28/10/2016 , 21:30:00,0,0
2063,28/10/2016 , 21:45:00,0,0
2064,28/10/2016 , 22:00:00,0,0
2065,28/10/2016 , 22:15:00,0,0
2066,28/10/2016 , 22:30:00,0,0
2067,28/10/2016 , 22:45:00,0,0
2068,28/10/2016 , 23:00:00,0,0
2069,28/10/2016 , 23:15:00,0,0
2070,28/10/2016 , 23:30:00,0,0
2071,28/10/2016 , 23:45:00,0,0
2072,28/10/2016 , 24:00:00,0,0
2073,29/10/2016 , 00:15:00,0,0
2074,29/10/2016 , 00:30:00,0,0
2075,29/10/2016 , 00:45:00,0,0
2076,29/10/2016 , 01:00:00,0,0
2077,29/10/2016 , 01:15:00,0,0
2078,29/10/2016 , 01:30:00,0,0
2079,29/10/2016 , 01:45:00,0,0
2080,29/10/2016 , 02:00:00,0,0
2081,29/10/2016 , 02:15:00,0,0
2082,29/10/2016 , 02:30:00,0,0
2083,29/10/2016 , 02:45:00,0,0
2084,29/10/2016 , 03:00:00,0,0
2085,29/10/2016 , 03:15:00,0,0
2086,29/10/2016 , 03:30:00,0,0
2087,29/10/2016 , 03:45:00,0,0
2088,29/10/2016 , 04:00:00,0,0
2089,29/10/2016 , 04:15:00,0,0
2090,29/10/2016 , 04:30:00,0,0
2091,29/10/2016 , 04:45:00,0,0
2092,29/10/2016 , 05:00:00,0,0
2093,29/10/2016 , 05:15:00,0,0
2094,29/10/2016 , 05:30:00,0,0
2095,29/10/2016 , 05:45:00,0,0
2096,29/10/2016 , 06:00:00,0,0
2097,29/10/2016 , 06:15:00,0,0
2098,29/10/2016 , 06:30:00,2,0.4
2099,29/10/2016 , 06:45:00,49,8.8
2100,29/10/2016 , 07:00:00,342,61.2
2101,29/10/2016 , 07:15:00,667,119.4
2102,29/10/2016 , 07:30:00,1066,190.8
2103,29/10/2016 , 07:45:00,2026,362.6
2104,29/10/2016 , 08:00:00,2570,460
2105,29/10/2016 , 08:15:00,3212,574.9
2106,29/10/2016 , 08:30:00,2705,484.2
2107,29/10/2016 , 08:45:00,3550,635.4
2108,29/10/2016 , 09:00:00,3852,689.5
2109,29/10/2016 , 09:15:00,2988,534.8
2110,29/10/2016 , 09:30:00,3764,673.7
2111,29/10/2016 , 09:45:00,4005,716.9
2112,29/10/2016 , 10:00:00,5278,944.7
2113,29/10/2016 , 10:15:00,3620,647.9
2114,29/10/2016 , 10:30:00,3981,712.6
2115,29/10/2016 , 10:45:00,5246,939
2116,29/10/2016 , 11:00:00,4737,847.9
2117,29/10/2016 , 11:15:00,4729,846.4
2118,29/10/2016 , 11:30:00,4010,717.8
2119,29/10/2016 , 11:45:00,6764,1210.7
2120,29/10/2016 , 12:00:00,6992,1251.5
2121,29/10/2016 , 12:15:00,6985,1250.3
2122,29/10/2016 , 12:30:00,5549,993.2
2123,29/10/2016 , 12:45:00,3078,550.9
2124,29/10/2016 , 13:00:00,11225,2009.2
2125,29/10/2016 , 13:15:00,9925,1776.5
2126,29/10/2016 , 13:30:00,8764,1568.7
2127,29/10/2016 , 13:45:00,6798,1216.8
2128,29/10/2016 , 14:00:00,10665,1908.9
2129,29/10/2016 , 14:15:00,6980,1249.4
2130,29/10/2016 , 14:30:00,5020,898.5
2131,29/10/2016 , 14:45:00,6384,1142.7
2132,29/10/2016 , 15:00:00,4705,842.2
2133,29/10/2016 , 15:15:00,3349,599.4
2134,29/10/2016 , 15:30:00,4246,760
2135,29/10/2016 , 15:45:00,3783,677.1
2136,29/10/2016 , 16:00:00,3567,638.5
2137,29/10/2016 , 16:15:00,2372,424.6
2138,29/10/2016 , 16:30:00,1494,267.4
2139,29/10/2016 , 16:45:00,1246,223
2140,29/10/2016 , 17:00:00,1547,276.9
2141,29/10/2016 , 17:15:00,785,140.5
2142,29/10/2016 , 17:30:00,565,101.1
2143,29/10/2016 , 17:45:00,334,59.8
2144,29/10/2016 , 18:00:00,134,24
2145,29/10/2016 , 18:15:00,26,4.7
2146,29/10/2016 , 18:30:00,0,0
2147,29/10/2016 , 18:45:00,0,0
2148,29/10/2016 , 19:00:00,0,0
2149,29/10/2016 , 19:15:00,0,0
2150,29/10/2016 , 19:30:00,0,0
2151,29/10/2016 , 19:45:00,0,0
2152,29/10/2016 , 20:00:00,0,0
2153,29/10/2016 , 20:15:00,0,0
2154,29/10/2016 , 20:30:00,0,0
2155,29/10/2016 , 20:45:00,0,0
2156,29/10/2016 , 21:00:00,0,0
2157,29/10/2016 , 21:15:00,0,0
2158,29/10/2016 , 21:30:00,0,0
2159,29/10/2016 , 21:45:00,0,0
2160,29/10/2016 , 22:00:00,0,0
2161,29/10/2016 , 22:15:00,0,0
2162,29/10/2016 , 22:30:00,0,0
2163,29/10/2016 , 22:45:00,0,0
2164,29/10/2016 , 23:00:00,0,0
2165,29/10/2016 , 23:15:00,0,0
2166,29/10/2016 , 23:30:00,0,0
2167,29/10/2016 , 23:45:00,0,0
2168,29/10/2016 , 24:00:00,0,0
2169,30/10/2016 , 00:15:00,0,0
2170,30/10/2016 , 00:30:00,0,0
2171,30/10/2016 , 00:45:00,0,0
2172,30/10/2016 , 01:00:00,0,0
2173,30/10/2016 , 01:15:00,0,0
2174,30/10/2016 , 01:30:00,0,0
2175,30/10/2016 , 01:45:00,0,0
2176,30/10/2016 , 02:00:00,0,0
2177,30/10/2016 , 02:15:00,0,0
2178,30/10/2016 , 02:30:00,0,0
2179,30/10/2016 , 02:45:00,0,0
2180,30/10/2016 , 03:00:00,0,0
2181,30/10/2016 , 03:15:00,0,0
2182,30/10/2016 , 03:30:00,0,0
2183,30/10/2016 , 03:45:00,0,0
2184,30/10/2016 , 04:00:00,0,0
2185,30/10/2016 , 04:15:00,0,0
2186,30/10/2016 , 04:30:00,0,0
2187,30/10/2016 , 04:45:00,0,0
2188,30/10/2016 , 05:00:00,0,0
2189,30/10/2016 , 05:15:00,0,0
2190,30/10/2016 , 05:30:00,0,0
2191,30/10/2016 , 05:45:00,0,0
2192,30/10/2016 , 06:00:00,0,0
2193,30/10/2016 , 06:15:00,0,0
2194,30/10/2016 , 06:30:00,2,0.4
2195,30/10/2016 , 06:45:00,64,11.5
2196,30/10/2016 , 07:00:00,218,39
2197,30/10/2016 , 07:15:00,469,83.9
2198,30/10/2016 , 07:30:00,571,102.2
2199,30/10/2016 , 07:45:00,991,177.4
2200,30/10/2016 , 08:00:00,1311,234.7
2201,30/10/2016 , 08:15:00,3845,688.2
2202,30/10/2016 , 08:30:00,3272,585.7
2203,30/10/2016 , 08:45:00,5036,901.4
2204,30/10/2016 , 09:00:00,5068,907.1
2205,30/10/2016 , 09:15:00,6752,1208.5
2206,30/10/2016 , 09:30:00,7357,1316.8
2207,30/10/2016 , 09:45:00,8417,1506.6
2208,30/10/2016 , 10:00:00,8081,1446.4
2209,30/10/2016 , 10:15:00,7942,1421.5
2210,30/10/2016 , 10:30:00,7465,1336.2
2211,30/10/2016 , 10:45:00,9262,1657.8
2212,30/10/2016 , 11:00:00,9913,1774.3
2213,30/10/2016 , 11:15:00,10346,1851.8
2214,30/10/2016 , 11:30:00,7454,1334.2
2215,30/10/2016 , 11:45:00,6976,1248.6
2216,30/10/2016 , 12:00:00,4714,843.8
2217,30/10/2016 , 12:15:00,5560,995.2
2218,30/10/2016 , 12:30:00,7030,1258.3
2219,30/10/2016 , 12:45:00,7819,1399.5
2220,30/10/2016 , 13:00:00,6771,1211.9
2221,30/10/2016 , 13:15:00,4160,744.6
2222,30/10/2016 , 13:30:00,11416,2043.4
2223,30/10/2016 , 13:45:00,11148,1995.4
2224,30/10/2016 , 14:00:00,8666,1551.1
2225,30/10/2016 , 14:15:00,10857,1943.3
2226,30/10/2016 , 14:30:00,6034,1080
2227,30/10/2016 , 14:45:00,7430,1329.9
2228,30/10/2016 , 15:00:00,3842,687.7
2229,30/10/2016 , 15:15:00,5634,1008.4
2230,30/10/2016 , 15:30:00,3934,704.1
2231,30/10/2016 , 15:45:00,5406,967.6
2232,30/10/2016 , 16:00:00,2467,441.6
2233,30/10/2016 , 16:15:00,4106,734.9
2234,30/10/2016 , 16:30:00,2128,380.9
2235,30/10/2016 , 16:45:00,1649,295.2
2236,30/10/2016 , 17:00:00,1004,179.7
2237,30/10/2016 , 17:15:00,787,140.9
2238,30/10/2016 , 17:30:00,635,113.7
2239,30/10/2016 , 17:45:00,333,59.6
2240,30/10/2016 , 18:00:00,120,21.5
2241,30/10/2016 , 18:15:00,20,3.6
2242,30/10/2016 , 18:30:00,0,0
2243,30/10/2016 , 18:45:00,0,0
2244,30/10/2016 , 19:00:00,0,0
2245,30/10/2016 , 19:15:00,0,0
2246,30/10/2016 , 19:30:00,0,0
2247,30/10/2016 , 19:45:00,0,0
2248,30/10/2016 , 20:00:00,0,0
2249,30/10/2016 , 20:15:00,0,0
2250,30/10/2016 , 20:30:00,0,0
2251,30/10/2016 , 20:45:00,0,0
2252,30/10/2016 , 21:00:00,0,0
2253,30/10/2016 , 21:15:00,0,0
2254,30/10/2016 , 21:30:00,0,0
2255,30/10/2016 , 21:45:00,0,0
2256,30/10/2016 , 22:00:00,0,0
2257,30/10/2016 , 22:15:00,0,0
2258,30/10/2016 , 22:30:00,0,0
2259,30/10/2016 , 22:45:00,0,0
2260,30/10/2016 , 23:00:00,0,0
2261,30/10/2016 , 23:15:00,0,0
2262,30/10/2016 , 23:30:00,0,0
2263,30/10/2016 , 23:45:00,0,0
2264,30/10/2016 , 24:00:00,0,0
2265,31/10/2016 , 00:15:00,0,0
2266,31/10/2016 , 00:30:00,0,0
2267,31/10/2016 , 00:45:00,0,0
2268,31/10/2016 , 01:00:00,0,0
2269,31/10/2016 , 01:15:00,0,0
2270,31/10/2016 , 01:30:00,0,0
2271,31/10/2016 , 01:45:00,0,0
2272,31/10/2016 , 02:00:00,0,0
2273,31/10/2016 , 02:15:00,0,0
2274,31/10/2016 , 02:30:00,0,0
2275,31/10/2016 , 02:45:00,0,0
2276,31/10/2016 , 03:00:00,0,0
2277,31/10/2016 , 03:15:00,0,0
2278,31/10/2016 , 03:30:00,0,0
2279,31/10/2016 , 03:45:00,0,0
2280,31/10/2016 , 04:00:00,0,0
2281,31/10/2016 , 04:15:00,0,0
2282,31/10/2016 , 04:30:00,0,0
2283,31/10/2016 , 04:45:00,0,0
2284,31/10/2016 , 05:00:00,0,0
2285,31/10/2016 , 05:15:00,0,0
2286,31/10/2016 , 05:30:00,0,0
2287,31/10/2016 , 05:45:00,0,0
2288,31/10/2016 , 06:00:00,0,0
2289,31/10/2016 , 06:15:00,0,0
2290,31/10/2016 , 06:30:00,1,0.2
2291,31/10/2016 , 06:45:00,48,8.6
2292,31/10/2016 , 07:00:00,149,26.7
2293,31/10/2016 , 07:15:00,361,64.6
2294,31/10/2016 , 07:30:00,623,111.5
2295,31/10/2016 , 07:45:00,2117,378.9
2296,31/10/2016 , 08:00:00,1758,314.7
2297,31/10/2016 , 08:15:00,2126,380.5
2298,31/10/2016 , 08:30:00,3458,619
2299,31/10/2016 , 08:45:00,3003,537.5
2300,31/10/2016 , 09:00:00,3712,664.4
2301,31/10/2016 , 09:15:00,4030,721.3
2302,31/10/2016 , 09:30:00,3641,651.7
2303,31/10/2016 , 09:45:00,4453,797
2304,31/10/2016 , 10:00:00,7582,1357.1
2305,31/10/2016 , 10:15:00,8067,1443.9
2306,31/10/2016 , 10:30:00,7027,1257.8
2307,31/10/2016 , 10:45:00,9191,1645.1
2308,31/10/2016 , 11:00:00,8806,1576.2
2309,31/10/2016 , 11:15:00,10520,1883
2310,31/10/2016 , 11:30:00,9939,1779
2311,31/10/2016 , 11:45:00,11344,2030.5
2312,31/10/2016 , 12:00:00,10452,1870.8
2313,31/10/2016 , 12:15:00,11531,2063.9
2314,31/10/2016 , 12:30:00,10908,1952.4
2315,31/10/2016 , 12:45:00,4356,779.7
2316,31/10/2016 , 13:00:00,5371,961.4
2317,31/10/2016 , 13:15:00,5356,958.7
2318,31/10/2016 , 13:30:00,4856,869.2
2319,31/10/2016 , 13:45:00,4126,738.5
2320,31/10/2016 , 14:00:00,4003,716.5
2321,31/10/2016 , 14:15:00,5428,971.6
2322,31/10/2016 , 14:30:00,7038,1259.7
2323,31/10/2016 , 14:45:00,8187,1465.4
2324,31/10/2016 , 15:00:00,6335,1133.9
2325,31/10/2016 , 15:15:00,6003,1074.5
2326,31/10/2016 , 15:30:00,3758,672.6
2327,31/10/2016 , 15:45:00,3069,549.3
2328,31/10/2016 , 16:00:00,2887,516.7
2329,31/10/2016 , 16:15:00,2336,418.1
2330,31/10/2016 , 16:30:00,1435,256.9
2331,31/10/2016 , 16:45:00,1226,219.4
2332,31/10/2016 , 17:00:00,1290,230.9
2333,31/10/2016 , 17:15:00,808,144.6
2334,31/10/2016 , 17:30:00,519,92.9
2335,31/10/2016 , 17:45:00,356,63.7
2336,31/10/2016 , 18:00:00,142,25.4
2337,31/10/2016 , 18:15:00,19,3.4
2338,31/10/2016 , 18:30:00,0,0
2339,31/10/2016 , 18:45:00,0,0
2340,31/10/2016 , 19:00:00,0,0
2341,31/10/2016 , 19:15:00,0,0
2342,31/10/2016 , 19:30:00,0,0
2343,31/10/2016 , 19:45:00,0,0
2344,31/10/2016 , 20:00:00,0,0
2345,31/10/2016 , 20:15:00,0,0
2346,31/10/2016 , 20:30:00,0,0
2347,31/10/2016 , 20:45:00,0,0
2348,31/10/2016 , 21:00:00,0,0
2349,31/10/2016 , 21:15:00,0,0
2350,31/10/2016 , 21:30:00,0,0
2351,31/10/2016 , 21:45:00,0,0
2352,31/10/2016 , 22:00:00,0,0
2353,31/10/2016 , 22:15:00,0,0
2354,31/10/2016 , 22:30:00,0,0
2355,31/10/2016 , 22:45:00,0,0
2356,31/10/2016 , 23:00:00,0,0
2357,31/10/2016 , 23:15:00,0,0
2358,31/10/2016 , 23:30:00,0,0
2359,31/10/2016 , 23:45:00,0,0
2360,31/10/2016 , 24:00:00,0,0
2361,01/11/2016 , 00:15:00,0,0
2362,01/11/2016 , 00:30:00,0,0
2363,01/11/2016 , 00:45:00,0,0
2364,01/11/2016 , 01:00:00,0,0
2365,01/11/2016 , 01:15:00,0,0
2366,01/11/2016 , 01:30:00,0,0
2367,01/11/2016 , 01:45:00,0,0
2368,01/11/2016 , 02:00:00,0,0
2369,01/11/2016 , 02:15:00,0,0
2370,01/11/2016 , 02:30:00,0,0
2371,01/11/2016 , 02:45:00,0,0
2372,01/11/2016 , 03:00:00,0,0
2373,01/11/2016 , 03:15:00,0,0
2374,01/11/2016 , 03:30:00,0,0
2375,01/11/2016 , 03:45:00,0,0
2376,01/11/2016 , 04:00:00,0,0
2377,01/11/2016 , 04:15:00,0,0
2378,01/11/2016 , 04:30:00,0,0
2379,01/11/2016 , 04:45:00,0,0
2380,01/11/2016 , 05:00:00,0,0
2381,01/11/2016 , 05:15:00,0,0
2382,01/11/2016 , 05:30:00,0,0
2383,01/11/2016 , 05:45:00,0,0
2384,01/11/2016 , 06:00:00,0,0
2385,01/11/2016 , 06:15:00,0,0
2386,01/11/2016 , 06:30:00,1,0.2
2387,01/11/2016 , 06:45:00,45,8.1
2388,01/11/2016 , 07:00:00,222,39.7
2389,01/11/2016 , 07:15:00,532,95.2
2390,01/11/2016 , 07:30:00,1150,205.8
2391,01/11/2016 , 07:45:00,1666,298.2
2392,01/11/2016 , 08:00:00,2085,373.2
2393,01/11/2016 , 08:15:00,1737,310.9
2394,01/11/2016 , 08:30:00,2283,408.6
2395,01/11/2016 , 08:45:00,2901,519.3
2396,01/11/2016 , 09:00:00,3869,692.5
2397,01/11/2016 , 09:15:00,2844,509
2398,01/11/2016 , 09:30:00,4161,744.8
2399,01/11/2016 , 09:45:00,7973,1427.1
2400,01/11/2016 , 10:00:00,6731,1204.8
2401,01/11/2016 , 10:15:00,8320,1489.2
2402,01/11/2016 , 10:30:00,9196,1646
2403,01/11/2016 , 10:45:00,9978,1786
2404,01/11/2016 , 11:00:00,6481,1160
2405,01/11/2016 , 11:15:00,6687,1196.9
2406,01/11/2016 , 11:30:00,7175,1284.3
2407,01/11/2016 , 11:45:00,7803,1396.7
2408,01/11/2016 , 12:00:00,7138,1277.6
2409,01/11/2016 , 12:15:00,8515,1524.1
2410,01/11/2016 , 12:30:00,8862,1586.2
2411,01/11/2016 , 12:45:00,9048,1619.5
2412,01/11/2016 , 13:00:00,7834,1402.2
2413,01/11/2016 , 13:15:00,8451,1512.7
2414,01/11/2016 , 13:30:00,7231,1294.3
2415,01/11/2016 , 13:45:00,7147,1279.2
2416,01/11/2016 , 14:00:00,8304,1486.3
2417,01/11/2016 , 14:15:00,9306,1665.7
2418,01/11/2016 , 14:30:00,8700,1557.2
2419,01/11/2016 , 14:45:00,8614,1541.8
2420,01/11/2016 , 15:00:00,4621,827.1
2421,01/11/2016 , 15:15:00,7567,1354.4
2422,01/11/2016 , 15:30:00,7233,1294.6
2423,01/11/2016 , 15:45:00,6355,1137.5
2424,01/11/2016 , 16:00:00,4623,827.5
2425,01/11/2016 , 16:15:00,3259,583.3
2426,01/11/2016 , 16:30:00,1648,295
2427,01/11/2016 , 16:45:00,1770,316.8
2428,01/11/2016 , 17:00:00,1166,208.7
2429,01/11/2016 , 17:15:00,851,152.3
2430,01/11/2016 , 17:30:00,544,97.4
2431,01/11/2016 , 17:45:00,345,61.8
2432,01/11/2016 , 18:00:00,153,27.4
2433,01/11/2016 , 18:15:00,22,3.9
2434,01/11/2016 , 18:30:00,0,0
2435,01/11/2016 , 18:45:00,0,0
2436,01/11/2016 , 19:00:00,0,0
2437,01/11/2016 , 19:15:00,0,0
2438,01/11/2016 , 19:30:00,0,0
2439,01/11/2016 , 19:45:00,0,0
2440,01/11/2016 , 20:00:00,0,0
2441,01/11/2016 , 20:15:00,0,0
2442,01/11/2016 , 20:30:00,0,0
2443,01/11/2016 , 20:45:00,0,0
2444,01/11/2016 , 21:00:00,0,0
2445,01/11/2016 , 21:15:00,0,0
2446,01/11/2016 , 21:30:00,0,0
2447,01/11/2016 , 21:45:00,0,0
2448,01/11/2016 , 22:00:00,0,0
2449,01/11/2016 , 22:15:00,0,0
2450,01/11/2016 , 22:30:00,0,0
2451,01/11/2016 , 22:45:00,0,0
2452,01/11/2016 , 23:00:00,0,0
2453,01/11/2016 , 23:15:00,0,0
2454,01/11/2016 , 23:30:00,0,0
2455,01/11/2016 , 23:45:00,0,0
2456,01/11/2016 , 24:00:00,0,0
2457,02/11/2016 , 00:15:00,0,0
2458,02/11/2016 , 00:30:00,0,0
2459,02/11/2016 , 00:45:00,0,0
2460,02/11/2016 , 01:00:00,0,0
2461,02/11/2016 , 01:15:00,0,0
2462,02/11/2016 , 01:30:00,0,0
2463,02/11/2016 , 01:45:00,0,0
2464,02/11/2016 , 02:00:00,0,0
2465,02/11/2016 , 02:15:00,0,0
2466,02/11/2016 , 02:30:00,0,0
2467,02/11/2016 , 02:45:00,0,0
2468,02/11/2016 , 03:00:00,0,0
2469,02/11/2016 , 03:15:00,0,0
2470,02/11/2016 , 03:30:00,0,0
2471,02/11/2016 , 03:45:00,0,0
2472,02/11/2016 , 04:00:00,0,0
2473,02/11/2016 , 04:15:00,0,0
2474,02/11/2016 , 04:30:00,0,0
2475,02/11/2016 , 04:45:00,0,0
2476,02/11/2016 , 05:00:00,0,0
2477,02/11/2016 , 05:15:00,0,0
2478,02/11/2016 , 05:30:00,0,0
2479,02/11/2016 , 05:45:00,0,0
2480,02/11/2016 , 06:00:00,0,0
2481,02/11/2016 , 06:15:00,0,0
2482,02/11/2016 , 06:30:00,1,0.2
2483,02/11/2016 , 06:45:00,47,8.4
2484,02/11/2016 , 07:00:00,192,34.4
2485,02/11/2016 , 07:15:00,493,88.2
2486,02/11/2016 , 07:30:00,558,99.9
2487,02/11/2016 , 07:45:00,916,164
2488,02/11/2016 , 08:00:00,2336,418.1
2489,02/11/2016 , 08:15:00,2727,488.1
2490,02/11/2016 , 08:30:00,2498,447.1
2491,02/11/2016 , 08:45:00,2446,437.8
2492,02/11/2016 , 09:00:00,2855,511
2493,02/11/2016 , 09:15:00,5073,908
2494,02/11/2016 , 09:30:00,6612,1183.5
2495,02/11/2016 , 09:45:00,6936,1241.5
2496,02/11/2016 , 10:00:00,7598,1360
2497,02/11/2016 , 10:15:00,8259,1478.3
2498,02/11/2016 , 10:30:00,8851,1584.2
2499,02/11/2016 , 10:45:00,8787,1572.8
2500,02/11/2016 , 11:00:00,10097,1807.3
2501,02/11/2016 , 11:15:00,8810,1576.9
2502,02/11/2016 , 11:30:00,10358,1854
2503,02/11/2016 , 11:45:00,11146,1995
2504,02/11/2016 , 12:00:00,11508,2059.8
2505,02/11/2016 , 12:15:00,11682,2091
2506,02/11/2016 , 12:30:00,12455,2229.3
2507,02/11/2016 , 12:45:00,12097,2165.3
2508,02/11/2016 , 13:00:00,11866,2123.9
2509,02/11/2016 , 13:15:00,11705,2095.1
2510,02/11/2016 , 13:30:00,11384,2037.6
2511,02/11/2016 , 13:45:00,10611,1899.3
2512,02/11/2016 , 14:00:00,10653,1906.8
2513,02/11/2016 , 14:15:00,10145,1815.9
2514,02/11/2016 , 14:30:00,9590,1716.5
2515,02/11/2016 , 14:45:00,8997,1610.4
2516,02/11/2016 , 15:00:00,8526,1526.1
2517,02/11/2016 , 15:15:00,6886,1232.5
2518,02/11/2016 , 15:30:00,7097,1270.3
2519,02/11/2016 , 15:45:00,6202,1110.1
2520,02/11/2016 , 16:00:00,5484,981.6
2521,02/11/2016 , 16:15:00,4593,822.1
2522,02/11/2016 , 16:30:00,3330,596
2523,02/11/2016 , 16:45:00,1966,351.9
2524,02/11/2016 , 17:00:00,1442,258.1
2525,02/11/2016 , 17:15:00,945,169.1
2526,02/11/2016 , 17:30:00,684,122.4
2527,02/11/2016 , 17:45:00,391,70
2528,02/11/2016 , 18:00:00,157,28.1
2529,02/11/2016 , 18:15:00,23,4.1
2530,02/11/2016 , 18:30:00,0,0
2531,02/11/2016 , 18:45:00,0,0
2532,02/11/2016 , 19:00:00,0,0
2533,02/11/2016 , 19:15:00,0,0
2534,02/11/2016 , 19:30:00,0,0
2535,02/11/2016 , 19:45:00,0,0
2536,02/11/2016 , 20:00:00,0,0
2537,02/11/2016 , 20:15:00,0,0
2538,02/11/2016 , 20:30:00,0,0
2539,02/11/2016 , 20:45:00,0,0
2540,02/11/2016 , 21:00:00,0,0
2541,02/11/2016 , 21:15:00,0,0
2542,02/11/2016 , 21:30:00,0,0
2543,02/11/2016 , 21:45:00,0,0
2544,02/11/2016 , 22:00:00,0,0
2545,02/11/2016 , 22:15:00,0,0
2546,02/11/2016 , 22:30:00,0,0
2547,02/11/2016 , 22:45:00,0,0
2548,02/11/2016 , 23:00:00,0,0
2549,02/11/2016 , 23:15:00,0,0
2550,02/11/2016 , 23:30:00,0,0
2551,02/11/2016 , 23:45:00,0,0
2552,02/11/2016 , 24:00:00,0,0
2553,03/11/2016 , 00:15:00,0,0
2554,03/11/2016 , 00:30:00,0,0
2555,03/11/2016 , 00:45:00,0,0
2556,03/11/2016 , 01:00:00,0,0
2557,03/11/2016 , 01:15:00,0,0
2558,03/11/2016 , 01:30:00,0,0
2559,03/11/2016 , 01:45:00,0,0
2560,03/11/2016 , 02:00:00,0,0
2561,03/11/2016 , 02:15:00,0,0
2562,03/11/2016 , 02:30:00,0,0
2563,03/11/2016 , 02:45:00,0,0
2564,03/11/2016 , 03:00:00,0,0
2565,03/11/2016 , 03:15:00,0,0
2566,03/11/2016 , 03:30:00,0,0
2567,03/11/2016 , 03:45:00,0,0
2568,03/11/2016 , 04:00:00,0,0
2569,03/11/2016 , 04:15:00,0,0
2570,03/11/2016 , 04:30:00,0,0
2571,03/11/2016 , 04:45:00,0,0
2572,03/11/2016 , 05:00:00,0,0
2573,03/11/2016 , 05:15:00,0,0
2574,03/11/2016 , 05:30:00,0,0
2575,03/11/2016 , 05:45:00,0,0
2576,03/11/2016 , 06:00:00,0,0
2577,03/11/2016 , 06:15:00,0,0
2578,03/11/2016 , 06:30:00,0,0
2579,03/11/2016 , 06:45:00,43,7.7
2580,03/11/2016 , 07:00:00,198,35.4
2581,03/11/2016 , 07:15:00,483,86.5
2582,03/11/2016 , 07:30:00,842,150.7
2583,03/11/2016 , 07:45:00,1283,229.6
2584,03/11/2016 , 08:00:00,1770,316.8
2585,03/11/2016 , 08:15:00,2393,428.3
2586,03/11/2016 , 08:30:00,2942,526.6
2587,03/11/2016 , 08:45:00,3555,636.3
2588,03/11/2016 , 09:00:00,4039,722.9
2589,03/11/2016 , 09:15:00,4444,795.4
2590,03/11/2016 , 09:30:00,5961,1067
2591,03/11/2016 , 09:45:00,6277,1123.5
2592,03/11/2016 , 10:00:00,6906,1236.1
2593,03/11/2016 , 10:15:00,7489,1340.5
2594,03/11/2016 , 10:30:00,7388,1322.4
2595,03/11/2016 , 10:45:00,7670,1372.9
2596,03/11/2016 , 11:00:00,8602,1539.7
2597,03/11/2016 , 11:15:00,7891,1412.4
2598,03/11/2016 , 11:30:00,9563,1711.7
2599,03/11/2016 , 11:45:00,8717,1560.3
2600,03/11/2016 , 12:00:00,10376,1857.2
2601,03/11/2016 , 12:15:00,6348,1136.2
2602,03/11/2016 , 12:30:00,10601,1897.5
2603,03/11/2016 , 12:45:00,7572,1355.3
2604,03/11/2016 , 13:00:00,1439,257.6
2605,03/11/2016 , 13:15:00,1070,191.5
2606,03/11/2016 , 13:30:00,542,97
2607,03/11/2016 , 13:45:00,12,2.1
2608,03/11/2016 , 14:00:00,54,9.7
