Site Name ,KBAY
Site Number ,2
Logger ,Integrating Light Sensor
Logger Serial Number ,4804


Scan No ,Date and Time,       Integrating Light,        ,
        ,        ,RAW VALUE ,CALIBRATED VALUE,

1,07/10/2016 , 11:15:00,1220,1220
2,07/10/2016 , 11:30:00,15639,15639
3,07/10/2016 , 11:45:00,57065,57065
4,07/10/2016 , 12:00:00,64984,64984
5,07/10/2016 , 12:15:00,65454,65454
6,07/10/2016 , 12:30:00,63920,63920
7,07/10/2016 , 12:45:00,56309,56309
8,07/10/2016 , 13:00:00,52113,52113
9,07/10/2016 , 13:15:00,4559,4559
10,07/10/2016 , 13:30:00,4008,4008
11,07/10/2016 , 13:45:00,2322,2322
12,07/10/2016 , 14:00:00,2635,2635
13,07/10/2016 , 14:15:00,3067,3067
14,07/10/2016 , 14:30:00,3073,3073
15,07/10/2016 , 14:45:00,1721,1721
16,07/10/2016 , 15:00:00,1739,1739
17,07/10/2016 , 15:15:00,1715,1715
18,07/10/2016 , 15:30:00,1424,1424
19,07/10/2016 , 15:45:00,1834,1834
20,07/10/2016 , 16:00:00,1543,1543
21,07/10/2016 , 16:15:00,1610,1610
22,07/10/2016 , 16:30:00,998,998
23,07/10/2016 , 16:45:00,904,904
24,07/10/2016 , 17:00:00,734,734
25,07/10/2016 , 17:15:00,529,529
26,07/10/2016 , 17:30:00,322,322
27,07/10/2016 , 17:45:00,201,201
28,07/10/2016 , 18:00:00,132,132
29,07/10/2016 , 18:15:00,39,39
30,07/10/2016 , 18:30:00,4,4
31,07/10/2016 , 18:45:00,0,0
32,07/10/2016 , 19:00:00,0,0
33,07/10/2016 , 19:15:00,0,0
34,07/10/2016 , 19:30:00,0,0
35,07/10/2016 , 19:45:00,0,0
36,07/10/2016 , 20:00:00,0,0
37,07/10/2016 , 20:15:00,0,0
38,07/10/2016 , 20:30:00,0,0
39,07/10/2016 , 20:45:00,0,0
40,07/10/2016 , 21:00:00,0,0
41,07/10/2016 , 21:15:00,0,0
42,07/10/2016 , 21:30:00,0,0
43,07/10/2016 , 21:45:00,0,0
44,07/10/2016 , 22:00:00,0,0
45,07/10/2016 , 22:15:00,0,0
46,07/10/2016 , 22:30:00,0,0
47,07/10/2016 , 22:45:00,0,0
48,07/10/2016 , 23:00:00,0,0
49,07/10/2016 , 23:15:00,0,0
50,07/10/2016 , 23:30:00,0,0
51,07/10/2016 , 23:45:00,0,0
52,07/10/2016 , 24:00:00,0,0
53,08/10/2016 , 00:15:00,0,0
54,08/10/2016 , 00:30:00,0,0
55,08/10/2016 , 00:45:00,0,0
56,08/10/2016 , 01:00:00,0,0
57,08/10/2016 , 01:15:00,0,0
58,08/10/2016 , 01:30:00,0,0
59,08/10/2016 , 01:45:00,0,0
60,08/10/2016 , 02:00:00,0,0
61,08/10/2016 , 02:15:00,0,0
62,08/10/2016 , 02:30:00,0,0
63,08/10/2016 , 02:45:00,0,0
64,08/10/2016 , 03:00:00,0,0
65,08/10/2016 , 03:15:00,0,0
66,08/10/2016 , 03:30:00,0,0
67,08/10/2016 , 03:45:00,0,0
68,08/10/2016 , 04:00:00,0,0
69,08/10/2016 , 04:15:00,0,0
70,08/10/2016 , 04:30:00,0,0
71,08/10/2016 , 04:45:00,0,0
72,08/10/2016 , 05:00:00,0,0
73,08/10/2016 , 05:15:00,0,0
74,08/10/2016 , 05:30:00,0,0
75,08/10/2016 , 05:45:00,0,0
76,08/10/2016 , 06:00:00,0,0
77,08/10/2016 , 06:15:00,0,0
78,08/10/2016 , 06:30:00,3,3
79,08/10/2016 , 06:45:00,44,44
80,08/10/2016 , 07:00:00,109,109
81,08/10/2016 , 07:15:00,267,267
82,08/10/2016 , 07:30:00,491,491
83,08/10/2016 , 07:45:00,466,466
84,08/10/2016 , 08:00:00,876,876
85,08/10/2016 , 08:15:00,1238,1238
86,08/10/2016 , 08:30:00,1376,1376
87,08/10/2016 , 08:45:00,1866,1866
88,08/10/2016 , 09:00:00,2235,2235
89,08/10/2016 , 09:15:00,2663,2663
90,08/10/2016 , 09:30:00,1865,1865
91,08/10/2016 , 09:45:00,3349,3349
92,08/10/2016 , 10:00:00,3942,3942
93,08/10/2016 , 10:15:00,4270,4270
94,08/10/2016 , 10:30:00,4658,4658
95,08/10/2016 , 10:45:00,5010,5010
96,08/10/2016 , 11:00:00,5211,5211
97,08/10/2016 , 11:15:00,4292,4292
98,08/10/2016 , 11:30:00,3607,3607
99,08/10/2016 , 11:45:00,5400,5400
100,08/10/2016 , 12:00:00,6470,6470
101,08/10/2016 , 12:15:00,5465,5465
102,08/10/2016 , 12:30:00,2901,2901
103,08/10/2016 , 12:45:00,1372,1372
104,08/10/2016 , 13:00:00,1432,1432
105,08/10/2016 , 13:15:00,1293,1293
106,08/10/2016 , 13:30:00,1326,1326
107,08/10/2016 , 13:45:00,1829,1829
108,08/10/2016 , 14:00:00,1384,1384
109,08/10/2016 , 14:15:00,3939,3939
110,08/10/2016 , 14:30:00,4128,4128
111,08/10/2016 , 14:45:00,3527,3527
112,08/10/2016 , 15:00:00,3003,3003
113,08/10/2016 , 15:15:00,2066,2066
114,08/10/2016 , 15:30:00,1582,1582
115,08/10/2016 , 15:45:00,2704,2704
116,08/10/2016 , 16:00:00,2786,2786
117,08/10/2016 , 16:15:00,2168,2168
118,08/10/2016 , 16:30:00,1792,1792
119,08/10/2016 , 16:45:00,1510,1510
120,08/10/2016 , 17:00:00,1291,1291
121,08/10/2016 , 17:15:00,606,606
122,08/10/2016 , 17:30:00,355,355
123,08/10/2016 , 17:45:00,203,203
124,08/10/2016 , 18:00:00,154,154
125,08/10/2016 , 18:15:00,58,58
126,08/10/2016 , 18:30:00,7,7
127,08/10/2016 , 18:45:00,0,0
128,08/10/2016 , 19:00:00,0,0
129,08/10/2016 , 19:15:00,0,0
130,08/10/2016 , 19:30:00,0,0
131,08/10/2016 , 19:45:00,0,0
132,08/10/2016 , 20:00:00,0,0
133,08/10/2016 , 20:15:00,0,0
134,08/10/2016 , 20:30:00,0,0
135,08/10/2016 , 20:45:00,0,0
136,08/10/2016 , 21:00:00,0,0
137,08/10/2016 , 21:15:00,0,0
138,08/10/2016 , 21:30:00,0,0
139,08/10/2016 , 21:45:00,0,0
140,08/10/2016 , 22:00:00,0,0
141,08/10/2016 , 22:15:00,0,0
142,08/10/2016 , 22:30:00,0,0
143,08/10/2016 , 22:45:00,0,0
144,08/10/2016 , 23:00:00,0,0
145,08/10/2016 , 23:15:00,0,0
146,08/10/2016 , 23:30:00,0,0
147,08/10/2016 , 23:45:00,0,0
148,08/10/2016 , 24:00:00,0,0
149,09/10/2016 , 00:15:00,0,0
150,09/10/2016 , 00:30:00,0,0
151,09/10/2016 , 00:45:00,0,0
152,09/10/2016 , 01:00:00,0,0
153,09/10/2016 , 01:15:00,0,0
154,09/10/2016 , 01:30:00,0,0
155,09/10/2016 , 01:45:00,0,0
156,09/10/2016 , 02:00:00,0,0
157,09/10/2016 , 02:15:00,0,0
158,09/10/2016 , 02:30:00,0,0
159,09/10/2016 , 02:45:00,0,0
160,09/10/2016 , 03:00:00,0,0
161,09/10/2016 , 03:15:00,0,0
162,09/10/2016 , 03:30:00,0,0
163,09/10/2016 , 03:45:00,0,0
164,09/10/2016 , 04:00:00,0,0
165,09/10/2016 , 04:15:00,0,0
166,09/10/2016 , 04:30:00,0,0
167,09/10/2016 , 04:45:00,0,0
168,09/10/2016 , 05:00:00,0,0
169,09/10/2016 , 05:15:00,0,0
170,09/10/2016 , 05:30:00,0,0
171,09/10/2016 , 05:45:00,0,0
172,09/10/2016 , 06:00:00,0,0
173,09/10/2016 , 06:15:00,0,0
174,09/10/2016 , 06:30:00,4,4
175,09/10/2016 , 06:45:00,56,56
176,09/10/2016 , 07:00:00,169,169
177,09/10/2016 , 07:15:00,339,339
178,09/10/2016 , 07:30:00,440,440
179,09/10/2016 , 07:45:00,586,586
180,09/10/2016 , 08:00:00,773,773
181,09/10/2016 , 08:15:00,873,873
182,09/10/2016 , 08:30:00,962,962
183,09/10/2016 , 08:45:00,1002,1002
184,09/10/2016 , 09:00:00,1015,1015
185,09/10/2016 , 09:15:00,668,668
186,09/10/2016 , 09:30:00,829,829
187,09/10/2016 , 09:45:00,968,968
188,09/10/2016 , 10:00:00,1217,1217
189,09/10/2016 , 10:15:00,1938,1938
190,09/10/2016 , 10:30:00,1304,1304
191,09/10/2016 , 10:45:00,2290,2290
192,09/10/2016 , 11:00:00,2618,2618
193,09/10/2016 , 11:15:00,3699,3699
194,09/10/2016 , 11:30:00,4515,4515
195,09/10/2016 , 11:45:00,3885,3885
196,09/10/2016 , 12:00:00,3448,3448
197,09/10/2016 , 12:15:00,3119,3119
198,09/10/2016 , 12:30:00,5726,5726
199,09/10/2016 , 12:45:00,4877,4877
200,09/10/2016 , 13:00:00,5534,5534
201,09/10/2016 , 13:15:00,6155,6155
202,09/10/2016 , 13:30:00,6050,6050
203,09/10/2016 , 13:45:00,5968,5968
204,09/10/2016 , 14:00:00,5662,5662
205,09/10/2016 , 14:15:00,5510,5510
206,09/10/2016 , 14:30:00,5441,5441
207,09/10/2016 , 14:45:00,5154,5154
208,09/10/2016 , 15:00:00,4629,4629
209,09/10/2016 , 15:15:00,4393,4393
210,09/10/2016 , 15:30:00,4178,4178
211,09/10/2016 , 15:45:00,3863,3863
212,09/10/2016 , 16:00:00,3192,3192
213,09/10/2016 , 16:15:00,2784,2784
214,09/10/2016 , 16:30:00,2340,2340
215,09/10/2016 , 16:45:00,1684,1684
216,09/10/2016 , 17:00:00,941,941
217,09/10/2016 , 17:15:00,587,587
218,09/10/2016 , 17:30:00,310,310
219,09/10/2016 , 17:45:00,233,233
220,09/10/2016 , 18:00:00,162,162
221,09/10/2016 , 18:15:00,77,77
222,09/10/2016 , 18:30:00,11,11
223,09/10/2016 , 18:45:00,0,0
224,09/10/2016 , 19:00:00,0,0
225,09/10/2016 , 19:15:00,0,0
226,09/10/2016 , 19:30:00,0,0
227,09/10/2016 , 19:45:00,0,0
228,09/10/2016 , 20:00:00,0,0
229,09/10/2016 , 20:15:00,0,0
230,09/10/2016 , 20:30:00,0,0
231,09/10/2016 , 20:45:00,0,0
232,09/10/2016 , 21:00:00,0,0
233,09/10/2016 , 21:15:00,0,0
234,09/10/2016 , 21:30:00,0,0
235,09/10/2016 , 21:45:00,0,0
236,09/10/2016 , 22:00:00,0,0
237,09/10/2016 , 22:15:00,0,0
238,09/10/2016 , 22:30:00,0,0
239,09/10/2016 , 22:45:00,0,0
240,09/10/2016 , 23:00:00,0,0
241,09/10/2016 , 23:15:00,0,0
242,09/10/2016 , 23:30:00,0,0
243,09/10/2016 , 23:45:00,0,0
244,09/10/2016 , 24:00:00,0,0
245,10/10/2016 , 00:15:00,0,0
246,10/10/2016 , 00:30:00,0,0
247,10/10/2016 , 00:45:00,0,0
248,10/10/2016 , 01:00:00,0,0
249,10/10/2016 , 01:15:00,0,0
250,10/10/2016 , 01:30:00,0,0
251,10/10/2016 , 01:45:00,0,0
252,10/10/2016 , 02:00:00,0,0
253,10/10/2016 , 02:15:00,0,0
254,10/10/2016 , 02:30:00,0,0
255,10/10/2016 , 02:45:00,0,0
256,10/10/2016 , 03:00:00,0,0
257,10/10/2016 , 03:15:00,0,0
258,10/10/2016 , 03:30:00,0,0
259,10/10/2016 , 03:45:00,0,0
260,10/10/2016 , 04:00:00,0,0
261,10/10/2016 , 04:15:00,0,0
262,10/10/2016 , 04:30:00,0,0
263,10/10/2016 , 04:45:00,0,0
264,10/10/2016 , 05:00:00,0,0
265,10/10/2016 , 05:15:00,0,0
266,10/10/2016 , 05:30:00,0,0
267,10/10/2016 , 05:45:00,0,0
268,10/10/2016 , 06:00:00,0,0
269,10/10/2016 , 06:15:00,0,0
270,10/10/2016 , 06:30:00,0,0
271,10/10/2016 , 06:45:00,37,37
272,10/10/2016 , 07:00:00,134,134
273,10/10/2016 , 07:15:00,237,237
274,10/10/2016 , 07:30:00,350,350
275,10/10/2016 , 07:45:00,443,443
276,10/10/2016 , 08:00:00,566,566
277,10/10/2016 , 08:15:00,719,719
278,10/10/2016 , 08:30:00,481,481
279,10/10/2016 , 08:45:00,636,636
280,10/10/2016 , 09:00:00,1032,1032
281,10/10/2016 , 09:15:00,1027,1027
282,10/10/2016 , 09:30:00,1455,1455
283,10/10/2016 , 09:45:00,2322,2322
284,10/10/2016 , 10:00:00,1684,1684
285,10/10/2016 , 10:15:00,1940,1940
286,10/10/2016 , 10:30:00,1553,1553
287,10/10/2016 , 10:45:00,2536,2536
288,10/10/2016 , 11:00:00,1696,1696
289,10/10/2016 , 11:15:00,1344,1344
290,10/10/2016 , 11:30:00,2076,2076
291,10/10/2016 , 11:45:00,1521,1521
292,10/10/2016 , 12:00:00,1325,1325
293,10/10/2016 , 12:15:00,1417,1417
294,10/10/2016 , 12:30:00,3426,3426
295,10/10/2016 , 12:45:00,3562,3562
296,10/10/2016 , 13:00:00,3687,3687
297,10/10/2016 , 13:15:00,1900,1900
298,10/10/2016 , 13:30:00,3236,3236
299,10/10/2016 , 13:45:00,1597,1597
300,10/10/2016 , 14:00:00,1459,1459
301,10/10/2016 , 14:15:00,1116,1116
302,10/10/2016 , 14:30:00,884,884
303,10/10/2016 , 14:45:00,1237,1237
304,10/10/2016 , 15:00:00,1148,1148
305,10/10/2016 , 15:15:00,906,906
306,10/10/2016 , 15:30:00,721,721
307,10/10/2016 , 15:45:00,899,899
308,10/10/2016 , 16:00:00,733,733
309,10/10/2016 , 16:15:00,503,503
310,10/10/2016 , 16:30:00,374,374
311,10/10/2016 , 16:45:00,428,428
312,10/10/2016 , 17:00:00,243,243
313,10/10/2016 , 17:15:00,249,249
314,10/10/2016 , 17:30:00,164,164
315,10/10/2016 , 17:45:00,104,104
316,10/10/2016 , 18:00:00,41,41
317,10/10/2016 , 18:15:00,12,12
318,10/10/2016 , 18:30:00,0,0
319,10/10/2016 , 18:45:00,0,0
320,10/10/2016 , 19:00:00,0,0
321,10/10/2016 , 19:15:00,0,0
322,10/10/2016 , 19:30:00,0,0
323,10/10/2016 , 19:45:00,0,0
324,10/10/2016 , 20:00:00,0,0
325,10/10/2016 , 20:15:00,0,0
326,10/10/2016 , 20:30:00,0,0
327,10/10/2016 , 20:45:00,0,0
328,10/10/2016 , 21:00:00,0,0
329,10/10/2016 , 21:15:00,0,0
330,10/10/2016 , 21:30:00,0,0
331,10/10/2016 , 21:45:00,0,0
332,10/10/2016 , 22:00:00,0,0
333,10/10/2016 , 22:15:00,0,0
334,10/10/2016 , 22:30:00,0,0
335,10/10/2016 , 22:45:00,0,0
336,10/10/2016 , 23:00:00,0,0
337,10/10/2016 , 23:15:00,0,0
338,10/10/2016 , 23:30:00,0,0
339,10/10/2016 , 23:45:00,0,0
340,10/10/2016 , 24:00:00,0,0
341,11/10/2016 , 00:15:00,0,0
342,11/10/2016 , 00:30:00,0,0
343,11/10/2016 , 00:45:00,0,0
344,11/10/2016 , 01:00:00,0,0
345,11/10/2016 , 01:15:00,0,0
346,11/10/2016 , 01:30:00,0,0
347,11/10/2016 , 01:45:00,0,0
348,11/10/2016 , 02:00:00,0,0
349,11/10/2016 , 02:15:00,0,0
350,11/10/2016 , 02:30:00,0,0
351,11/10/2016 , 02:45:00,0,0
352,11/10/2016 , 03:00:00,0,0
353,11/10/2016 , 03:15:00,0,0
354,11/10/2016 , 03:30:00,0,0
355,11/10/2016 , 03:45:00,0,0
356,11/10/2016 , 04:00:00,0,0
357,11/10/2016 , 04:15:00,0,0
358,11/10/2016 , 04:30:00,0,0
359,11/10/2016 , 04:45:00,0,0
360,11/10/2016 , 05:00:00,0,0
361,11/10/2016 , 05:15:00,0,0
362,11/10/2016 , 05:30:00,0,0
363,11/10/2016 , 05:45:00,0,0
364,11/10/2016 , 06:00:00,0,0
365,11/10/2016 , 06:15:00,0,0
366,11/10/2016 , 06:30:00,1,1
367,11/10/2016 , 06:45:00,41,41
368,11/10/2016 , 07:00:00,139,139
369,11/10/2016 , 07:15:00,242,242
370,11/10/2016 , 07:30:00,396,396
371,11/10/2016 , 07:45:00,441,441
372,11/10/2016 , 08:00:00,515,515
373,11/10/2016 , 08:15:00,527,527
374,11/10/2016 , 08:30:00,724,724
375,11/10/2016 , 08:45:00,1390,1390
376,11/10/2016 , 09:00:00,1871,1871
377,11/10/2016 , 09:15:00,1910,1910
378,11/10/2016 , 09:30:00,2421,2421
379,11/10/2016 , 09:45:00,3020,3020
380,11/10/2016 , 10:00:00,2683,2683
381,11/10/2016 , 10:15:00,2665,2665
382,11/10/2016 , 10:30:00,2167,2167
383,11/10/2016 , 10:45:00,3115,3115
384,11/10/2016 , 11:00:00,2730,2730
385,11/10/2016 , 11:15:00,2393,2393
386,11/10/2016 , 11:30:00,1725,1725
387,11/10/2016 , 11:45:00,1257,1257
388,11/10/2016 , 12:00:00,1602,1602
389,11/10/2016 , 12:15:00,3515,3515
390,11/10/2016 , 12:30:00,912,912
391,11/10/2016 , 12:45:00,2143,2143
392,11/10/2016 , 13:00:00,2491,2491
393,11/10/2016 , 13:15:00,1648,1648
394,11/10/2016 , 13:30:00,1578,1578
395,11/10/2016 , 13:45:00,1720,1720
396,11/10/2016 , 14:00:00,2161,2161
397,11/10/2016 , 14:15:00,1956,1956
398,11/10/2016 , 14:30:00,1337,1337
399,11/10/2016 , 14:45:00,1260,1260
400,11/10/2016 , 15:00:00,1568,1568
401,11/10/2016 , 15:15:00,1719,1719
402,11/10/2016 , 15:30:00,1507,1507
403,11/10/2016 , 15:45:00,1235,1235
404,11/10/2016 , 16:00:00,1034,1034
405,11/10/2016 , 16:15:00,867,867
406,11/10/2016 , 16:30:00,569,569
407,11/10/2016 , 16:45:00,993,993
408,11/10/2016 , 17:00:00,876,876
409,11/10/2016 , 17:15:00,478,478
410,11/10/2016 , 17:30:00,257,257
411,11/10/2016 , 17:45:00,160,160
412,11/10/2016 , 18:00:00,100,100
413,11/10/2016 , 18:15:00,36,36
414,11/10/2016 , 18:30:00,1,1
415,11/10/2016 , 18:45:00,0,0
416,11/10/2016 , 19:00:00,0,0
417,11/10/2016 , 19:15:00,0,0
418,11/10/2016 , 19:30:00,0,0
419,11/10/2016 , 19:45:00,0,0
420,11/10/2016 , 20:00:00,0,0
421,11/10/2016 , 20:15:00,0,0
422,11/10/2016 , 20:30:00,0,0
423,11/10/2016 , 20:45:00,0,0
424,11/10/2016 , 21:00:00,0,0
425,11/10/2016 , 21:15:00,0,0
426,11/10/2016 , 21:30:00,0,0
427,11/10/2016 , 21:45:00,0,0
428,11/10/2016 , 22:00:00,0,0
429,11/10/2016 , 22:15:00,0,0
430,11/10/2016 , 22:30:00,0,0
431,11/10/2016 , 22:45:00,0,0
432,11/10/2016 , 23:00:00,0,0
433,11/10/2016 , 23:15:00,0,0
434,11/10/2016 , 23:30:00,0,0
435,11/10/2016 , 23:45:00,0,0
436,11/10/2016 , 24:00:00,0,0
437,12/10/2016 , 00:15:00,0,0
438,12/10/2016 , 00:30:00,0,0
439,12/10/2016 , 00:45:00,0,0
440,12/10/2016 , 01:00:00,0,0
441,12/10/2016 , 01:15:00,0,0
442,12/10/2016 , 01:30:00,0,0
443,12/10/2016 , 01:45:00,0,0
444,12/10/2016 , 02:00:00,0,0
445,12/10/2016 , 02:15:00,0,0
446,12/10/2016 , 02:30:00,0,0
447,12/10/2016 , 02:45:00,0,0
448,12/10/2016 , 03:00:00,0,0
449,12/10/2016 , 03:15:00,0,0
450,12/10/2016 , 03:30:00,0,0
451,12/10/2016 , 03:45:00,0,0
452,12/10/2016 , 04:00:00,0,0
453,12/10/2016 , 04:15:00,0,0
454,12/10/2016 , 04:30:00,0,0
455,12/10/2016 , 04:45:00,0,0
456,12/10/2016 , 05:00:00,0,0
457,12/10/2016 , 05:15:00,0,0
458,12/10/2016 , 05:30:00,0,0
459,12/10/2016 , 05:45:00,0,0
460,12/10/2016 , 06:00:00,0,0
461,12/10/2016 , 06:15:00,0,0
462,12/10/2016 , 06:30:00,2,2
463,12/10/2016 , 06:45:00,56,56
464,12/10/2016 , 07:00:00,159,159
465,12/10/2016 , 07:15:00,281,281
466,12/10/2016 , 07:30:00,419,419
467,12/10/2016 , 07:45:00,568,568
468,12/10/2016 , 08:00:00,758,758
469,12/10/2016 , 08:15:00,980,980
470,12/10/2016 , 08:30:00,1264,1264
471,12/10/2016 , 08:45:00,1581,1581
472,12/10/2016 , 09:00:00,1863,1863
473,12/10/2016 , 09:15:00,2121,2121
474,12/10/2016 , 09:30:00,2748,2748
475,12/10/2016 , 09:45:00,2833,2833
476,12/10/2016 , 10:00:00,3141,3141
477,12/10/2016 , 10:15:00,3524,3524
478,12/10/2016 , 10:30:00,3706,3706
479,12/10/2016 , 10:45:00,4674,4674
480,12/10/2016 , 11:00:00,4622,4622
481,12/10/2016 , 11:15:00,4865,4865
482,12/10/2016 , 11:30:00,4197,4197
483,12/10/2016 , 11:45:00,4302,4302
484,12/10/2016 , 12:00:00,3457,3457
485,12/10/2016 , 12:15:00,3090,3090
486,12/10/2016 , 12:30:00,1926,1926
487,12/10/2016 , 12:45:00,1555,1555
488,12/10/2016 , 13:00:00,1712,1712
489,12/10/2016 , 13:15:00,2057,2057
490,12/10/2016 , 13:30:00,1824,1824
491,12/10/2016 , 13:45:00,1693,1693
492,12/10/2016 , 14:00:00,1743,1743
493,12/10/2016 , 14:15:00,2039,2039
494,12/10/2016 , 14:30:00,3411,3411
495,12/10/2016 , 14:45:00,3503,3503
496,12/10/2016 , 15:00:00,2166,2166
497,12/10/2016 , 15:15:00,925,925
498,12/10/2016 , 15:30:00,881,881
499,12/10/2016 , 15:45:00,1025,1025
500,12/10/2016 , 16:00:00,839,839
501,12/10/2016 , 16:15:00,893,893
502,12/10/2016 , 16:30:00,827,827
503,12/10/2016 , 16:45:00,706,706
504,12/10/2016 , 17:00:00,707,707
505,12/10/2016 , 17:15:00,572,572
506,12/10/2016 , 17:30:00,279,279
507,12/10/2016 , 17:45:00,119,119
508,12/10/2016 , 18:00:00,76,76
509,12/10/2016 , 18:15:00,30,30
510,12/10/2016 , 18:30:00,0,0
511,12/10/2016 , 18:45:00,0,0
512,12/10/2016 , 19:00:00,0,0
513,12/10/2016 , 19:15:00,0,0
514,12/10/2016 , 19:30:00,0,0
515,12/10/2016 , 19:45:00,0,0
516,12/10/2016 , 20:00:00,0,0
517,12/10/2016 , 20:15:00,0,0
518,12/10/2016 , 20:30:00,0,0
519,12/10/2016 , 20:45:00,0,0
520,12/10/2016 , 21:00:00,0,0
521,12/10/2016 , 21:15:00,0,0
522,12/10/2016 , 21:30:00,0,0
523,12/10/2016 , 21:45:00,0,0
524,12/10/2016 , 22:00:00,0,0
525,12/10/2016 , 22:15:00,0,0
526,12/10/2016 , 22:30:00,0,0
527,12/10/2016 , 22:45:00,0,0
528,12/10/2016 , 23:00:00,0,0
529,12/10/2016 , 23:15:00,0,0
530,12/10/2016 , 23:30:00,0,0
531,12/10/2016 , 23:45:00,0,0
532,12/10/2016 , 24:00:00,0,0
533,13/10/2016 , 00:15:00,0,0
534,13/10/2016 , 00:30:00,0,0
535,13/10/2016 , 00:45:00,0,0
536,13/10/2016 , 01:00:00,0,0
537,13/10/2016 , 01:15:00,0,0
538,13/10/2016 , 01:30:00,0,0
539,13/10/2016 , 01:45:00,0,0
540,13/10/2016 , 02:00:00,0,0
541,13/10/2016 , 02:15:00,0,0
542,13/10/2016 , 02:30:00,0,0
543,13/10/2016 , 02:45:00,0,0
544,13/10/2016 , 03:00:00,0,0
545,13/10/2016 , 03:15:00,0,0
546,13/10/2016 , 03:30:00,0,0
547,13/10/2016 , 03:45:00,0,0
548,13/10/2016 , 04:00:00,0,0
549,13/10/2016 , 04:15:00,0,0
550,13/10/2016 , 04:30:00,0,0
551,13/10/2016 , 04:45:00,0,0
552,13/10/2016 , 05:00:00,0,0
553,13/10/2016 , 05:15:00,0,0
554,13/10/2016 , 05:30:00,0,0
555,13/10/2016 , 05:45:00,0,0
556,13/10/2016 , 06:00:00,0,0
557,13/10/2016 , 06:15:00,0,0
558,13/10/2016 , 06:30:00,0,0
559,13/10/2016 , 06:45:00,15,15
560,13/10/2016 , 07:00:00,107,107
561,13/10/2016 , 07:15:00,272,272
562,13/10/2016 , 07:30:00,503,503
563,13/10/2016 , 07:45:00,730,730
564,13/10/2016 , 08:00:00,632,632
565,13/10/2016 , 08:15:00,895,895
566,13/10/2016 , 08:30:00,1217,1217
567,13/10/2016 , 08:45:00,1428,1428
568,13/10/2016 , 09:00:00,1668,1668
569,13/10/2016 , 09:15:00,1821,1821
570,13/10/2016 , 09:30:00,2150,2150
571,13/10/2016 , 09:45:00,2322,2322
572,13/10/2016 , 10:00:00,2209,2209
573,13/10/2016 , 10:15:00,2729,2729
574,13/10/2016 , 10:30:00,2154,2154
575,13/10/2016 , 10:45:00,3225,3225
576,13/10/2016 , 11:00:00,3567,3567
577,13/10/2016 , 11:15:00,3582,3582
578,13/10/2016 , 11:30:00,3710,3710
579,13/10/2016 , 11:45:00,3706,3706
580,13/10/2016 , 12:00:00,3563,3563
581,13/10/2016 , 12:15:00,3672,3672
582,13/10/2016 , 12:30:00,3395,3395
583,13/10/2016 , 12:45:00,4062,4062
584,13/10/2016 , 13:00:00,4101,4101
585,13/10/2016 , 13:15:00,3190,3190
586,13/10/2016 , 13:30:00,3952,3952
587,13/10/2016 , 13:45:00,3505,3505
588,13/10/2016 , 14:00:00,3525,3525
589,13/10/2016 , 14:15:00,3345,3345
590,13/10/2016 , 14:30:00,3335,3335
591,13/10/2016 , 14:45:00,2829,2829
592,13/10/2016 , 15:00:00,2824,2824
593,13/10/2016 , 15:15:00,2573,2573
594,13/10/2016 , 15:30:00,2227,2227
595,13/10/2016 , 15:45:00,1978,1978
596,13/10/2016 , 16:00:00,1560,1560
597,13/10/2016 , 16:15:00,1293,1293
598,13/10/2016 , 16:30:00,582,582
599,13/10/2016 , 16:45:00,497,497
600,13/10/2016 , 17:00:00,724,724
601,13/10/2016 , 17:15:00,347,347
602,13/10/2016 , 17:30:00,221,221
603,13/10/2016 , 17:45:00,159,159
604,13/10/2016 , 18:00:00,74,74
605,13/10/2016 , 18:15:00,19,19
606,13/10/2016 , 18:30:00,0,0
607,13/10/2016 , 18:45:00,0,0
608,13/10/2016 , 19:00:00,0,0
609,13/10/2016 , 19:15:00,0,0
610,13/10/2016 , 19:30:00,0,0
611,13/10/2016 , 19:45:00,0,0
612,13/10/2016 , 20:00:00,0,0
613,13/10/2016 , 20:15:00,0,0
614,13/10/2016 , 20:30:00,0,0
615,13/10/2016 , 20:45:00,0,0
616,13/10/2016 , 21:00:00,0,0
617,13/10/2016 , 21:15:00,0,0
618,13/10/2016 , 21:30:00,0,0
619,13/10/2016 , 21:45:00,0,0
620,13/10/2016 , 22:00:00,0,0
621,13/10/2016 , 22:15:00,0,0
622,13/10/2016 , 22:30:00,0,0
623,13/10/2016 , 22:45:00,0,0
624,13/10/2016 , 23:00:00,0,0
625,13/10/2016 , 23:15:00,0,0
626,13/10/2016 , 23:30:00,0,0
627,13/10/2016 , 23:45:00,0,0
628,13/10/2016 , 24:00:00,0,0
629,14/10/2016 , 00:15:00,0,0
630,14/10/2016 , 00:30:00,0,0
631,14/10/2016 , 00:45:00,0,0
632,14/10/2016 , 01:00:00,0,0
633,14/10/2016 , 01:15:00,0,0
634,14/10/2016 , 01:30:00,0,0
635,14/10/2016 , 01:45:00,0,0
636,14/10/2016 , 02:00:00,0,0
637,14/10/2016 , 02:15:00,0,0
638,14/10/2016 , 02:30:00,0,0
639,14/10/2016 , 02:45:00,0,0
640,14/10/2016 , 03:00:00,0,0
641,14/10/2016 , 03:15:00,0,0
642,14/10/2016 , 03:30:00,0,0
643,14/10/2016 , 03:45:00,0,0
644,14/10/2016 , 04:00:00,0,0
645,14/10/2016 , 04:15:00,0,0
646,14/10/2016 , 04:30:00,0,0
647,14/10/2016 , 04:45:00,0,0
648,14/10/2016 , 05:00:00,0,0
649,14/10/2016 , 05:15:00,0,0
650,14/10/2016 , 05:30:00,0,0
651,14/10/2016 , 05:45:00,0,0
652,14/10/2016 , 06:00:00,0,0
653,14/10/2016 , 06:15:00,0,0
654,14/10/2016 , 06:30:00,0,0
655,14/10/2016 , 06:45:00,37,37
656,14/10/2016 , 07:00:00,114,114
657,14/10/2016 , 07:15:00,220,220
658,14/10/2016 , 07:30:00,350,350
659,14/10/2016 , 07:45:00,508,508
660,14/10/2016 , 08:00:00,721,721
661,14/10/2016 , 08:15:00,616,616
662,14/10/2016 , 08:30:00,965,965
663,14/10/2016 , 08:45:00,1046,1046
664,14/10/2016 , 09:00:00,1261,1261
665,14/10/2016 , 09:15:00,1607,1607
666,14/10/2016 , 09:30:00,1575,1575
667,14/10/2016 , 09:45:00,2380,2380
668,14/10/2016 , 10:00:00,2765,2765
669,14/10/2016 , 10:15:00,2846,2846
670,14/10/2016 , 10:30:00,2503,2503
671,14/10/2016 , 10:45:00,1877,1877
672,14/10/2016 , 11:00:00,1874,1874
673,14/10/2016 , 11:15:00,2179,2179
674,14/10/2016 , 11:30:00,1724,1724
675,14/10/2016 , 11:45:00,1414,1414
676,14/10/2016 , 12:00:00,918,918
677,14/10/2016 , 12:15:00,1140,1140
678,14/10/2016 , 12:30:00,1823,1823
679,14/10/2016 , 12:45:00,779,779
680,14/10/2016 , 13:00:00,1456,1456
681,14/10/2016 , 13:15:00,2399,2399
682,14/10/2016 , 13:30:00,3418,3418
683,14/10/2016 , 13:45:00,2896,2896
684,14/10/2016 , 14:00:00,2807,2807
685,14/10/2016 , 14:15:00,2700,2700
686,14/10/2016 , 14:30:00,2647,2647
687,14/10/2016 , 14:45:00,2740,2740
688,14/10/2016 , 15:00:00,1625,1625
689,14/10/2016 , 15:15:00,1337,1337
690,14/10/2016 , 15:30:00,815,815
691,14/10/2016 , 15:45:00,674,674
692,14/10/2016 , 16:00:00,587,587
693,14/10/2016 , 16:15:00,441,441
694,14/10/2016 , 16:30:00,505,505
695,14/10/2016 , 16:45:00,507,507
696,14/10/2016 , 17:00:00,411,411
697,14/10/2016 , 17:15:00,278,278
698,14/10/2016 , 17:30:00,276,276
699,14/10/2016 , 17:45:00,145,145
700,14/10/2016 , 18:00:00,67,67
701,14/10/2016 , 18:15:00,19,19
702,14/10/2016 , 18:30:00,0,0
703,14/10/2016 , 18:45:00,0,0
704,14/10/2016 , 19:00:00,0,0
705,14/10/2016 , 19:15:00,0,0
706,14/10/2016 , 19:30:00,0,0
707,14/10/2016 , 19:45:00,0,0
708,14/10/2016 , 20:00:00,0,0
709,14/10/2016 , 20:15:00,0,0
710,14/10/2016 , 20:30:00,0,0
711,14/10/2016 , 20:45:00,0,0
712,14/10/2016 , 21:00:00,0,0
713,14/10/2016 , 21:15:00,0,0
714,14/10/2016 , 21:30:00,0,0
715,14/10/2016 , 21:45:00,0,0
716,14/10/2016 , 22:00:00,0,0
717,14/10/2016 , 22:15:00,0,0
718,14/10/2016 , 22:30:00,0,0
719,14/10/2016 , 22:45:00,0,0
720,14/10/2016 , 23:00:00,0,0
721,14/10/2016 , 23:15:00,0,0
722,14/10/2016 , 23:30:00,0,0
723,14/10/2016 , 23:45:00,0,0
724,14/10/2016 , 24:00:00,0,0
725,15/10/2016 , 00:15:00,0,0
726,15/10/2016 , 00:30:00,0,0
727,15/10/2016 , 00:45:00,0,0
728,15/10/2016 , 01:00:00,0,0
729,15/10/2016 , 01:15:00,0,0
730,15/10/2016 , 01:30:00,0,0
731,15/10/2016 , 01:45:00,0,0
732,15/10/2016 , 02:00:00,0,0
733,15/10/2016 , 02:15:00,0,0
734,15/10/2016 , 02:30:00,0,0
735,15/10/2016 , 02:45:00,0,0
736,15/10/2016 , 03:00:00,0,0
737,15/10/2016 , 03:15:00,0,0
738,15/10/2016 , 03:30:00,0,0
739,15/10/2016 , 03:45:00,0,0
740,15/10/2016 , 04:00:00,0,0
741,15/10/2016 , 04:15:00,0,0
742,15/10/2016 , 04:30:00,0,0
743,15/10/2016 , 04:45:00,0,0
744,15/10/2016 , 05:00:00,0,0
745,15/10/2016 , 05:15:00,0,0
746,15/10/2016 , 05:30:00,0,0
747,15/10/2016 , 05:45:00,0,0
748,15/10/2016 , 06:00:00,0,0
749,15/10/2016 , 06:15:00,0,0
750,15/10/2016 , 06:30:00,0,0
751,15/10/2016 , 06:45:00,20,20
752,15/10/2016 , 07:00:00,52,52
753,15/10/2016 , 07:15:00,145,145
754,15/10/2016 , 07:30:00,212,212
755,15/10/2016 , 07:45:00,290,290
756,15/10/2016 , 08:00:00,340,340
757,15/10/2016 , 08:15:00,658,658
758,15/10/2016 , 08:30:00,629,629
759,15/10/2016 , 08:45:00,747,747
760,15/10/2016 , 09:00:00,1252,1252
761,15/10/2016 , 09:15:00,1723,1723
762,15/10/2016 , 09:30:00,1571,1571
763,15/10/2016 , 09:45:00,1772,1772
764,15/10/2016 , 10:00:00,2523,2523
765,15/10/2016 , 10:15:00,3118,3118
766,15/10/2016 , 10:30:00,3140,3140
767,15/10/2016 , 10:45:00,3225,3225
768,15/10/2016 , 11:00:00,3475,3475
769,15/10/2016 , 11:15:00,3799,3799
770,15/10/2016 , 11:30:00,3677,3677
771,15/10/2016 , 11:45:00,4127,4127
772,15/10/2016 , 12:00:00,4218,4218
773,15/10/2016 , 12:15:00,3427,3427
774,15/10/2016 , 12:30:00,1483,1483
775,15/10/2016 , 12:45:00,2518,2518
776,15/10/2016 , 13:00:00,2423,2423
777,15/10/2016 , 13:15:00,886,886
778,15/10/2016 , 13:30:00,940,940
779,15/10/2016 , 13:45:00,841,841
780,15/10/2016 , 14:00:00,2532,2532
781,15/10/2016 , 14:15:00,1854,1854
782,15/10/2016 , 14:30:00,2074,2074
783,15/10/2016 , 14:45:00,1258,1258
784,15/10/2016 , 15:00:00,1852,1852
785,15/10/2016 , 15:15:00,1432,1432
786,15/10/2016 , 15:30:00,1036,1036
787,15/10/2016 , 15:45:00,1056,1056
788,15/10/2016 , 16:00:00,1356,1356
789,15/10/2016 , 16:15:00,1400,1400
790,15/10/2016 , 16:30:00,1074,1074
791,15/10/2016 , 16:45:00,777,777
792,15/10/2016 , 17:00:00,748,748
793,15/10/2016 , 17:15:00,296,296
794,15/10/2016 , 17:30:00,191,191
795,15/10/2016 , 17:45:00,123,123
796,15/10/2016 , 18:00:00,73,73
797,15/10/2016 , 18:15:00,19,19
798,15/10/2016 , 18:30:00,0,0
799,15/10/2016 , 18:45:00,0,0
800,15/10/2016 , 19:00:00,0,0
801,15/10/2016 , 19:15:00,0,0
802,15/10/2016 , 19:30:00,0,0
803,15/10/2016 , 19:45:00,0,0
804,15/10/2016 , 20:00:00,0,0
805,15/10/2016 , 20:15:00,0,0
806,15/10/2016 , 20:30:00,0,0
807,15/10/2016 , 20:45:00,0,0
808,15/10/2016 , 21:00:00,0,0
809,15/10/2016 , 21:15:00,0,0
810,15/10/2016 , 21:30:00,0,0
811,15/10/2016 , 21:45:00,0,0
812,15/10/2016 , 22:00:00,0,0
813,15/10/2016 , 22:15:00,0,0
814,15/10/2016 , 22:30:00,0,0
815,15/10/2016 , 22:45:00,0,0
816,15/10/2016 , 23:00:00,0,0
817,15/10/2016 , 23:15:00,0,0
818,15/10/2016 , 23:30:00,0,0
819,15/10/2016 , 23:45:00,0,0
820,15/10/2016 , 24:00:00,0,0
821,16/10/2016 , 00:15:00,0,0
822,16/10/2016 , 00:30:00,0,0
823,16/10/2016 , 00:45:00,0,0
824,16/10/2016 , 01:00:00,0,0
825,16/10/2016 , 01:15:00,0,0
826,16/10/2016 , 01:30:00,0,0
827,16/10/2016 , 01:45:00,0,0
828,16/10/2016 , 02:00:00,0,0
829,16/10/2016 , 02:15:00,0,0
830,16/10/2016 , 02:30:00,0,0
831,16/10/2016 , 02:45:00,0,0
832,16/10/2016 , 03:00:00,0,0
833,16/10/2016 , 03:15:00,0,0
834,16/10/2016 , 03:30:00,0,0
835,16/10/2016 , 03:45:00,0,0
836,16/10/2016 , 04:00:00,0,0
837,16/10/2016 , 04:15:00,0,0
838,16/10/2016 , 04:30:00,0,0
839,16/10/2016 , 04:45:00,0,0
840,16/10/2016 , 05:00:00,0,0
841,16/10/2016 , 05:15:00,0,0
842,16/10/2016 , 05:30:00,0,0
843,16/10/2016 , 05:45:00,0,0
844,16/10/2016 , 06:00:00,0,0
845,16/10/2016 , 06:15:00,0,0
846,16/10/2016 , 06:30:00,0,0
847,16/10/2016 , 06:45:00,35,35
848,16/10/2016 , 07:00:00,126,126
849,16/10/2016 , 07:15:00,250,250
850,16/10/2016 , 07:30:00,357,357
851,16/10/2016 , 07:45:00,461,461
852,16/10/2016 , 08:00:00,706,706
853,16/10/2016 , 08:15:00,847,847
854,16/10/2016 , 08:30:00,797,797
855,16/10/2016 , 08:45:00,982,982
856,16/10/2016 , 09:00:00,1161,1161
857,16/10/2016 , 09:15:00,1180,1180
858,16/10/2016 , 09:30:00,1559,1559
859,16/10/2016 , 09:45:00,1729,1729
860,16/10/2016 , 10:00:00,2442,2442
861,16/10/2016 , 10:15:00,1673,1673
862,16/10/2016 , 10:30:00,1950,1950
863,16/10/2016 , 10:45:00,3295,3295
864,16/10/2016 , 11:00:00,4239,4239
865,16/10/2016 , 11:15:00,3998,3998
866,16/10/2016 , 11:30:00,3185,3185
867,16/10/2016 , 11:45:00,3088,3088
868,16/10/2016 , 12:00:00,2596,2596
869,16/10/2016 , 12:15:00,3260,3260
870,16/10/2016 , 12:30:00,4690,4690
871,16/10/2016 , 12:45:00,4041,4041
872,16/10/2016 , 13:00:00,4205,4205
873,16/10/2016 , 13:15:00,4548,4548
874,16/10/2016 , 13:30:00,3924,3924
875,16/10/2016 , 13:45:00,3837,3837
876,16/10/2016 , 14:00:00,2797,2797
877,16/10/2016 , 14:15:00,4150,4150
878,16/10/2016 , 14:30:00,1662,1662
879,16/10/2016 , 14:45:00,1866,1866
880,16/10/2016 , 15:00:00,2748,2748
881,16/10/2016 , 15:15:00,2297,2297
882,16/10/2016 , 15:30:00,1815,1815
883,16/10/2016 , 15:45:00,1531,1531
884,16/10/2016 , 16:00:00,1224,1224
885,16/10/2016 , 16:15:00,662,662
886,16/10/2016 , 16:30:00,392,392
887,16/10/2016 , 16:45:00,404,404
888,16/10/2016 , 17:00:00,367,367
889,16/10/2016 , 17:15:00,278,278
890,16/10/2016 , 17:30:00,267,267
891,16/10/2016 , 17:45:00,145,145
892,16/10/2016 , 18:00:00,64,64
893,16/10/2016 , 18:15:00,13,13
894,16/10/2016 , 18:30:00,0,0
895,16/10/2016 , 18:45:00,0,0
896,16/10/2016 , 19:00:00,0,0
897,16/10/2016 , 19:15:00,0,0
898,16/10/2016 , 19:30:00,0,0
899,16/10/2016 , 19:45:00,0,0
900,16/10/2016 , 20:00:00,0,0
901,16/10/2016 , 20:15:00,0,0
902,16/10/2016 , 20:30:00,0,0
903,16/10/2016 , 20:45:00,0,0
904,16/10/2016 , 21:00:00,0,0
905,16/10/2016 , 21:15:00,0,0
906,16/10/2016 , 21:30:00,0,0
907,16/10/2016 , 21:45:00,0,0
908,16/10/2016 , 22:00:00,0,0
909,16/10/2016 , 22:15:00,0,0
910,16/10/2016 , 22:30:00,0,0
911,16/10/2016 , 22:45:00,0,0
912,16/10/2016 , 23:00:00,0,0
913,16/10/2016 , 23:15:00,0,0
914,16/10/2016 , 23:30:00,0,0
915,16/10/2016 , 23:45:00,0,0
916,16/10/2016 , 24:00:00,0,0
917,17/10/2016 , 00:15:00,0,0
918,17/10/2016 , 00:30:00,0,0
919,17/10/2016 , 00:45:00,0,0
920,17/10/2016 , 01:00:00,0,0
921,17/10/2016 , 01:15:00,0,0
922,17/10/2016 , 01:30:00,0,0
923,17/10/2016 , 01:45:00,0,0
924,17/10/2016 , 02:00:00,0,0
925,17/10/2016 , 02:15:00,0,0
926,17/10/2016 , 02:30:00,0,0
927,17/10/2016 , 02:45:00,0,0
928,17/10/2016 , 03:00:00,0,0
929,17/10/2016 , 03:15:00,0,0
930,17/10/2016 , 03:30:00,0,0
931,17/10/2016 , 03:45:00,0,0
932,17/10/2016 , 04:00:00,0,0
933,17/10/2016 , 04:15:00,0,0
934,17/10/2016 , 04:30:00,0,0
935,17/10/2016 , 04:45:00,0,0
936,17/10/2016 , 05:00:00,0,0
937,17/10/2016 , 05:15:00,0,0
938,17/10/2016 , 05:30:00,0,0
939,17/10/2016 , 05:45:00,0,0
940,17/10/2016 , 06:00:00,0,0
941,17/10/2016 , 06:15:00,0,0
942,17/10/2016 , 06:30:00,0,0
943,17/10/2016 , 06:45:00,14,14
944,17/10/2016 , 07:00:00,67,67
945,17/10/2016 , 07:15:00,156,156
946,17/10/2016 , 07:30:00,222,222
947,17/10/2016 , 07:45:00,271,271
948,17/10/2016 , 08:00:00,521,521
949,17/10/2016 , 08:15:00,720,720
950,17/10/2016 , 08:30:00,604,604
951,17/10/2016 , 08:45:00,1125,1125
952,17/10/2016 , 09:00:00,489,489
953,17/10/2016 , 09:15:00,987,987
954,17/10/2016 , 09:30:00,1676,1676
955,17/10/2016 , 09:45:00,1538,1538
956,17/10/2016 , 10:00:00,1470,1470
957,17/10/2016 , 10:15:00,2056,2056
958,17/10/2016 , 10:30:00,2843,2843
959,17/10/2016 , 10:45:00,2271,2271
960,17/10/2016 , 11:00:00,3167,3167
961,17/10/2016 , 11:15:00,3998,3998
962,17/10/2016 , 11:30:00,3026,3026
963,17/10/2016 , 11:45:00,2834,2834
964,17/10/2016 , 12:00:00,2086,2086
965,17/10/2016 , 12:15:00,2157,2157
966,17/10/2016 , 12:30:00,2851,2851
967,17/10/2016 , 12:45:00,2213,2213
968,17/10/2016 , 13:00:00,2088,2088
969,17/10/2016 , 13:15:00,4497,4497
970,17/10/2016 , 13:30:00,4357,4357
971,17/10/2016 , 13:45:00,2896,2896
972,17/10/2016 , 14:00:00,2757,2757
973,17/10/2016 , 14:15:00,2032,2032
974,17/10/2016 , 14:30:00,1620,1620
975,17/10/2016 , 14:45:00,976,976
976,17/10/2016 , 15:00:00,1480,1480
977,17/10/2016 , 15:15:00,1763,1763
978,17/10/2016 , 15:30:00,1458,1458
979,17/10/2016 , 15:45:00,950,950
980,17/10/2016 , 16:00:00,1085,1085
981,17/10/2016 , 16:15:00,1052,1052
982,17/10/2016 , 16:30:00,1125,1125
983,17/10/2016 , 16:45:00,1043,1043
984,17/10/2016 , 17:00:00,519,519
985,17/10/2016 , 17:15:00,475,475
986,17/10/2016 , 17:30:00,276,276
987,17/10/2016 , 17:45:00,158,158
988,17/10/2016 , 18:00:00,80,80
989,17/10/2016 , 18:15:00,18,18
990,17/10/2016 , 18:30:00,0,0
991,17/10/2016 , 18:45:00,0,0
992,17/10/2016 , 19:00:00,0,0
993,17/10/2016 , 19:15:00,0,0
994,17/10/2016 , 19:30:00,0,0
995,17/10/2016 , 19:45:00,0,0
996,17/10/2016 , 20:00:00,0,0
997,17/10/2016 , 20:15:00,0,0
998,17/10/2016 , 20:30:00,0,0
999,17/10/2016 , 20:45:00,0,0
1000,17/10/2016 , 21:00:00,0,0
1001,17/10/2016 , 21:15:00,0,0
1002,17/10/2016 , 21:30:00,0,0
1003,17/10/2016 , 21:45:00,0,0
1004,17/10/2016 , 22:00:00,0,0
1005,17/10/2016 , 22:15:00,0,0
1006,17/10/2016 , 22:30:00,0,0
1007,17/10/2016 , 22:45:00,0,0
1008,17/10/2016 , 23:00:00,0,0
1009,17/10/2016 , 23:15:00,0,0
1010,17/10/2016 , 23:30:00,0,0
1011,17/10/2016 , 23:45:00,0,0
1012,17/10/2016 , 24:00:00,0,0
1013,18/10/2016 , 00:15:00,0,0
1014,18/10/2016 , 00:30:00,0,0
1015,18/10/2016 , 00:45:00,0,0
1016,18/10/2016 , 01:00:00,0,0
1017,18/10/2016 , 01:15:00,0,0
1018,18/10/2016 , 01:30:00,0,0
1019,18/10/2016 , 01:45:00,0,0
1020,18/10/2016 , 02:00:00,0,0
1021,18/10/2016 , 02:15:00,0,0
1022,18/10/2016 , 02:30:00,0,0
1023,18/10/2016 , 02:45:00,0,0
1024,18/10/2016 , 03:00:00,0,0
1025,18/10/2016 , 03:15:00,0,0
1026,18/10/2016 , 03:30:00,0,0
1027,18/10/2016 , 03:45:00,0,0
1028,18/10/2016 , 04:00:00,0,0
1029,18/10/2016 , 04:15:00,0,0
1030,18/10/2016 , 04:30:00,0,0
1031,18/10/2016 , 04:45:00,0,0
1032,18/10/2016 , 05:00:00,0,0
1033,18/10/2016 , 05:15:00,0,0
1034,18/10/2016 , 05:30:00,0,0
1035,18/10/2016 , 05:45:00,0,0
1036,18/10/2016 , 06:00:00,0,0
1037,18/10/2016 , 06:15:00,0,0
1038,18/10/2016 , 06:30:00,0,0
1039,18/10/2016 , 06:45:00,8,8
1040,18/10/2016 , 07:00:00,84,84
1041,18/10/2016 , 07:15:00,217,217
1042,18/10/2016 , 07:30:00,345,345
1043,18/10/2016 , 07:45:00,493,493
1044,18/10/2016 , 08:00:00,861,861
1045,18/10/2016 , 08:15:00,1087,1087
1046,18/10/2016 , 08:30:00,1138,1138
1047,18/10/2016 , 08:45:00,1734,1734
1048,18/10/2016 , 09:00:00,1573,1573
1049,18/10/2016 , 09:15:00,1347,1347
1050,18/10/2016 , 09:30:00,2315,2315
1051,18/10/2016 , 09:45:00,1903,1903
1052,18/10/2016 , 10:00:00,1478,1478
1053,18/10/2016 , 10:15:00,1024,1024
1054,18/10/2016 , 10:30:00,2511,2511
1055,18/10/2016 , 10:45:00,3918,3918
1056,18/10/2016 , 11:00:00,4090,4090
1057,18/10/2016 , 11:15:00,4854,4854
1058,18/10/2016 , 11:30:00,4711,4711
1059,18/10/2016 , 11:45:00,4776,4776
1060,18/10/2016 , 12:00:00,3603,3603
1061,18/10/2016 , 12:15:00,5139,5139
1062,18/10/2016 , 12:30:00,3660,3660
1063,18/10/2016 , 12:45:00,3263,3263
1064,18/10/2016 , 13:00:00,2247,2247
1065,18/10/2016 , 13:15:00,963,963
1066,18/10/2016 , 13:30:00,1262,1262
1067,18/10/2016 , 13:45:00,878,878
1068,18/10/2016 , 14:00:00,705,705
1069,18/10/2016 , 14:15:00,1314,1314
1070,18/10/2016 , 14:30:00,1008,1008
1071,18/10/2016 , 14:45:00,980,980
1072,18/10/2016 , 15:00:00,1069,1069
1073,18/10/2016 , 15:15:00,2072,2072
1074,18/10/2016 , 15:30:00,1230,1230
1075,18/10/2016 , 15:45:00,2327,2327
1076,18/10/2016 , 16:00:00,1524,1524
1077,18/10/2016 , 16:15:00,605,605
1078,18/10/2016 , 16:30:00,1049,1049
1079,18/10/2016 , 16:45:00,584,584
1080,18/10/2016 , 17:00:00,407,407
1081,18/10/2016 , 17:15:00,440,440
1082,18/10/2016 , 17:30:00,268,268
1083,18/10/2016 , 17:45:00,160,160
1084,18/10/2016 , 18:00:00,79,79
1085,18/10/2016 , 18:15:00,16,16
1086,18/10/2016 , 18:30:00,0,0
1087,18/10/2016 , 18:45:00,0,0
1088,18/10/2016 , 19:00:00,0,0
1089,18/10/2016 , 19:15:00,0,0
1090,18/10/2016 , 19:30:00,0,0
1091,18/10/2016 , 19:45:00,0,0
1092,18/10/2016 , 20:00:00,0,0
1093,18/10/2016 , 20:15:00,0,0
1094,18/10/2016 , 20:30:00,0,0
1095,18/10/2016 , 20:45:00,0,0
1096,18/10/2016 , 21:00:00,0,0
1097,18/10/2016 , 21:15:00,0,0
1098,18/10/2016 , 21:30:00,0,0
1099,18/10/2016 , 21:45:00,0,0
1100,18/10/2016 , 22:00:00,0,0
1101,18/10/2016 , 22:15:00,0,0
1102,18/10/2016 , 22:30:00,0,0
1103,18/10/2016 , 22:45:00,0,0
1104,18/10/2016 , 23:00:00,0,0
1105,18/10/2016 , 23:15:00,0,0
1106,18/10/2016 , 23:30:00,0,0
1107,18/10/2016 , 23:45:00,0,0
1108,18/10/2016 , 24:00:00,0,0
1109,19/10/2016 , 00:15:00,0,0
1110,19/10/2016 , 00:30:00,0,0
1111,19/10/2016 , 00:45:00,0,0
1112,19/10/2016 , 01:00:00,0,0
1113,19/10/2016 , 01:15:00,0,0
1114,19/10/2016 , 01:30:00,0,0
1115,19/10/2016 , 01:45:00,0,0
1116,19/10/2016 , 02:00:00,0,0
1117,19/10/2016 , 02:15:00,0,0
1118,19/10/2016 , 02:30:00,0,0
1119,19/10/2016 , 02:45:00,0,0
1120,19/10/2016 , 03:00:00,0,0
1121,19/10/2016 , 03:15:00,0,0
1122,19/10/2016 , 03:30:00,0,0
1123,19/10/2016 , 03:45:00,0,0
1124,19/10/2016 , 04:00:00,0,0
1125,19/10/2016 , 04:15:00,0,0
1126,19/10/2016 , 04:30:00,0,0
1127,19/10/2016 , 04:45:00,0,0
1128,19/10/2016 , 05:00:00,0,0
1129,19/10/2016 , 05:15:00,0,0
1130,19/10/2016 , 05:30:00,0,0
1131,19/10/2016 , 05:45:00,0,0
1132,19/10/2016 , 06:00:00,0,0
1133,19/10/2016 , 06:15:00,0,0
1134,19/10/2016 , 06:30:00,0,0
1135,19/10/2016 , 06:45:00,22,22
1136,19/10/2016 , 07:00:00,101,101
1137,19/10/2016 , 07:15:00,173,173
1138,19/10/2016 , 07:30:00,279,279
1139,19/10/2016 , 07:45:00,407,407
1140,19/10/2016 , 08:00:00,647,647
1141,19/10/2016 , 08:15:00,850,850
1142,19/10/2016 , 08:30:00,1039,1039
1143,19/10/2016 , 08:45:00,1413,1413
1144,19/10/2016 , 09:00:00,1554,1554
1145,19/10/2016 , 09:15:00,1185,1185
1146,19/10/2016 , 09:30:00,752,752
1147,19/10/2016 , 09:45:00,1751,1751
1148,19/10/2016 , 10:00:00,1078,1078
1149,19/10/2016 , 10:15:00,1600,1600
1150,19/10/2016 , 10:30:00,1532,1532
1151,19/10/2016 , 10:45:00,1211,1211
1152,19/10/2016 , 11:00:00,1484,1484
1153,19/10/2016 , 11:15:00,2048,2048
1154,19/10/2016 , 11:30:00,2365,2365
1155,19/10/2016 , 11:45:00,1796,1796
1156,19/10/2016 , 12:00:00,2222,2222
1157,19/10/2016 , 12:15:00,1398,1398
1158,19/10/2016 , 12:30:00,1483,1483
1159,19/10/2016 , 12:45:00,1694,1694
1160,19/10/2016 , 13:00:00,1141,1141
1161,19/10/2016 , 13:15:00,1083,1083
1162,19/10/2016 , 13:30:00,795,795
1163,19/10/2016 , 13:45:00,1348,1348
1164,19/10/2016 , 14:00:00,1088,1088
1165,19/10/2016 , 14:15:00,1196,1196
1166,19/10/2016 , 14:30:00,878,878
1167,19/10/2016 , 14:45:00,770,770
1168,19/10/2016 , 15:00:00,651,651
1169,19/10/2016 , 15:15:00,586,586
1170,19/10/2016 , 15:30:00,537,537
1171,19/10/2016 , 15:45:00,710,710
1172,19/10/2016 , 16:00:00,516,516
1173,19/10/2016 , 16:15:00,619,619
1174,19/10/2016 , 16:30:00,530,530
1175,19/10/2016 , 16:45:00,398,398
1176,19/10/2016 , 17:00:00,286,286
1177,19/10/2016 , 17:15:00,213,213
1178,19/10/2016 , 17:30:00,184,184
1179,19/10/2016 , 17:45:00,144,144
1180,19/10/2016 , 18:00:00,64,64
1181,19/10/2016 , 18:15:00,7,7
1182,19/10/2016 , 18:30:00,0,0
1183,19/10/2016 , 18:45:00,0,0
1184,19/10/2016 , 19:00:00,0,0
1185,19/10/2016 , 19:15:00,0,0
1186,19/10/2016 , 19:30:00,0,0
1187,19/10/2016 , 19:45:00,0,0
1188,19/10/2016 , 20:00:00,0,0
1189,19/10/2016 , 20:15:00,0,0
1190,19/10/2016 , 20:30:00,0,0
1191,19/10/2016 , 20:45:00,0,0
1192,19/10/2016 , 21:00:00,0,0
1193,19/10/2016 , 21:15:00,0,0
1194,19/10/2016 , 21:30:00,0,0
1195,19/10/2016 , 21:45:00,0,0
1196,19/10/2016 , 22:00:00,0,0
1197,19/10/2016 , 22:15:00,0,0
1198,19/10/2016 , 22:30:00,0,0
1199,19/10/2016 , 22:45:00,0,0
1200,19/10/2016 , 23:00:00,0,0
1201,19/10/2016 , 23:15:00,0,0
1202,19/10/2016 , 23:30:00,0,0
1203,19/10/2016 , 23:45:00,0,0
1204,19/10/2016 , 24:00:00,0,0
1205,20/10/2016 , 00:15:00,0,0
1206,20/10/2016 , 00:30:00,0,0
1207,20/10/2016 , 00:45:00,0,0
1208,20/10/2016 , 01:00:00,0,0
1209,20/10/2016 , 01:15:00,0,0
1210,20/10/2016 , 01:30:00,0,0
1211,20/10/2016 , 01:45:00,0,0
1212,20/10/2016 , 02:00:00,0,0
1213,20/10/2016 , 02:15:00,0,0
1214,20/10/2016 , 02:30:00,0,0
1215,20/10/2016 , 02:45:00,0,0
1216,20/10/2016 , 03:00:00,0,0
1217,20/10/2016 , 03:15:00,0,0
1218,20/10/2016 , 03:30:00,0,0
1219,20/10/2016 , 03:45:00,0,0
1220,20/10/2016 , 04:00:00,0,0
1221,20/10/2016 , 04:15:00,0,0
1222,20/10/2016 , 04:30:00,0,0
1223,20/10/2016 , 04:45:00,0,0
1224,20/10/2016 , 05:00:00,0,0
1225,20/10/2016 , 05:15:00,0,0
1226,20/10/2016 , 05:30:00,0,0
1227,20/10/2016 , 05:45:00,0,0
1228,20/10/2016 , 06:00:00,0,0
1229,20/10/2016 , 06:15:00,0,0
1230,20/10/2016 , 06:30:00,0,0
1231,20/10/2016 , 06:45:00,12,12
1232,20/10/2016 , 07:00:00,54,54
1233,20/10/2016 , 07:15:00,139,139
1234,20/10/2016 , 07:30:00,278,278
1235,20/10/2016 , 07:45:00,359,359
1236,20/10/2016 , 08:00:00,436,436
1237,20/10/2016 , 08:15:00,706,706
1238,20/10/2016 , 08:30:00,870,870
1239,20/10/2016 , 08:45:00,729,729
1240,20/10/2016 , 09:00:00,680,680
1241,20/10/2016 , 09:15:00,608,608
1242,20/10/2016 , 09:30:00,714,714
1243,20/10/2016 , 09:45:00,1293,1293
1244,20/10/2016 , 10:00:00,1285,1285
1245,20/10/2016 , 10:15:00,952,952
1246,20/10/2016 , 10:30:00,1295,1295
1247,20/10/2016 , 10:45:00,903,903
1248,20/10/2016 , 11:00:00,1451,1451
1249,20/10/2016 , 11:15:00,1119,1119
1250,20/10/2016 , 11:30:00,952,952
1251,20/10/2016 , 11:45:00,948,948
1252,20/10/2016 , 12:00:00,1391,1391
1253,20/10/2016 , 12:15:00,927,927
1254,20/10/2016 , 12:30:00,903,903
1255,20/10/2016 , 12:45:00,1001,1001
1256,20/10/2016 , 13:00:00,824,824
1257,20/10/2016 , 13:15:00,946,946
1258,20/10/2016 , 13:30:00,801,801
1259,20/10/2016 , 13:45:00,934,934
1260,20/10/2016 , 14:00:00,1209,1209
1261,20/10/2016 , 14:15:00,1322,1322
1262,20/10/2016 , 14:30:00,1515,1515
1263,20/10/2016 , 14:45:00,1721,1721
1264,20/10/2016 , 15:00:00,1784,1784
1265,20/10/2016 , 15:15:00,1593,1593
1266,20/10/2016 , 15:30:00,1519,1519
1267,20/10/2016 , 15:45:00,1268,1268
1268,20/10/2016 , 16:00:00,1003,1003
1269,20/10/2016 , 16:15:00,422,422
1270,20/10/2016 , 16:30:00,406,406
1271,20/10/2016 , 16:45:00,418,418
1272,20/10/2016 , 17:00:00,264,264
1273,20/10/2016 , 17:15:00,176,176
1274,20/10/2016 , 17:30:00,116,116
1275,20/10/2016 , 17:45:00,65,65
1276,20/10/2016 , 18:00:00,24,24
1277,20/10/2016 , 18:15:00,0,0
1278,20/10/2016 , 18:30:00,0,0
1279,20/10/2016 , 18:45:00,0,0
1280,20/10/2016 , 19:00:00,0,0
1281,20/10/2016 , 19:15:00,0,0
1282,20/10/2016 , 19:30:00,0,0
1283,20/10/2016 , 19:45:00,0,0
1284,20/10/2016 , 20:00:00,0,0
1285,20/10/2016 , 20:15:00,0,0
1286,20/10/2016 , 20:30:00,0,0
1287,20/10/2016 , 20:45:00,0,0
1288,20/10/2016 , 21:00:00,0,0
1289,20/10/2016 , 21:15:00,0,0
1290,20/10/2016 , 21:30:00,0,0
1291,20/10/2016 , 21:45:00,0,0
1292,20/10/2016 , 22:00:00,0,0
1293,20/10/2016 , 22:15:00,0,0
1294,20/10/2016 , 22:30:00,0,0
1295,20/10/2016 , 22:45:00,0,0
1296,20/10/2016 , 23:00:00,0,0
1297,20/10/2016 , 23:15:00,0,0
1298,20/10/2016 , 23:30:00,0,0
1299,20/10/2016 , 23:45:00,0,0
1300,20/10/2016 , 24:00:00,0,0
1301,21/10/2016 , 00:15:00,0,0
1302,21/10/2016 , 00:30:00,0,0
1303,21/10/2016 , 00:45:00,0,0
1304,21/10/2016 , 01:00:00,0,0
1305,21/10/2016 , 01:15:00,0,0
1306,21/10/2016 , 01:30:00,0,0
1307,21/10/2016 , 01:45:00,0,0
1308,21/10/2016 , 02:00:00,0,0
1309,21/10/2016 , 02:15:00,0,0
1310,21/10/2016 , 02:30:00,0,0
1311,21/10/2016 , 02:45:00,0,0
1312,21/10/2016 , 03:00:00,0,0
1313,21/10/2016 , 03:15:00,0,0
1314,21/10/2016 , 03:30:00,0,0
1315,21/10/2016 , 03:45:00,0,0
1316,21/10/2016 , 04:00:00,0,0
1317,21/10/2016 , 04:15:00,0,0
1318,21/10/2016 , 04:30:00,0,0
1319,21/10/2016 , 04:45:00,0,0
1320,21/10/2016 , 05:00:00,0,0
1321,21/10/2016 , 05:15:00,0,0
1322,21/10/2016 , 05:30:00,0,0
1323,21/10/2016 , 05:45:00,0,0
1324,21/10/2016 , 06:00:00,0,0
1325,21/10/2016 , 06:15:00,0,0
1326,21/10/2016 , 06:30:00,0,0
1327,21/10/2016 , 06:45:00,4,4
1328,21/10/2016 , 07:00:00,55,55
1329,21/10/2016 , 07:15:00,74,74
1330,21/10/2016 , 07:30:00,163,163
1331,21/10/2016 , 07:45:00,356,356
1332,21/10/2016 , 08:00:00,409,409
1333,21/10/2016 , 08:15:00,663,663
1334,21/10/2016 , 08:30:00,594,594
1335,21/10/2016 , 08:45:00,1066,1066
1336,21/10/2016 , 09:00:00,1370,1370
1337,21/10/2016 , 09:15:00,877,877
1338,21/10/2016 , 09:30:00,780,780
1339,21/10/2016 , 09:45:00,1442,1442
1340,21/10/2016 , 10:00:00,1479,1479
1341,21/10/2016 , 10:15:00,2067,2067
1342,21/10/2016 , 10:30:00,2222,2222
1343,21/10/2016 , 10:45:00,2459,2459
1344,21/10/2016 , 11:00:00,1673,1673
1345,21/10/2016 , 11:15:00,2063,2063
1346,21/10/2016 , 11:30:00,2836,2836
1347,21/10/2016 , 11:45:00,2319,2319
1348,21/10/2016 , 12:00:00,3142,3142
1349,21/10/2016 , 12:15:00,710,710
1350,21/10/2016 , 12:30:00,1435,1435
1351,21/10/2016 , 12:45:00,1108,1108
1352,21/10/2016 , 13:00:00,2824,2824
1353,21/10/2016 , 13:15:00,2561,2561
1354,21/10/2016 , 13:30:00,1420,1420
1355,21/10/2016 , 13:45:00,800,800
1356,21/10/2016 , 14:00:00,665,665
1357,21/10/2016 , 14:15:00,1382,1382
1358,21/10/2016 , 14:30:00,927,927
1359,21/10/2016 , 14:45:00,1100,1100
1360,21/10/2016 , 15:00:00,537,537
1361,21/10/2016 , 15:15:00,374,374
1362,21/10/2016 , 15:30:00,502,502
1363,21/10/2016 , 15:45:00,343,343
1364,21/10/2016 , 16:00:00,287,287
1365,21/10/2016 , 16:15:00,271,271
1366,21/10/2016 , 16:30:00,254,254
1367,21/10/2016 , 16:45:00,190,190
1368,21/10/2016 , 17:00:00,137,137
1369,21/10/2016 , 17:15:00,143,143
1370,21/10/2016 , 17:30:00,72,72
1371,21/10/2016 , 17:45:00,50,50
1372,21/10/2016 , 18:00:00,19,19
1373,21/10/2016 , 18:15:00,0,0
1374,21/10/2016 , 18:30:00,0,0
1375,21/10/2016 , 18:45:00,0,0
1376,21/10/2016 , 19:00:00,0,0
1377,21/10/2016 , 19:15:00,0,0
1378,21/10/2016 , 19:30:00,0,0
1379,21/10/2016 , 19:45:00,0,0
1380,21/10/2016 , 20:00:00,0,0
1381,21/10/2016 , 20:15:00,0,0
1382,21/10/2016 , 20:30:00,0,0
1383,21/10/2016 , 20:45:00,0,0
1384,21/10/2016 , 21:00:00,0,0
1385,21/10/2016 , 21:15:00,0,0
1386,21/10/2016 , 21:30:00,0,0
1387,21/10/2016 , 21:45:00,0,0
1388,21/10/2016 , 22:00:00,0,0
1389,21/10/2016 , 22:15:00,0,0
1390,21/10/2016 , 22:30:00,0,0
1391,21/10/2016 , 22:45:00,0,0
1392,21/10/2016 , 23:00:00,0,0
1393,21/10/2016 , 23:15:00,0,0
1394,21/10/2016 , 23:30:00,0,0
1395,21/10/2016 , 23:45:00,0,0
1396,21/10/2016 , 24:00:00,0,0
1397,22/10/2016 , 00:15:00,0,0
1398,22/10/2016 , 00:30:00,0,0
1399,22/10/2016 , 00:45:00,0,0
1400,22/10/2016 , 01:00:00,0,0
1401,22/10/2016 , 01:15:00,0,0
1402,22/10/2016 , 01:30:00,0,0
1403,22/10/2016 , 01:45:00,0,0
1404,22/10/2016 , 02:00:00,0,0
1405,22/10/2016 , 02:15:00,0,0
1406,22/10/2016 , 02:30:00,0,0
1407,22/10/2016 , 02:45:00,0,0
1408,22/10/2016 , 03:00:00,0,0
1409,22/10/2016 , 03:15:00,0,0
1410,22/10/2016 , 03:30:00,0,0
1411,22/10/2016 , 03:45:00,0,0
1412,22/10/2016 , 04:00:00,0,0
1413,22/10/2016 , 04:15:00,0,0
1414,22/10/2016 , 04:30:00,0,0
1415,22/10/2016 , 04:45:00,0,0
1416,22/10/2016 , 05:00:00,0,0
1417,22/10/2016 , 05:15:00,0,0
1418,22/10/2016 , 05:30:00,0,0
1419,22/10/2016 , 05:45:00,0,0
1420,22/10/2016 , 06:00:00,0,0
1421,22/10/2016 , 06:15:00,0,0
1422,22/10/2016 , 06:30:00,0,0
1423,22/10/2016 , 06:45:00,4,4
1424,22/10/2016 , 07:00:00,50,50
1425,22/10/2016 , 07:15:00,91,91
1426,22/10/2016 , 07:30:00,171,171
1427,22/10/2016 , 07:45:00,213,213
1428,22/10/2016 , 08:00:00,326,326
1429,22/10/2016 , 08:15:00,422,422
1430,22/10/2016 , 08:30:00,457,457
1431,22/10/2016 , 08:45:00,410,410
1432,22/10/2016 , 09:00:00,843,843
1433,22/10/2016 , 09:15:00,925,925
1434,22/10/2016 , 09:30:00,975,975
1435,22/10/2016 , 09:45:00,987,987
1436,22/10/2016 , 10:00:00,1073,1073
1437,22/10/2016 , 10:15:00,1042,1042
1438,22/10/2016 , 10:30:00,809,809
1439,22/10/2016 , 10:45:00,1241,1241
1440,22/10/2016 , 11:00:00,962,962
1441,22/10/2016 , 11:15:00,1141,1141
1442,22/10/2016 , 11:30:00,1583,1583
1443,22/10/2016 , 11:45:00,1086,1086
1444,22/10/2016 , 12:00:00,1556,1556
1445,22/10/2016 , 12:15:00,864,864
1446,22/10/2016 , 12:30:00,1243,1243
1447,22/10/2016 , 12:45:00,1324,1324
1448,22/10/2016 , 13:00:00,1397,1397
1449,22/10/2016 , 13:15:00,610,610
1450,22/10/2016 , 13:30:00,1534,1534
1451,22/10/2016 , 13:45:00,1106,1106
1452,22/10/2016 , 14:00:00,1081,1081
1453,22/10/2016 , 14:15:00,749,749
1454,22/10/2016 , 14:30:00,1075,1075
1455,22/10/2016 , 14:45:00,906,906
1456,22/10/2016 , 15:00:00,1278,1278
1457,22/10/2016 , 15:15:00,979,979
1458,22/10/2016 , 15:30:00,936,936
1459,22/10/2016 , 15:45:00,518,518
1460,22/10/2016 , 16:00:00,378,378
1461,22/10/2016 , 16:15:00,136,136
1462,22/10/2016 , 16:30:00,254,254
1463,22/10/2016 , 16:45:00,215,215
1464,22/10/2016 , 17:00:00,234,234
1465,22/10/2016 , 17:15:00,87,87
1466,22/10/2016 , 17:30:00,72,72
1467,22/10/2016 , 17:45:00,41,41
1468,22/10/2016 , 18:00:00,15,15
1469,22/10/2016 , 18:15:00,0,0
1470,22/10/2016 , 18:30:00,0,0
1471,22/10/2016 , 18:45:00,0,0
1472,22/10/2016 , 19:00:00,0,0
1473,22/10/2016 , 19:15:00,0,0
1474,22/10/2016 , 19:30:00,0,0
1475,22/10/2016 , 19:45:00,0,0
1476,22/10/2016 , 20:00:00,0,0
1477,22/10/2016 , 20:15:00,0,0
1478,22/10/2016 , 20:30:00,0,0
1479,22/10/2016 , 20:45:00,0,0
1480,22/10/2016 , 21:00:00,0,0
1481,22/10/2016 , 21:15:00,0,0
1482,22/10/2016 , 21:30:00,0,0
1483,22/10/2016 , 21:45:00,0,0
1484,22/10/2016 , 22:00:00,0,0
1485,22/10/2016 , 22:15:00,0,0
1486,22/10/2016 , 22:30:00,0,0
1487,22/10/2016 , 22:45:00,0,0
1488,22/10/2016 , 23:00:00,0,0
1489,22/10/2016 , 23:15:00,0,0
1490,22/10/2016 , 23:30:00,0,0
1491,22/10/2016 , 23:45:00,0,0
1492,22/10/2016 , 24:00:00,0,0
1493,23/10/2016 , 00:15:00,0,0
1494,23/10/2016 , 00:30:00,0,0
1495,23/10/2016 , 00:45:00,0,0
1496,23/10/2016 , 01:00:00,0,0
1497,23/10/2016 , 01:15:00,0,0
1498,23/10/2016 , 01:30:00,0,0
1499,23/10/2016 , 01:45:00,0,0
1500,23/10/2016 , 02:00:00,0,0
1501,23/10/2016 , 02:15:00,0,0
1502,23/10/2016 , 02:30:00,0,0
1503,23/10/2016 , 02:45:00,0,0
1504,23/10/2016 , 03:00:00,0,0
1505,23/10/2016 , 03:15:00,0,0
1506,23/10/2016 , 03:30:00,0,0
1507,23/10/2016 , 03:45:00,0,0
1508,23/10/2016 , 04:00:00,0,0
1509,23/10/2016 , 04:15:00,0,0
1510,23/10/2016 , 04:30:00,0,0
1511,23/10/2016 , 04:45:00,0,0
1512,23/10/2016 , 05:00:00,0,0
1513,23/10/2016 , 05:15:00,0,0
1514,23/10/2016 , 05:30:00,0,0
1515,23/10/2016 , 05:45:00,0,0
1516,23/10/2016 , 06:00:00,0,0
1517,23/10/2016 , 06:15:00,0,0
1518,23/10/2016 , 06:30:00,0,0
1519,23/10/2016 , 06:45:00,0,0
1520,23/10/2016 , 07:00:00,14,14
1521,23/10/2016 , 07:15:00,53,53
1522,23/10/2016 , 07:30:00,64,64
1523,23/10/2016 , 07:45:00,123,123
1524,23/10/2016 , 08:00:00,176,176
1525,23/10/2016 , 08:15:00,216,216
1526,23/10/2016 , 08:30:00,279,279
1527,23/10/2016 , 08:45:00,358,358
1528,23/10/2016 , 09:00:00,499,499
1529,23/10/2016 , 09:15:00,515,515
1530,23/10/2016 , 09:30:00,633,633
1531,23/10/2016 , 09:45:00,631,631
1532,23/10/2016 , 10:00:00,696,696
1533,23/10/2016 , 10:15:00,633,633
1534,23/10/2016 , 10:30:00,925,925
1535,23/10/2016 , 10:45:00,910,910
1536,23/10/2016 , 11:00:00,919,919
1537,23/10/2016 , 11:15:00,651,651
1538,23/10/2016 , 11:30:00,1046,1046
1539,23/10/2016 , 11:45:00,721,721
1540,23/10/2016 , 12:00:00,1283,1283
1541,23/10/2016 , 12:15:00,1273,1273
1542,23/10/2016 , 12:30:00,680,680
1543,23/10/2016 , 12:45:00,811,811
1544,23/10/2016 , 13:00:00,626,626
1545,23/10/2016 , 13:15:00,791,791
1546,23/10/2016 , 13:30:00,1225,1225
1547,23/10/2016 , 13:45:00,1090,1090
1548,23/10/2016 , 14:00:00,958,958
1549,23/10/2016 , 14:15:00,792,792
1550,23/10/2016 , 14:30:00,757,757
1551,23/10/2016 , 14:45:00,774,774
1552,23/10/2016 , 15:00:00,761,761
1553,23/10/2016 , 15:15:00,621,621
1554,23/10/2016 , 15:30:00,650,650
1555,23/10/2016 , 15:45:00,575,575
1556,23/10/2016 , 16:00:00,431,431
1557,23/10/2016 , 16:15:00,193,193
1558,23/10/2016 , 16:30:00,321,321
1559,23/10/2016 , 16:45:00,277,277
1560,23/10/2016 , 17:00:00,169,169
1561,23/10/2016 , 17:15:00,55,55
1562,23/10/2016 , 17:30:00,43,43
1563,23/10/2016 , 17:45:00,26,26
1564,23/10/2016 , 18:00:00,0,0
1565,23/10/2016 , 18:15:00,0,0
1566,23/10/2016 , 18:30:00,0,0
1567,23/10/2016 , 18:45:00,0,0
1568,23/10/2016 , 19:00:00,0,0
1569,23/10/2016 , 19:15:00,0,0
1570,23/10/2016 , 19:30:00,0,0
1571,23/10/2016 , 19:45:00,0,0
1572,23/10/2016 , 20:00:00,0,0
1573,23/10/2016 , 20:15:00,0,0
1574,23/10/2016 , 20:30:00,0,0
1575,23/10/2016 , 20:45:00,0,0
1576,23/10/2016 , 21:00:00,0,0
1577,23/10/2016 , 21:15:00,0,0
1578,23/10/2016 , 21:30:00,0,0
1579,23/10/2016 , 21:45:00,0,0
1580,23/10/2016 , 22:00:00,0,0
1581,23/10/2016 , 22:15:00,0,0
1582,23/10/2016 , 22:30:00,0,0
1583,23/10/2016 , 22:45:00,0,0
1584,23/10/2016 , 23:00:00,0,0
1585,23/10/2016 , 23:15:00,0,0
1586,23/10/2016 , 23:30:00,0,0
1587,23/10/2016 , 23:45:00,0,0
1588,23/10/2016 , 24:00:00,0,0
1589,24/10/2016 , 00:15:00,0,0
1590,24/10/2016 , 00:30:00,0,0
1591,24/10/2016 , 00:45:00,0,0
1592,24/10/2016 , 01:00:00,0,0
1593,24/10/2016 , 01:15:00,0,0
1594,24/10/2016 , 01:30:00,0,0
1595,24/10/2016 , 01:45:00,0,0
1596,24/10/2016 , 02:00:00,0,0
1597,24/10/2016 , 02:15:00,0,0
1598,24/10/2016 , 02:30:00,0,0
1599,24/10/2016 , 02:45:00,0,0
1600,24/10/2016 , 03:00:00,0,0
1601,24/10/2016 , 03:15:00,0,0
1602,24/10/2016 , 03:30:00,0,0
1603,24/10/2016 , 03:45:00,0,0
1604,24/10/2016 , 04:00:00,0,0
1605,24/10/2016 , 04:15:00,0,0
1606,24/10/2016 , 04:30:00,0,0
1607,24/10/2016 , 04:45:00,0,0
1608,24/10/2016 , 05:00:00,0,0
1609,24/10/2016 , 05:15:00,0,0
1610,24/10/2016 , 05:30:00,0,0
1611,24/10/2016 , 05:45:00,0,0
1612,24/10/2016 , 06:00:00,0,0
1613,24/10/2016 , 06:15:00,0,0
1614,24/10/2016 , 06:30:00,0,0
1615,24/10/2016 , 06:45:00,0,0
1616,24/10/2016 , 07:00:00,0,0
1617,24/10/2016 , 07:15:00,26,26
1618,24/10/2016 , 07:30:00,44,44
1619,24/10/2016 , 07:45:00,45,45
1620,24/10/2016 , 08:00:00,56,56
1621,24/10/2016 , 08:15:00,81,81
1622,24/10/2016 , 08:30:00,78,78
1623,24/10/2016 , 08:45:00,135,135
1624,24/10/2016 , 09:00:00,212,212
1625,24/10/2016 , 09:15:00,216,216
1626,24/10/2016 , 09:30:00,134,134
1627,24/10/2016 , 09:45:00,118,118
1628,24/10/2016 , 10:00:00,161,161
1629,24/10/2016 , 10:15:00,197,197
1630,24/10/2016 , 10:30:00,355,355
1631,24/10/2016 , 10:45:00,350,350
1632,24/10/2016 , 11:00:00,266,266
1633,24/10/2016 , 11:15:00,241,241
1634,24/10/2016 , 11:30:00,178,178
1635,24/10/2016 , 11:45:00,322,322
1636,24/10/2016 , 12:00:00,249,249
1637,24/10/2016 , 12:15:00,306,306
1638,24/10/2016 , 12:30:00,295,295
1639,24/10/2016 , 12:45:00,197,197
1640,24/10/2016 , 13:00:00,162,162
1641,24/10/2016 , 13:15:00,228,228
1642,24/10/2016 , 13:30:00,254,254
1643,24/10/2016 , 13:45:00,325,325
1644,24/10/2016 , 14:00:00,292,292
1645,24/10/2016 , 14:15:00,320,320
1646,24/10/2016 , 14:30:00,383,383
1647,24/10/2016 , 14:45:00,405,405
1648,24/10/2016 , 15:00:00,331,331
1649,24/10/2016 , 15:15:00,362,362
1650,24/10/2016 , 15:30:00,314,314
1651,24/10/2016 , 15:45:00,238,238
1652,24/10/2016 , 16:00:00,211,211
1653,24/10/2016 , 16:15:00,183,183
1654,24/10/2016 , 16:30:00,148,148
1655,24/10/2016 , 16:45:00,107,107
1656,24/10/2016 , 17:00:00,77,77
1657,24/10/2016 , 17:15:00,58,58
1658,24/10/2016 , 17:30:00,48,48
1659,24/10/2016 , 17:45:00,25,25
1660,24/10/2016 , 18:00:00,4,4
1661,24/10/2016 , 18:15:00,0,0
1662,24/10/2016 , 18:30:00,0,0
1663,24/10/2016 , 18:45:00,0,0
1664,24/10/2016 , 19:00:00,0,0
1665,24/10/2016 , 19:15:00,0,0
1666,24/10/2016 , 19:30:00,0,0
1667,24/10/2016 , 19:45:00,0,0
1668,24/10/2016 , 20:00:00,0,0
1669,24/10/2016 , 20:15:00,0,0
1670,24/10/2016 , 20:30:00,0,0
1671,24/10/2016 , 20:45:00,0,0
1672,24/10/2016 , 21:00:00,0,0
1673,24/10/2016 , 21:15:00,0,0
1674,24/10/2016 , 21:30:00,0,0
1675,24/10/2016 , 21:45:00,0,0
1676,24/10/2016 , 22:00:00,0,0
1677,24/10/2016 , 22:15:00,0,0
1678,24/10/2016 , 22:30:00,0,0
1679,24/10/2016 , 22:45:00,0,0
1680,24/10/2016 , 23:00:00,0,0
1681,24/10/2016 , 23:15:00,0,0
1682,24/10/2016 , 23:30:00,0,0
1683,24/10/2016 , 23:45:00,0,0
1684,24/10/2016 , 24:00:00,0,0
1685,25/10/2016 , 00:15:00,0,0
1686,25/10/2016 , 00:30:00,0,0
1687,25/10/2016 , 00:45:00,0,0
1688,25/10/2016 , 01:00:00,0,0
1689,25/10/2016 , 01:15:00,0,0
1690,25/10/2016 , 01:30:00,0,0
1691,25/10/2016 , 01:45:00,0,0
1692,25/10/2016 , 02:00:00,0,0
1693,25/10/2016 , 02:15:00,0,0
1694,25/10/2016 , 02:30:00,0,0
1695,25/10/2016 , 02:45:00,0,0
1696,25/10/2016 , 03:00:00,0,0
1697,25/10/2016 , 03:15:00,0,0
1698,25/10/2016 , 03:30:00,0,0
1699,25/10/2016 , 03:45:00,0,0
1700,25/10/2016 , 04:00:00,0,0
1701,25/10/2016 , 04:15:00,0,0
1702,25/10/2016 , 04:30:00,0,0
1703,25/10/2016 , 04:45:00,0,0
1704,25/10/2016 , 05:00:00,0,0
1705,25/10/2016 , 05:15:00,0,0
1706,25/10/2016 , 05:30:00,0,0
1707,25/10/2016 , 05:45:00,0,0
1708,25/10/2016 , 06:00:00,0,0
1709,25/10/2016 , 06:15:00,0,0
1710,25/10/2016 , 06:30:00,0,0
1711,25/10/2016 , 06:45:00,0,0
1712,25/10/2016 , 07:00:00,0,0
1713,25/10/2016 , 07:15:00,22,22
1714,25/10/2016 , 07:30:00,47,47
1715,25/10/2016 , 07:45:00,75,75
1716,25/10/2016 , 08:00:00,100,100
1717,25/10/2016 , 08:15:00,142,142
1718,25/10/2016 , 08:30:00,169,169
1719,25/10/2016 , 08:45:00,219,219
1720,25/10/2016 , 09:00:00,274,274
1721,25/10/2016 , 09:15:00,343,343
1722,25/10/2016 , 09:30:00,404,404
1723,25/10/2016 , 09:45:00,448,448
1724,25/10/2016 , 10:00:00,499,499
1725,25/10/2016 , 10:15:00,628,628
1726,25/10/2016 , 10:30:00,592,592
1727,25/10/2016 , 10:45:00,439,439
1728,25/10/2016 , 11:00:00,370,370
1729,25/10/2016 , 11:15:00,304,304
1730,25/10/2016 , 11:30:00,181,181
1731,25/10/2016 , 11:45:00,305,305
1732,25/10/2016 , 12:00:00,512,512
1733,25/10/2016 , 12:15:00,231,231
1734,25/10/2016 , 12:30:00,345,345
1735,25/10/2016 , 12:45:00,767,767
1736,25/10/2016 , 13:00:00,783,783
1737,25/10/2016 , 13:15:00,512,512
1738,25/10/2016 , 13:30:00,710,710
1739,25/10/2016 , 13:45:00,659,659
1740,25/10/2016 , 14:00:00,605,605
1741,25/10/2016 , 14:15:00,535,535
1742,25/10/2016 , 14:30:00,539,539
1743,25/10/2016 , 14:45:00,410,410
1744,25/10/2016 , 15:00:00,492,492
1745,25/10/2016 , 15:15:00,483,483
1746,25/10/2016 , 15:30:00,303,303
1747,25/10/2016 , 15:45:00,371,371
1748,25/10/2016 , 16:00:00,316,316
1749,25/10/2016 , 16:15:00,167,167
1750,25/10/2016 , 16:30:00,120,120
1751,25/10/2016 , 16:45:00,94,94
1752,25/10/2016 , 17:00:00,76,76
1753,25/10/2016 , 17:15:00,42,42
1754,25/10/2016 , 17:30:00,48,48
1755,25/10/2016 , 17:45:00,47,47
1756,25/10/2016 , 18:00:00,12,12
1757,25/10/2016 , 18:15:00,0,0
1758,25/10/2016 , 18:30:00,0,0
1759,25/10/2016 , 18:45:00,0,0
1760,25/10/2016 , 19:00:00,0,0
1761,25/10/2016 , 19:15:00,0,0
1762,25/10/2016 , 19:30:00,0,0
1763,25/10/2016 , 19:45:00,0,0
1764,25/10/2016 , 20:00:00,0,0
1765,25/10/2016 , 20:15:00,0,0
1766,25/10/2016 , 20:30:00,0,0
1767,25/10/2016 , 20:45:00,0,0
1768,25/10/2016 , 21:00:00,0,0
1769,25/10/2016 , 21:15:00,0,0
1770,25/10/2016 , 21:30:00,0,0
1771,25/10/2016 , 21:45:00,0,0
1772,25/10/2016 , 22:00:00,0,0
1773,25/10/2016 , 22:15:00,0,0
1774,25/10/2016 , 22:30:00,0,0
1775,25/10/2016 , 22:45:00,0,0
1776,25/10/2016 , 23:00:00,0,0
1777,25/10/2016 , 23:15:00,0,0
1778,25/10/2016 , 23:30:00,0,0
1779,25/10/2016 , 23:45:00,0,0
1780,25/10/2016 , 24:00:00,0,0
1781,26/10/2016 , 00:15:00,0,0
1782,26/10/2016 , 00:30:00,0,0
1783,26/10/2016 , 00:45:00,0,0
1784,26/10/2016 , 01:00:00,0,0
1785,26/10/2016 , 01:15:00,0,0
1786,26/10/2016 , 01:30:00,0,0
1787,26/10/2016 , 01:45:00,0,0
1788,26/10/2016 , 02:00:00,0,0
1789,26/10/2016 , 02:15:00,0,0
1790,26/10/2016 , 02:30:00,0,0
1791,26/10/2016 , 02:45:00,0,0
1792,26/10/2016 , 03:00:00,0,0
1793,26/10/2016 , 03:15:00,0,0
1794,26/10/2016 , 03:30:00,0,0
1795,26/10/2016 , 03:45:00,0,0
1796,26/10/2016 , 04:00:00,0,0
1797,26/10/2016 , 04:15:00,0,0
1798,26/10/2016 , 04:30:00,0,0
1799,26/10/2016 , 04:45:00,0,0
1800,26/10/2016 , 05:00:00,0,0
1801,26/10/2016 , 05:15:00,0,0
1802,26/10/2016 , 05:30:00,0,0
1803,26/10/2016 , 05:45:00,0,0
1804,26/10/2016 , 06:00:00,0,0
1805,26/10/2016 , 06:15:00,0,0
1806,26/10/2016 , 06:30:00,0,0
1807,26/10/2016 , 06:45:00,0,0
1808,26/10/2016 , 07:00:00,21,21
1809,26/10/2016 , 07:15:00,56,56
1810,26/10/2016 , 07:30:00,117,117
1811,26/10/2016 , 07:45:00,155,155
1812,26/10/2016 , 08:00:00,210,210
1813,26/10/2016 , 08:15:00,501,501
1814,26/10/2016 , 08:30:00,238,238
1815,26/10/2016 , 08:45:00,260,260
1816,26/10/2016 , 09:00:00,414,414
1817,26/10/2016 , 09:15:00,535,535
1818,26/10/2016 , 09:30:00,433,433
1819,26/10/2016 , 09:45:00,444,444
1820,26/10/2016 , 10:00:00,394,394
1821,26/10/2016 , 10:15:00,733,733
1822,26/10/2016 , 10:30:00,765,765
1823,26/10/2016 , 10:45:00,822,822
1824,26/10/2016 , 11:00:00,685,685
1825,26/10/2016 , 11:15:00,658,658
1826,26/10/2016 , 11:30:00,658,658
1827,26/10/2016 , 11:45:00,762,762
1828,26/10/2016 , 12:00:00,1187,1187
1829,26/10/2016 , 12:15:00,1190,1190
1830,26/10/2016 , 12:30:00,1219,1219
1831,26/10/2016 , 12:45:00,623,623
1832,26/10/2016 , 13:00:00,273,273
1833,26/10/2016 , 13:15:00,334,334
1834,26/10/2016 , 13:30:00,379,379
1835,26/10/2016 , 13:45:00,584,584
1836,26/10/2016 , 14:00:00,504,504
1837,26/10/2016 , 14:15:00,625,625
1838,26/10/2016 , 14:30:00,619,619
1839,26/10/2016 , 14:45:00,541,541
1840,26/10/2016 , 15:00:00,358,358
1841,26/10/2016 , 15:15:00,925,925
1842,26/10/2016 , 15:30:00,849,849
1843,26/10/2016 , 15:45:00,451,451
1844,26/10/2016 , 16:00:00,174,174
1845,26/10/2016 , 16:15:00,212,212
1846,26/10/2016 , 16:30:00,125,125
1847,26/10/2016 , 16:45:00,106,106
1848,26/10/2016 , 17:00:00,97,97
1849,26/10/2016 , 17:15:00,42,42
1850,26/10/2016 , 17:30:00,19,19
1851,26/10/2016 , 17:45:00,8,8
1852,26/10/2016 , 18:00:00,0,0
1853,26/10/2016 , 18:15:00,0,0
1854,26/10/2016 , 18:30:00,0,0
1855,26/10/2016 , 18:45:00,0,0
1856,26/10/2016 , 19:00:00,0,0
1857,26/10/2016 , 19:15:00,0,0
1858,26/10/2016 , 19:30:00,0,0
1859,26/10/2016 , 19:45:00,0,0
1860,26/10/2016 , 20:00:00,0,0
1861,26/10/2016 , 20:15:00,0,0
1862,26/10/2016 , 20:30:00,0,0
1863,26/10/2016 , 20:45:00,0,0
1864,26/10/2016 , 21:00:00,0,0
1865,26/10/2016 , 21:15:00,0,0
1866,26/10/2016 , 21:30:00,0,0
1867,26/10/2016 , 21:45:00,0,0
1868,26/10/2016 , 22:00:00,0,0
1869,26/10/2016 , 22:15:00,0,0
1870,26/10/2016 , 22:30:00,0,0
1871,26/10/2016 , 22:45:00,0,0
1872,26/10/2016 , 23:00:00,0,0
1873,26/10/2016 , 23:15:00,0,0
1874,26/10/2016 , 23:30:00,0,0
1875,26/10/2016 , 23:45:00,0,0
1876,26/10/2016 , 24:00:00,0,0
1877,27/10/2016 , 00:15:00,0,0
1878,27/10/2016 , 00:30:00,0,0
1879,27/10/2016 , 00:45:00,0,0
1880,27/10/2016 , 01:00:00,0,0
1881,27/10/2016 , 01:15:00,0,0
1882,27/10/2016 , 01:30:00,0,0
1883,27/10/2016 , 01:45:00,0,0
1884,27/10/2016 , 02:00:00,0,0
1885,27/10/2016 , 02:15:00,0,0
1886,27/10/2016 , 02:30:00,0,0
1887,27/10/2016 , 02:45:00,0,0
1888,27/10/2016 , 03:00:00,0,0
1889,27/10/2016 , 03:15:00,0,0
1890,27/10/2016 , 03:30:00,0,0
1891,27/10/2016 , 03:45:00,0,0
1892,27/10/2016 , 04:00:00,0,0
1893,27/10/2016 , 04:15:00,0,0
1894,27/10/2016 , 04:30:00,0,0
1895,27/10/2016 , 04:45:00,0,0
1896,27/10/2016 , 05:00:00,0,0
1897,27/10/2016 , 05:15:00,0,0
1898,27/10/2016 , 05:30:00,0,0
1899,27/10/2016 , 05:45:00,0,0
1900,27/10/2016 , 06:00:00,0,0
1901,27/10/2016 , 06:15:00,0,0
1902,27/10/2016 , 06:30:00,0,0
1903,27/10/2016 , 06:45:00,0,0
1904,27/10/2016 , 07:00:00,4,4
1905,27/10/2016 , 07:15:00,29,29
1906,27/10/2016 , 07:30:00,46,46
1907,27/10/2016 , 07:45:00,72,72
1908,27/10/2016 , 08:00:00,147,147
1909,27/10/2016 , 08:15:00,217,217
1910,27/10/2016 , 08:30:00,251,251
1911,27/10/2016 , 08:45:00,335,335
1912,27/10/2016 , 09:00:00,245,245
1913,27/10/2016 , 09:15:00,479,479
1914,27/10/2016 , 09:30:00,582,582
1915,27/10/2016 , 09:45:00,359,359
1916,27/10/2016 , 10:00:00,477,477
1917,27/10/2016 , 10:15:00,481,481
1918,27/10/2016 , 10:30:00,440,440
1919,27/10/2016 , 10:45:00,358,358
1920,27/10/2016 , 11:00:00,342,342
1921,27/10/2016 , 11:15:00,239,239
1922,27/10/2016 , 11:30:00,377,377
1923,27/10/2016 , 11:45:00,554,554
1924,27/10/2016 , 12:00:00,452,452
1925,27/10/2016 , 12:15:00,630,630
1926,27/10/2016 , 12:30:00,683,683
1927,27/10/2016 , 12:45:00,736,736
1928,27/10/2016 , 13:00:00,441,441
1929,27/10/2016 , 13:15:00,518,518
1930,27/10/2016 , 13:30:00,362,362
1931,27/10/2016 , 13:45:00,358,358
1932,27/10/2016 , 14:00:00,416,416
1933,27/10/2016 , 14:15:00,359,359
1934,27/10/2016 , 14:30:00,363,363
1935,27/10/2016 , 14:45:00,300,300
1936,27/10/2016 , 15:00:00,166,166
1937,27/10/2016 , 15:15:00,212,212
1938,27/10/2016 , 15:30:00,195,195
1939,27/10/2016 , 15:45:00,233,233
1940,27/10/2016 , 16:00:00,186,186
1941,27/10/2016 , 16:15:00,119,119
1942,27/10/2016 , 16:30:00,127,127
1943,27/10/2016 , 16:45:00,126,126
1944,27/10/2016 , 17:00:00,97,97
1945,27/10/2016 , 17:15:00,52,52
1946,27/10/2016 , 17:30:00,35,35
1947,27/10/2016 , 17:45:00,7,7
1948,27/10/2016 , 18:00:00,0,0
1949,27/10/2016 , 18:15:00,0,0
1950,27/10/2016 , 18:30:00,0,0
1951,27/10/2016 , 18:45:00,0,0
1952,27/10/2016 , 19:00:00,0,0
1953,27/10/2016 , 19:15:00,0,0
1954,27/10/2016 , 19:30:00,0,0
1955,27/10/2016 , 19:45:00,0,0
1956,27/10/2016 , 20:00:00,0,0
1957,27/10/2016 , 20:15:00,0,0
1958,27/10/2016 , 20:30:00,0,0
1959,27/10/2016 , 20:45:00,0,0
1960,27/10/2016 , 21:00:00,0,0
1961,27/10/2016 , 21:15:00,0,0
1962,27/10/2016 , 21:30:00,0,0
1963,27/10/2016 , 21:45:00,0,0
1964,27/10/2016 , 22:00:00,0,0
1965,27/10/2016 , 22:15:00,0,0
1966,27/10/2016 , 22:30:00,0,0
1967,27/10/2016 , 22:45:00,0,0
1968,27/10/2016 , 23:00:00,0,0
1969,27/10/2016 , 23:15:00,0,0
1970,27/10/2016 , 23:30:00,0,0
1971,27/10/2016 , 23:45:00,0,0
1972,27/10/2016 , 24:00:00,0,0
1973,28/10/2016 , 00:15:00,0,0
1974,28/10/2016 , 00:30:00,0,0
1975,28/10/2016 , 00:45:00,0,0
1976,28/10/2016 , 01:00:00,0,0
1977,28/10/2016 , 01:15:00,0,0
1978,28/10/2016 , 01:30:00,0,0
1979,28/10/2016 , 01:45:00,0,0
1980,28/10/2016 , 02:00:00,0,0
1981,28/10/2016 , 02:15:00,0,0
1982,28/10/2016 , 02:30:00,0,0
1983,28/10/2016 , 02:45:00,0,0
1984,28/10/2016 , 03:00:00,0,0
1985,28/10/2016 , 03:15:00,0,0
1986,28/10/2016 , 03:30:00,0,0
1987,28/10/2016 , 03:45:00,0,0
1988,28/10/2016 , 04:00:00,0,0
1989,28/10/2016 , 04:15:00,0,0
1990,28/10/2016 , 04:30:00,0,0
1991,28/10/2016 , 04:45:00,0,0
1992,28/10/2016 , 05:00:00,0,0
1993,28/10/2016 , 05:15:00,0,0
1994,28/10/2016 , 05:30:00,0,0
1995,28/10/2016 , 05:45:00,0,0
1996,28/10/2016 , 06:00:00,0,0
1997,28/10/2016 , 06:15:00,0,0
1998,28/10/2016 , 06:30:00,0,0
1999,28/10/2016 , 06:45:00,0,0
2000,28/10/2016 , 07:00:00,0,0
2001,28/10/2016 , 07:15:00,15,15
2002,28/10/2016 , 07:30:00,44,44
2003,28/10/2016 , 07:45:00,53,53
2004,28/10/2016 , 08:00:00,54,54
2005,28/10/2016 , 08:15:00,80,80
2006,28/10/2016 , 08:30:00,74,74
2007,28/10/2016 , 08:45:00,166,166
2008,28/10/2016 , 09:00:00,173,173
2009,28/10/2016 , 09:15:00,200,200
2010,28/10/2016 , 09:30:00,257,257
2011,28/10/2016 , 09:45:00,239,239
2012,28/10/2016 , 10:00:00,227,227
2013,28/10/2016 , 10:15:00,292,292
2014,28/10/2016 , 10:30:00,343,343
2015,28/10/2016 , 10:45:00,375,375
2016,28/10/2016 , 11:00:00,434,434
2017,28/10/2016 , 11:15:00,452,452
2018,28/10/2016 , 11:30:00,491,491
2019,28/10/2016 , 11:45:00,517,517
2020,28/10/2016 , 12:00:00,535,535
2021,28/10/2016 , 12:15:00,367,367
2022,28/10/2016 , 12:30:00,524,524
2023,28/10/2016 , 12:45:00,423,423
2024,28/10/2016 , 13:00:00,285,285
2025,28/10/2016 , 13:15:00,303,303
2026,28/10/2016 , 13:30:00,259,259
2027,28/10/2016 , 13:45:00,200,200
2028,28/10/2016 , 14:00:00,361,361
2029,28/10/2016 , 14:15:00,144,144
2030,28/10/2016 , 14:30:00,292,292
2031,28/10/2016 , 14:45:00,173,173
2032,28/10/2016 , 15:00:00,176,176
2033,28/10/2016 , 15:15:00,141,141
2034,28/10/2016 , 15:30:00,88,88
2035,28/10/2016 , 15:45:00,69,69
2036,28/10/2016 , 16:00:00,51,51
2037,28/10/2016 , 16:15:00,61,61
2038,28/10/2016 , 16:30:00,44,44
2039,28/10/2016 , 16:45:00,33,33
2040,28/10/2016 , 17:00:00,28,28
2041,28/10/2016 , 17:15:00,22,22
2042,28/10/2016 , 17:30:00,11,11
2043,28/10/2016 , 17:45:00,0,0
2044,28/10/2016 , 18:00:00,0,0
2045,28/10/2016 , 18:15:00,0,0
2046,28/10/2016 , 18:30:00,0,0
2047,28/10/2016 , 18:45:00,0,0
2048,28/10/2016 , 19:00:00,0,0
2049,28/10/2016 , 19:15:00,0,0
2050,28/10/2016 , 19:30:00,0,0
2051,28/10/2016 , 19:45:00,0,0
2052,28/10/2016 , 20:00:00,0,0
2053,28/10/2016 , 20:15:00,0,0
2054,28/10/2016 , 20:30:00,0,0
2055,28/10/2016 , 20:45:00,0,0
2056,28/10/2016 , 21:00:00,0,0
2057,28/10/2016 , 21:15:00,0,0
2058,28/10/2016 , 21:30:00,0,0
2059,28/10/2016 , 21:45:00,0,0
2060,28/10/2016 , 22:00:00,0,0
2061,28/10/2016 , 22:15:00,0,0
2062,28/10/2016 , 22:30:00,0,0
2063,28/10/2016 , 22:45:00,0,0
2064,28/10/2016 , 23:00:00,0,0
2065,28/10/2016 , 23:15:00,0,0
2066,28/10/2016 , 23:30:00,0,0
2067,28/10/2016 , 23:45:00,0,0
2068,28/10/2016 , 24:00:00,0,0
2069,29/10/2016 , 00:15:00,0,0
2070,29/10/2016 , 00:30:00,0,0
2071,29/10/2016 , 00:45:00,0,0
2072,29/10/2016 , 01:00:00,0,0
2073,29/10/2016 , 01:15:00,0,0
2074,29/10/2016 , 01:30:00,0,0
2075,29/10/2016 , 01:45:00,0,0
2076,29/10/2016 , 02:00:00,0,0
2077,29/10/2016 , 02:15:00,0,0
2078,29/10/2016 , 02:30:00,0,0
2079,29/10/2016 , 02:45:00,0,0
2080,29/10/2016 , 03:00:00,0,0
2081,29/10/2016 , 03:15:00,0,0
2082,29/10/2016 , 03:30:00,0,0
2083,29/10/2016 , 03:45:00,0,0
2084,29/10/2016 , 04:00:00,0,0
2085,29/10/2016 , 04:15:00,0,0
2086,29/10/2016 , 04:30:00,0,0
2087,29/10/2016 , 04:45:00,0,0
2088,29/10/2016 , 05:00:00,0,0
2089,29/10/2016 , 05:15:00,0,0
2090,29/10/2016 , 05:30:00,0,0
2091,29/10/2016 , 05:45:00,0,0
2092,29/10/2016 , 06:00:00,0,0
2093,29/10/2016 , 06:15:00,0,0
2094,29/10/2016 , 06:30:00,0,0
2095,29/10/2016 , 06:45:00,0,0
2096,29/10/2016 , 07:00:00,0,0
2097,29/10/2016 , 07:15:00,0,0
2098,29/10/2016 , 07:30:00,6,6
2099,29/10/2016 , 07:45:00,33,33
2100,29/10/2016 , 08:00:00,40,40
2101,29/10/2016 , 08:15:00,48,48
2102,29/10/2016 , 08:30:00,45,45
2103,29/10/2016 , 08:45:00,51,51
2104,29/10/2016 , 09:00:00,64,64
2105,29/10/2016 , 09:15:00,78,78
2106,29/10/2016 , 09:30:00,67,67
2107,29/10/2016 , 09:45:00,85,85
2108,29/10/2016 , 10:00:00,82,82
2109,29/10/2016 , 10:15:00,113,113
2110,29/10/2016 , 10:30:00,81,81
2111,29/10/2016 , 10:45:00,104,104
2112,29/10/2016 , 11:00:00,74,74
2113,29/10/2016 , 11:15:00,65,65
2114,29/10/2016 , 11:30:00,67,67
2115,29/10/2016 , 11:45:00,95,95
2116,29/10/2016 , 12:00:00,129,129
2117,29/10/2016 , 12:15:00,187,187
2118,29/10/2016 , 12:30:00,152,152
2119,29/10/2016 , 12:45:00,75,75
2120,29/10/2016 , 13:00:00,194,194
2121,29/10/2016 , 13:15:00,197,197
2122,29/10/2016 , 13:30:00,193,193
2123,29/10/2016 , 13:45:00,81,81
2124,29/10/2016 , 14:00:00,154,154
2125,29/10/2016 , 14:15:00,84,84
2126,29/10/2016 , 14:30:00,104,104
2127,29/10/2016 , 14:45:00,58,58
2128,29/10/2016 , 15:00:00,101,101
2129,29/10/2016 , 15:15:00,83,83
2130,29/10/2016 , 15:30:00,48,48
2131,29/10/2016 , 15:45:00,35,35
2132,29/10/2016 , 16:00:00,31,31
2133,29/10/2016 , 16:15:00,20,20
2134,29/10/2016 , 16:30:00,8,8
2135,29/10/2016 , 16:45:00,23,23
2136,29/10/2016 , 17:00:00,18,18
2137,29/10/2016 , 17:15:00,0,0
2138,29/10/2016 , 17:30:00,0,0
2139,29/10/2016 , 17:45:00,0,0
2140,29/10/2016 , 18:00:00,0,0
2141,29/10/2016 , 18:15:00,0,0
2142,29/10/2016 , 18:30:00,0,0
2143,29/10/2016 , 18:45:00,0,0
2144,29/10/2016 , 19:00:00,0,0
2145,29/10/2016 , 19:15:00,0,0
2146,29/10/2016 , 19:30:00,0,0
2147,29/10/2016 , 19:45:00,0,0
2148,29/10/2016 , 20:00:00,0,0
2149,29/10/2016 , 20:15:00,0,0
2150,29/10/2016 , 20:30:00,0,0
2151,29/10/2016 , 20:45:00,0,0
2152,29/10/2016 , 21:00:00,0,0
2153,29/10/2016 , 21:15:00,0,0
2154,29/10/2016 , 21:30:00,0,0
2155,29/10/2016 , 21:45:00,0,0
2156,29/10/2016 , 22:00:00,0,0
2157,29/10/2016 , 22:15:00,0,0
2158,29/10/2016 , 22:30:00,0,0
2159,29/10/2016 , 22:45:00,0,0
2160,29/10/2016 , 23:00:00,0,0
2161,29/10/2016 , 23:15:00,0,0
2162,29/10/2016 , 23:30:00,0,0
2163,29/10/2016 , 23:45:00,0,0
2164,29/10/2016 , 24:00:00,0,0
2165,30/10/2016 , 00:15:00,0,0
2166,30/10/2016 , 00:30:00,0,0
2167,30/10/2016 , 00:45:00,0,0
2168,30/10/2016 , 01:00:00,0,0
2169,30/10/2016 , 01:15:00,0,0
2170,30/10/2016 , 01:30:00,0,0
2171,30/10/2016 , 01:45:00,0,0
2172,30/10/2016 , 02:00:00,0,0
2173,30/10/2016 , 02:15:00,0,0
2174,30/10/2016 , 02:30:00,0,0
2175,30/10/2016 , 02:45:00,0,0
2176,30/10/2016 , 03:00:00,0,0
2177,30/10/2016 , 03:15:00,0,0
2178,30/10/2016 , 03:30:00,0,0
2179,30/10/2016 , 03:45:00,0,0
2180,30/10/2016 , 04:00:00,0,0
2181,30/10/2016 , 04:15:00,0,0
2182,30/10/2016 , 04:30:00,0,0
2183,30/10/2016 , 04:45:00,0,0
2184,30/10/2016 , 05:00:00,0,0
2185,30/10/2016 , 05:15:00,0,0
2186,30/10/2016 , 05:30:00,0,0
2187,30/10/2016 , 05:45:00,0,0
2188,30/10/2016 , 06:00:00,0,0
2189,30/10/2016 , 06:15:00,0,0
2190,30/10/2016 , 06:30:00,0,0
2191,30/10/2016 , 06:45:00,0,0
2192,30/10/2016 , 07:00:00,0,0
2193,30/10/2016 , 07:15:00,0,0
2194,30/10/2016 , 07:30:00,0,0
2195,30/10/2016 , 07:45:00,6,6
2196,30/10/2016 , 08:00:00,11,11
2197,30/10/2016 , 08:15:00,39,39
2198,30/10/2016 , 08:30:00,42,42
2199,30/10/2016 , 08:45:00,53,53
2200,30/10/2016 , 09:00:00,51,51
2201,30/10/2016 , 09:15:00,59,59
2202,30/10/2016 , 09:30:00,85,85
2203,30/10/2016 , 09:45:00,110,110
2204,30/10/2016 , 10:00:00,108,108
2205,30/10/2016 , 10:15:00,123,123
2206,30/10/2016 , 10:30:00,177,177
2207,30/10/2016 , 10:45:00,149,149
2208,30/10/2016 , 11:00:00,72,72
2209,30/10/2016 , 11:15:00,126,126
2210,30/10/2016 , 11:30:00,346,346
2211,30/10/2016 , 11:45:00,365,365
2212,30/10/2016 , 12:00:00,309,309
2213,30/10/2016 , 12:15:00,416,416
2214,30/10/2016 , 12:30:00,485,485
2215,30/10/2016 , 12:45:00,539,539
2216,30/10/2016 , 13:00:00,553,553
2217,30/10/2016 , 13:15:00,455,455
2218,30/10/2016 , 13:30:00,575,575
2219,30/10/2016 , 13:45:00,476,476
2220,30/10/2016 , 14:00:00,670,670
2221,30/10/2016 , 14:15:00,646,646
2222,30/10/2016 , 14:30:00,474,474
2223,30/10/2016 , 14:45:00,381,381
2224,30/10/2016 , 15:00:00,213,213
2225,30/10/2016 , 15:15:00,241,241
2226,30/10/2016 , 15:30:00,161,161
2227,30/10/2016 , 15:45:00,160,160
2228,30/10/2016 , 16:00:00,229,229
2229,30/10/2016 , 16:15:00,282,282
2230,30/10/2016 , 16:30:00,213,213
2231,30/10/2016 , 16:45:00,81,81
2232,30/10/2016 , 17:00:00,62,62
2233,30/10/2016 , 17:15:00,35,35
2234,30/10/2016 , 17:30:00,25,25
2235,30/10/2016 , 17:45:00,5,5
2236,30/10/2016 , 18:00:00,0,0
2237,30/10/2016 , 18:15:00,0,0
2238,30/10/2016 , 18:30:00,0,0
2239,30/10/2016 , 18:45:00,0,0
2240,30/10/2016 , 19:00:00,0,0
2241,30/10/2016 , 19:15:00,0,0
2242,30/10/2016 , 19:30:00,0,0
2243,30/10/2016 , 19:45:00,0,0
2244,30/10/2016 , 20:00:00,0,0
2245,30/10/2016 , 20:15:00,0,0
2246,30/10/2016 , 20:30:00,0,0
2247,30/10/2016 , 20:45:00,0,0
2248,30/10/2016 , 21:00:00,0,0
2249,30/10/2016 , 21:15:00,0,0
2250,30/10/2016 , 21:30:00,0,0
2251,30/10/2016 , 21:45:00,0,0
2252,30/10/2016 , 22:00:00,0,0
2253,30/10/2016 , 22:15:00,0,0
2254,30/10/2016 , 22:30:00,0,0
2255,30/10/2016 , 22:45:00,0,0
2256,30/10/2016 , 23:00:00,0,0
2257,30/10/2016 , 23:15:00,0,0
2258,30/10/2016 , 23:30:00,0,0
2259,30/10/2016 , 23:45:00,0,0
2260,30/10/2016 , 24:00:00,0,0
2261,31/10/2016 , 00:15:00,0,0
2262,31/10/2016 , 00:30:00,0,0
2263,31/10/2016 , 00:45:00,0,0
2264,31/10/2016 , 01:00:00,0,0
2265,31/10/2016 , 01:15:00,0,0
2266,31/10/2016 , 01:30:00,0,0
2267,31/10/2016 , 01:45:00,0,0
2268,31/10/2016 , 02:00:00,0,0
2269,31/10/2016 , 02:15:00,0,0
2270,31/10/2016 , 02:30:00,0,0
2271,31/10/2016 , 02:45:00,0,0
2272,31/10/2016 , 03:00:00,0,0
2273,31/10/2016 , 03:15:00,0,0
2274,31/10/2016 , 03:30:00,0,0
2275,31/10/2016 , 03:45:00,0,0
2276,31/10/2016 , 04:00:00,0,0
2277,31/10/2016 , 04:15:00,0,0
2278,31/10/2016 , 04:30:00,0,0
2279,31/10/2016 , 04:45:00,0,0
2280,31/10/2016 , 05:00:00,0,0
2281,31/10/2016 , 05:15:00,0,0
2282,31/10/2016 , 05:30:00,0,0
2283,31/10/2016 , 05:45:00,0,0
2284,31/10/2016 , 06:00:00,0,0
2285,31/10/2016 , 06:15:00,0,0
2286,31/10/2016 , 06:30:00,0,0
2287,31/10/2016 , 06:45:00,0,0
2288,31/10/2016 , 07:00:00,0,0
2289,31/10/2016 , 07:15:00,1,1
2290,31/10/2016 , 07:30:00,32,32
2291,31/10/2016 , 07:45:00,70,70
2292,31/10/2016 , 08:00:00,76,76
2293,31/10/2016 , 08:15:00,129,129
2294,31/10/2016 , 08:30:00,112,112
2295,31/10/2016 , 08:45:00,252,252
2296,31/10/2016 , 09:00:00,247,247
2297,31/10/2016 , 09:15:00,400,400
2298,31/10/2016 , 09:30:00,374,374
2299,31/10/2016 , 09:45:00,536,536
2300,31/10/2016 , 10:00:00,551,551
2301,31/10/2016 , 10:15:00,393,393
2302,31/10/2016 , 10:30:00,723,723
2303,31/10/2016 , 10:45:00,357,357
2304,31/10/2016 , 11:00:00,806,806
2305,31/10/2016 , 11:15:00,776,776
2306,31/10/2016 , 11:30:00,745,745
2307,31/10/2016 , 11:45:00,826,826
2308,31/10/2016 , 12:00:00,587,587
2309,31/10/2016 , 12:15:00,665,665
2310,31/10/2016 , 12:30:00,586,586
2311,31/10/2016 , 12:45:00,246,246
2312,31/10/2016 , 13:00:00,348,348
2313,31/10/2016 , 13:15:00,433,433
2314,31/10/2016 , 13:30:00,352,352
2315,31/10/2016 , 13:45:00,246,246
2316,31/10/2016 , 14:00:00,198,198
2317,31/10/2016 , 14:15:00,329,329
2318,31/10/2016 , 14:30:00,421,421
2319,31/10/2016 , 14:45:00,315,315
2320,31/10/2016 , 15:00:00,250,250
2321,31/10/2016 , 15:15:00,212,212
2322,31/10/2016 , 15:30:00,183,183
2323,31/10/2016 , 15:45:00,149,149
2324,31/10/2016 , 16:00:00,145,145
2325,31/10/2016 , 16:15:00,103,103
2326,31/10/2016 , 16:30:00,82,82
2327,31/10/2016 , 16:45:00,60,60
2328,31/10/2016 , 17:00:00,55,55
2329,31/10/2016 , 17:15:00,33,33
2330,31/10/2016 , 17:30:00,23,23
2331,31/10/2016 , 17:45:00,3,3
2332,31/10/2016 , 18:00:00,0,0
2333,31/10/2016 , 18:15:00,0,0
2334,31/10/2016 , 18:30:00,0,0
2335,31/10/2016 , 18:45:00,0,0
2336,31/10/2016 , 19:00:00,0,0
2337,31/10/2016 , 19:15:00,0,0
2338,31/10/2016 , 19:30:00,0,0
2339,31/10/2016 , 19:45:00,0,0
2340,31/10/2016 , 20:00:00,0,0
2341,31/10/2016 , 20:15:00,0,0
2342,31/10/2016 , 20:30:00,0,0
2343,31/10/2016 , 20:45:00,0,0
2344,31/10/2016 , 21:00:00,0,0
2345,31/10/2016 , 21:15:00,0,0
2346,31/10/2016 , 21:30:00,0,0
2347,31/10/2016 , 21:45:00,0,0
2348,31/10/2016 , 22:00:00,0,0
2349,31/10/2016 , 22:15:00,0,0
2350,31/10/2016 , 22:30:00,0,0
2351,31/10/2016 , 22:45:00,0,0
2352,31/10/2016 , 23:00:00,0,0
2353,31/10/2016 , 23:15:00,0,0
2354,31/10/2016 , 23:30:00,0,0
2355,31/10/2016 , 23:45:00,0,0
2356,31/10/2016 , 24:00:00,0,0
2357,01/11/2016 , 00:15:00,0,0
2358,01/11/2016 , 00:30:00,0,0
2359,01/11/2016 , 00:45:00,0,0
2360,01/11/2016 , 01:00:00,0,0
2361,01/11/2016 , 01:15:00,0,0
2362,01/11/2016 , 01:30:00,0,0
2363,01/11/2016 , 01:45:00,0,0
2364,01/11/2016 , 02:00:00,0,0
2365,01/11/2016 , 02:15:00,0,0
2366,01/11/2016 , 02:30:00,0,0
2367,01/11/2016 , 02:45:00,0,0
2368,01/11/2016 , 03:00:00,0,0
2369,01/11/2016 , 03:15:00,0,0
2370,01/11/2016 , 03:30:00,0,0
2371,01/11/2016 , 03:45:00,0,0
2372,01/11/2016 , 04:00:00,0,0
2373,01/11/2016 , 04:15:00,0,0
2374,01/11/2016 , 04:30:00,0,0
2375,01/11/2016 , 04:45:00,0,0
2376,01/11/2016 , 05:00:00,0,0
2377,01/11/2016 , 05:15:00,0,0
2378,01/11/2016 , 05:30:00,0,0
2379,01/11/2016 , 05:45:00,0,0
2380,01/11/2016 , 06:00:00,0,0
2381,01/11/2016 , 06:15:00,0,0
2382,01/11/2016 , 06:30:00,0,0
2383,01/11/2016 , 06:45:00,0,0
2384,01/11/2016 , 07:00:00,4,4
2385,01/11/2016 , 07:15:00,34,34
2386,01/11/2016 , 07:30:00,84,84
2387,01/11/2016 , 07:45:00,81,81
2388,01/11/2016 , 08:00:00,99,99
2389,01/11/2016 , 08:15:00,118,118
2390,01/11/2016 , 08:30:00,233,233
2391,01/11/2016 , 08:45:00,308,308
2392,01/11/2016 , 09:00:00,205,205
2393,01/11/2016 , 09:15:00,215,215
2394,01/11/2016 , 09:30:00,300,300
2395,01/11/2016 , 09:45:00,369,369
2396,01/11/2016 , 10:00:00,546,546
2397,01/11/2016 , 10:15:00,749,749
2398,01/11/2016 , 10:30:00,631,631
2399,01/11/2016 , 10:45:00,549,549
2400,01/11/2016 , 11:00:00,558,558
2401,01/11/2016 , 11:15:00,587,587
2402,01/11/2016 , 11:30:00,558,558
2403,01/11/2016 , 11:45:00,499,499
2404,01/11/2016 , 12:00:00,485,485
2405,01/11/2016 , 12:15:00,534,534
2406,01/11/2016 , 12:30:00,528,528
2407,01/11/2016 , 12:45:00,687,687
2408,01/11/2016 , 13:00:00,479,479
2409,01/11/2016 , 13:15:00,444,444
2410,01/11/2016 , 13:30:00,512,512
2411,01/11/2016 , 13:45:00,483,483
2412,01/11/2016 , 14:00:00,797,797
2413,01/11/2016 , 14:15:00,673,673
2414,01/11/2016 , 14:30:00,640,640
2415,01/11/2016 , 14:45:00,405,405
2416,01/11/2016 , 15:00:00,641,641
2417,01/11/2016 , 15:15:00,558,558
2418,01/11/2016 , 15:30:00,395,395
2419,01/11/2016 , 15:45:00,414,414
2420,01/11/2016 , 16:00:00,284,284
2421,01/11/2016 , 16:15:00,100,100
2422,01/11/2016 , 16:30:00,97,97
2423,01/11/2016 , 16:45:00,77,77
2424,01/11/2016 , 17:00:00,51,51
2425,01/11/2016 , 17:15:00,40,40
2426,01/11/2016 , 17:30:00,24,24
2427,01/11/2016 , 17:45:00,6,6
2428,01/11/2016 , 18:00:00,0,0
2429,01/11/2016 , 18:15:00,0,0
2430,01/11/2016 , 18:30:00,0,0
2431,01/11/2016 , 18:45:00,0,0
2432,01/11/2016 , 19:00:00,0,0
2433,01/11/2016 , 19:15:00,0,0
2434,01/11/2016 , 19:30:00,0,0
2435,01/11/2016 , 19:45:00,0,0
2436,01/11/2016 , 20:00:00,0,0
2437,01/11/2016 , 20:15:00,0,0
2438,01/11/2016 , 20:30:00,0,0
2439,01/11/2016 , 20:45:00,0,0
2440,01/11/2016 , 21:00:00,0,0
2441,01/11/2016 , 21:15:00,0,0
2442,01/11/2016 , 21:30:00,0,0
2443,01/11/2016 , 21:45:00,0,0
2444,01/11/2016 , 22:00:00,0,0
2445,01/11/2016 , 22:15:00,0,0
2446,01/11/2016 , 22:30:00,0,0
2447,01/11/2016 , 22:45:00,0,0
2448,01/11/2016 , 23:00:00,0,0
2449,01/11/2016 , 23:15:00,0,0
2450,01/11/2016 , 23:30:00,0,0
2451,01/11/2016 , 23:45:00,0,0
2452,01/11/2016 , 24:00:00,0,0
2453,02/11/2016 , 00:15:00,0,0
2454,02/11/2016 , 00:30:00,0,0
2455,02/11/2016 , 00:45:00,0,0
2456,02/11/2016 , 01:00:00,0,0
2457,02/11/2016 , 01:15:00,0,0
2458,02/11/2016 , 01:30:00,0,0
2459,02/11/2016 , 01:45:00,0,0
2460,02/11/2016 , 02:00:00,0,0
2461,02/11/2016 , 02:15:00,0,0
2462,02/11/2016 , 02:30:00,0,0
2463,02/11/2016 , 02:45:00,0,0
2464,02/11/2016 , 03:00:00,0,0
2465,02/11/2016 , 03:15:00,0,0
2466,02/11/2016 , 03:30:00,0,0
2467,02/11/2016 , 03:45:00,0,0
2468,02/11/2016 , 04:00:00,0,0
2469,02/11/2016 , 04:15:00,0,0
2470,02/11/2016 , 04:30:00,0,0
2471,02/11/2016 , 04:45:00,0,0
2472,02/11/2016 , 05:00:00,0,0
2473,02/11/2016 , 05:15:00,0,0
2474,02/11/2016 , 05:30:00,0,0
2475,02/11/2016 , 05:45:00,0,0
2476,02/11/2016 , 06:00:00,0,0
2477,02/11/2016 , 06:15:00,0,0
2478,02/11/2016 , 06:30:00,0,0
2479,02/11/2016 , 06:45:00,0,0
2480,02/11/2016 , 07:00:00,0,0
2481,02/11/2016 , 07:15:00,0,0
2482,02/11/2016 , 07:30:00,7,7
2483,02/11/2016 , 07:45:00,64,64
2484,02/11/2016 , 08:00:00,131,131
2485,02/11/2016 , 08:15:00,152,152
2486,02/11/2016 , 08:30:00,158,158
2487,02/11/2016 , 08:45:00,235,235
2488,02/11/2016 , 09:00:00,394,394
2489,02/11/2016 , 09:15:00,426,426
2490,02/11/2016 , 09:30:00,452,452
2491,02/11/2016 , 09:45:00,546,546
2492,02/11/2016 , 10:00:00,601,601
2493,02/11/2016 , 10:15:00,561,561
2494,02/11/2016 , 10:30:00,357,357
2495,02/11/2016 , 10:45:00,438,438
2496,02/11/2016 , 11:00:00,498,498
2497,02/11/2016 , 11:15:00,425,425
2498,02/11/2016 , 11:30:00,566,566
2499,02/11/2016 , 11:45:00,493,493
2500,02/11/2016 , 12:00:00,557,557
2501,02/11/2016 , 12:15:00,396,396
2502,02/11/2016 , 12:30:00,710,710
2503,02/11/2016 , 12:45:00,750,750
2504,02/11/2016 , 13:00:00,820,820
2505,02/11/2016 , 13:15:00,744,744
2506,02/11/2016 , 13:30:00,598,598
2507,02/11/2016 , 13:45:00,761,761
2508,02/11/2016 , 14:00:00,686,686
2509,02/11/2016 , 14:15:00,626,626
2510,02/11/2016 , 14:30:00,541,541
2511,02/11/2016 , 14:45:00,535,535
2512,02/11/2016 , 15:00:00,470,470
2513,02/11/2016 , 15:15:00,385,385
2514,02/11/2016 , 15:30:00,274,274
2515,02/11/2016 , 15:45:00,313,313
2516,02/11/2016 , 16:00:00,263,263
2517,02/11/2016 , 16:15:00,229,229
2518,02/11/2016 , 16:30:00,177,177
2519,02/11/2016 , 16:45:00,112,112
2520,02/11/2016 , 17:00:00,76,76
2521,02/11/2016 , 17:15:00,49,49
2522,02/11/2016 , 17:30:00,22,22
2523,02/11/2016 , 17:45:00,6,6
2524,02/11/2016 , 18:00:00,0,0
2525,02/11/2016 , 18:15:00,0,0
2526,02/11/2016 , 18:30:00,0,0
2527,02/11/2016 , 18:45:00,0,0
2528,02/11/2016 , 19:00:00,0,0
2529,02/11/2016 , 19:15:00,0,0
2530,02/11/2016 , 19:30:00,0,0
2531,02/11/2016 , 19:45:00,0,0
2532,02/11/2016 , 20:00:00,0,0
2533,02/11/2016 , 20:15:00,0,0
2534,02/11/2016 , 20:30:00,0,0
2535,02/11/2016 , 20:45:00,0,0
2536,02/11/2016 , 21:00:00,0,0
2537,02/11/2016 , 21:15:00,0,0
2538,02/11/2016 , 21:30:00,0,0
2539,02/11/2016 , 21:45:00,0,0
2540,02/11/2016 , 22:00:00,0,0
2541,02/11/2016 , 22:15:00,0,0
2542,02/11/2016 , 22:30:00,0,0
2543,02/11/2016 , 22:45:00,0,0
2544,02/11/2016 , 23:00:00,0,0
2545,02/11/2016 , 23:15:00,0,0
2546,02/11/2016 , 23:30:00,0,0
2547,02/11/2016 , 23:45:00,0,0
2548,02/11/2016 , 24:00:00,0,0
2549,03/11/2016 , 00:15:00,0,0
2550,03/11/2016 , 00:30:00,0,0
2551,03/11/2016 , 00:45:00,0,0
2552,03/11/2016 , 01:00:00,0,0
2553,03/11/2016 , 01:15:00,0,0
2554,03/11/2016 , 01:30:00,0,0
2555,03/11/2016 , 01:45:00,0,0
2556,03/11/2016 , 02:00:00,0,0
2557,03/11/2016 , 02:15:00,0,0
2558,03/11/2016 , 02:30:00,0,0
2559,03/11/2016 , 02:45:00,0,0
2560,03/11/2016 , 03:00:00,0,0
2561,03/11/2016 , 03:15:00,0,0
2562,03/11/2016 , 03:30:00,0,0
2563,03/11/2016 , 03:45:00,0,0
2564,03/11/2016 , 04:00:00,0,0
2565,03/11/2016 , 04:15:00,0,0
2566,03/11/2016 , 04:30:00,0,0
2567,03/11/2016 , 04:45:00,0,0
2568,03/11/2016 , 05:00:00,0,0
2569,03/11/2016 , 05:15:00,0,0
2570,03/11/2016 , 05:30:00,0,0
2571,03/11/2016 , 05:45:00,0,0
2572,03/11/2016 , 06:00:00,0,0
2573,03/11/2016 , 06:15:00,0,0
2574,03/11/2016 , 06:30:00,0,0
2575,03/11/2016 , 06:45:00,0,0
2576,03/11/2016 , 07:00:00,0,0
2577,03/11/2016 , 07:15:00,13,13
2578,03/11/2016 , 07:30:00,40,40
2579,03/11/2016 , 07:45:00,68,68
2580,03/11/2016 , 08:00:00,99,99
2581,03/11/2016 , 08:15:00,138,138
2582,03/11/2016 , 08:30:00,180,180
2583,03/11/2016 , 08:45:00,189,189
2584,03/11/2016 , 09:00:00,299,299
2585,03/11/2016 , 09:15:00,346,346
2586,03/11/2016 , 09:30:00,396,396
2587,03/11/2016 , 09:45:00,512,512
2588,03/11/2016 , 10:00:00,509,509
2589,03/11/2016 , 10:15:00,491,491
2590,03/11/2016 , 10:30:00,458,458
2591,03/11/2016 , 10:45:00,357,357
2592,03/11/2016 , 11:00:00,424,424
2593,03/11/2016 , 11:15:00,496,496
2594,03/11/2016 , 11:30:00,271,271
2595,03/11/2016 , 11:45:00,391,391
2596,03/11/2016 , 12:00:00,308,308
2597,03/11/2016 , 12:15:00,256,256
2598,03/11/2016 , 12:30:00,377,377
2599,03/11/2016 , 12:45:00,311,311
2600,03/11/2016 , 13:00:00,242,242
2601,03/11/2016 , 13:15:00,1060,1060
2602,03/11/2016 , 13:30:00,6372,6372
2603,03/11/2016 , 13:45:00,758,758
2604,03/11/2016 , 14:00:00,578,578
2605,03/11/2016 , 14:15:00,19,19
