Site Name ,TANKS
Site Number ,1
Logger ,Integrating Light Sensor
Logger Serial Number ,6378


Scan No ,Date and Time,       Integrating Light,        ,
        ,        ,RAW VALUE ,CALIBRATED VALUE,

1,07/10/2016 , 10:15:00,18,18
2,07/10/2016 , 10:30:00,659,659
3,07/10/2016 , 10:45:00,1239,1239
4,07/10/2016 , 11:00:00,2814,2814
5,07/10/2016 , 11:15:00,4336,4336
6,07/10/2016 , 11:30:00,10305,10305
7,07/10/2016 , 11:45:00,16784,16784
8,07/10/2016 , 12:00:00,17144,17144
9,07/10/2016 , 12:15:00,16992,16992
10,07/10/2016 , 12:30:00,3189,3189
11,07/10/2016 , 12:45:00,1095,1095
12,07/10/2016 , 13:00:00,1348,1348
13,07/10/2016 , 13:15:00,1171,1171
14,07/10/2016 , 13:30:00,810,810
15,07/10/2016 , 13:45:00,760,760
16,07/10/2016 , 14:00:00,498,498
17,07/10/2016 , 14:15:00,608,608
18,07/10/2016 , 14:30:00,563,563
19,07/10/2016 , 14:45:00,580,580
20,07/10/2016 , 15:00:00,653,653
21,07/10/2016 , 15:15:00,391,391
22,07/10/2016 , 15:30:00,337,337
23,07/10/2016 , 15:45:00,370,370
24,07/10/2016 , 16:00:00,325,325
25,07/10/2016 , 16:15:00,276,276
26,07/10/2016 , 16:30:00,211,211
27,07/10/2016 , 16:45:00,249,249
28,07/10/2016 , 17:00:00,165,165
29,07/10/2016 , 17:15:00,123,123
30,07/10/2016 , 17:30:00,79,79
31,07/10/2016 , 17:45:00,52,52
32,07/10/2016 , 18:00:00,27,27
33,07/10/2016 , 18:15:00,9,9
34,07/10/2016 , 18:30:00,1,1
35,07/10/2016 , 18:45:00,0,0
36,07/10/2016 , 19:00:00,0,0
37,07/10/2016 , 19:15:00,0,0
38,07/10/2016 , 19:30:00,0,0
39,07/10/2016 , 19:45:00,0,0
40,07/10/2016 , 20:00:00,0,0
41,07/10/2016 , 20:15:00,0,0
42,07/10/2016 , 20:30:00,0,0
43,07/10/2016 , 20:45:00,0,0
44,07/10/2016 , 21:00:00,0,0
45,07/10/2016 , 21:15:00,0,0
46,07/10/2016 , 21:30:00,0,0
47,07/10/2016 , 21:45:00,0,0
48,07/10/2016 , 22:00:00,0,0
49,07/10/2016 , 22:15:00,0,0
50,07/10/2016 , 22:30:00,0,0
51,07/10/2016 , 22:45:00,0,0
52,07/10/2016 , 23:00:00,0,0
53,07/10/2016 , 23:15:00,0,0
54,07/10/2016 , 23:30:00,0,0
55,07/10/2016 , 23:45:00,0,0
56,07/10/2016 , 24:00:00,0,0
57,08/10/2016 , 00:15:00,0,0
58,08/10/2016 , 00:30:00,0,0
59,08/10/2016 , 00:45:00,0,0
60,08/10/2016 , 01:00:00,0,0
61,08/10/2016 , 01:15:00,0,0
62,08/10/2016 , 01:30:00,0,0
63,08/10/2016 , 01:45:00,0,0
64,08/10/2016 , 02:00:00,0,0
65,08/10/2016 , 02:15:00,0,0
66,08/10/2016 , 02:30:00,0,0
67,08/10/2016 , 02:45:00,0,0
68,08/10/2016 , 03:00:00,0,0
69,08/10/2016 , 03:15:00,0,0
70,08/10/2016 , 03:30:00,0,0
71,08/10/2016 , 03:45:00,0,0
72,08/10/2016 , 04:00:00,0,0
73,08/10/2016 , 04:15:00,0,0
74,08/10/2016 , 04:30:00,0,0
75,08/10/2016 , 04:45:00,0,0
76,08/10/2016 , 05:00:00,0,0
77,08/10/2016 , 05:15:00,0,0
78,08/10/2016 , 05:30:00,0,0
79,08/10/2016 , 05:45:00,0,0
80,08/10/2016 , 06:00:00,0,0
81,08/10/2016 , 06:15:00,0,0
82,08/10/2016 , 06:30:00,0,0
83,08/10/2016 , 06:45:00,8,8
84,08/10/2016 , 07:00:00,23,23
85,08/10/2016 , 07:15:00,47,47
86,08/10/2016 , 07:30:00,65,65
87,08/10/2016 , 07:45:00,129,129
88,08/10/2016 , 08:00:00,101,101
89,08/10/2016 , 08:15:00,201,201
90,08/10/2016 , 08:30:00,237,237
91,08/10/2016 , 08:45:00,281,281
92,08/10/2016 , 09:00:00,456,456
93,08/10/2016 , 09:15:00,532,532
94,08/10/2016 , 09:30:00,607,607
95,08/10/2016 , 09:45:00,644,644
96,08/10/2016 , 10:00:00,817,817
97,08/10/2016 , 10:15:00,904,904
98,08/10/2016 , 10:30:00,1183,1183
99,08/10/2016 , 10:45:00,1170,1170
100,08/10/2016 , 11:00:00,1098,1098
101,08/10/2016 , 11:15:00,1008,1008
102,08/10/2016 , 11:30:00,1282,1282
103,08/10/2016 , 11:45:00,1344,1344
104,08/10/2016 , 12:00:00,1223,1223
105,08/10/2016 , 12:15:00,1322,1322
106,08/10/2016 , 12:30:00,1425,1425
107,08/10/2016 , 12:45:00,1408,1408
108,08/10/2016 , 13:00:00,1519,1519
109,08/10/2016 , 13:15:00,1363,1363
110,08/10/2016 , 13:30:00,1037,1037
111,08/10/2016 , 13:45:00,844,844
112,08/10/2016 , 14:00:00,420,420
113,08/10/2016 , 14:15:00,812,812
114,08/10/2016 , 14:30:00,1194,1194
115,08/10/2016 , 14:45:00,1022,1022
116,08/10/2016 , 15:00:00,882,882
117,08/10/2016 , 15:15:00,985,985
118,08/10/2016 , 15:30:00,615,615
119,08/10/2016 , 15:45:00,730,730
120,08/10/2016 , 16:00:00,603,603
121,08/10/2016 , 16:15:00,446,446
122,08/10/2016 , 16:30:00,207,207
123,08/10/2016 , 16:45:00,247,247
124,08/10/2016 , 17:00:00,161,161
125,08/10/2016 , 17:15:00,90,90
126,08/10/2016 , 17:30:00,61,61
127,08/10/2016 , 17:45:00,44,44
128,08/10/2016 , 18:00:00,24,24
129,08/10/2016 , 18:15:00,11,11
130,08/10/2016 , 18:30:00,1,1
131,08/10/2016 , 18:45:00,0,0
132,08/10/2016 , 19:00:00,0,0
133,08/10/2016 , 19:15:00,0,0
134,08/10/2016 , 19:30:00,0,0
135,08/10/2016 , 19:45:00,0,0
136,08/10/2016 , 20:00:00,0,0
137,08/10/2016 , 20:15:00,0,0
138,08/10/2016 , 20:30:00,0,0
139,08/10/2016 , 20:45:00,0,0
140,08/10/2016 , 21:00:00,0,0
141,08/10/2016 , 21:15:00,0,0
142,08/10/2016 , 21:30:00,0,0
143,08/10/2016 , 21:45:00,0,0
144,08/10/2016 , 22:00:00,0,0
145,08/10/2016 , 22:15:00,0,0
146,08/10/2016 , 22:30:00,0,0
147,08/10/2016 , 22:45:00,0,0
148,08/10/2016 , 23:00:00,0,0
149,08/10/2016 , 23:15:00,0,0
150,08/10/2016 , 23:30:00,0,0
151,08/10/2016 , 23:45:00,0,0
152,08/10/2016 , 24:00:00,0,0
153,09/10/2016 , 00:15:00,0,0
154,09/10/2016 , 00:30:00,0,0
155,09/10/2016 , 00:45:00,0,0
156,09/10/2016 , 01:00:00,0,0
157,09/10/2016 , 01:15:00,0,0
158,09/10/2016 , 01:30:00,0,0
159,09/10/2016 , 01:45:00,0,0
160,09/10/2016 , 02:00:00,0,0
161,09/10/2016 , 02:15:00,0,0
162,09/10/2016 , 02:30:00,0,0
163,09/10/2016 , 02:45:00,0,0
164,09/10/2016 , 03:00:00,0,0
165,09/10/2016 , 03:15:00,0,0
166,09/10/2016 , 03:30:00,0,0
167,09/10/2016 , 03:45:00,0,0
168,09/10/2016 , 04:00:00,0,0
169,09/10/2016 , 04:15:00,0,0
170,09/10/2016 , 04:30:00,0,0
171,09/10/2016 , 04:45:00,0,0
172,09/10/2016 , 05:00:00,0,0
173,09/10/2016 , 05:15:00,0,0
174,09/10/2016 , 05:30:00,0,0
175,09/10/2016 , 05:45:00,0,0
176,09/10/2016 , 06:00:00,0,0
177,09/10/2016 , 06:15:00,0,0
178,09/10/2016 , 06:30:00,0,0
179,09/10/2016 , 06:45:00,10,10
180,09/10/2016 , 07:00:00,29,29
181,09/10/2016 , 07:15:00,52,52
182,09/10/2016 , 07:30:00,70,70
183,09/10/2016 , 07:45:00,81,81
184,09/10/2016 , 08:00:00,88,88
185,09/10/2016 , 08:15:00,108,108
186,09/10/2016 , 08:30:00,124,124
187,09/10/2016 , 08:45:00,296,296
188,09/10/2016 , 09:00:00,274,274
189,09/10/2016 , 09:15:00,277,277
190,09/10/2016 , 09:30:00,458,458
191,09/10/2016 , 09:45:00,526,526
192,09/10/2016 , 10:00:00,694,694
193,09/10/2016 , 10:15:00,850,850
194,09/10/2016 , 10:30:00,878,878
195,09/10/2016 , 10:45:00,937,937
196,09/10/2016 , 11:00:00,931,931
197,09/10/2016 , 11:15:00,975,975
198,09/10/2016 , 11:30:00,1013,1013
199,09/10/2016 , 11:45:00,1113,1113
200,09/10/2016 , 12:00:00,1140,1140
201,09/10/2016 , 12:15:00,1169,1169
202,09/10/2016 , 12:30:00,1160,1160
203,09/10/2016 , 12:45:00,1171,1171
204,09/10/2016 , 13:00:00,1233,1233
205,09/10/2016 , 13:15:00,1221,1221
206,09/10/2016 , 13:30:00,1203,1203
207,09/10/2016 , 13:45:00,1002,1002
208,09/10/2016 , 14:00:00,926,926
209,09/10/2016 , 14:15:00,919,919
210,09/10/2016 , 14:30:00,944,944
211,09/10/2016 , 14:45:00,901,901
212,09/10/2016 , 15:00:00,738,738
213,09/10/2016 , 15:15:00,697,697
214,09/10/2016 , 15:30:00,646,646
215,09/10/2016 , 15:45:00,606,606
216,09/10/2016 , 16:00:00,514,514
217,09/10/2016 , 16:15:00,446,446
218,09/10/2016 , 16:30:00,354,354
219,09/10/2016 , 16:45:00,157,157
220,09/10/2016 , 17:00:00,196,196
221,09/10/2016 , 17:15:00,138,138
222,09/10/2016 , 17:30:00,79,79
223,09/10/2016 , 17:45:00,42,42
224,09/10/2016 , 18:00:00,24,24
225,09/10/2016 , 18:15:00,10,10
226,09/10/2016 , 18:30:00,1,1
227,09/10/2016 , 18:45:00,0,0
228,09/10/2016 , 19:00:00,0,0
229,09/10/2016 , 19:15:00,0,0
230,09/10/2016 , 19:30:00,0,0
231,09/10/2016 , 19:45:00,0,0
232,09/10/2016 , 20:00:00,0,0
233,09/10/2016 , 20:15:00,0,0
234,09/10/2016 , 20:30:00,0,0
235,09/10/2016 , 20:45:00,0,0
236,09/10/2016 , 21:00:00,0,0
237,09/10/2016 , 21:15:00,0,0
238,09/10/2016 , 21:30:00,0,0
239,09/10/2016 , 21:45:00,0,0
240,09/10/2016 , 22:00:00,0,0
241,09/10/2016 , 22:15:00,0,0
242,09/10/2016 , 22:30:00,0,0
243,09/10/2016 , 22:45:00,0,0
244,09/10/2016 , 23:00:00,0,0
245,09/10/2016 , 23:15:00,0,0
246,09/10/2016 , 23:30:00,0,0
247,09/10/2016 , 23:45:00,0,0
248,09/10/2016 , 24:00:00,0,0
249,10/10/2016 , 00:15:00,0,0
250,10/10/2016 , 00:30:00,0,0
251,10/10/2016 , 00:45:00,0,0
252,10/10/2016 , 01:00:00,0,0
253,10/10/2016 , 01:15:00,0,0
254,10/10/2016 , 01:30:00,0,0
255,10/10/2016 , 01:45:00,0,0
256,10/10/2016 , 02:00:00,0,0
257,10/10/2016 , 02:15:00,0,0
258,10/10/2016 , 02:30:00,0,0
259,10/10/2016 , 02:45:00,0,0
260,10/10/2016 , 03:00:00,0,0
261,10/10/2016 , 03:15:00,0,0
262,10/10/2016 , 03:30:00,0,0
263,10/10/2016 , 03:45:00,0,0
264,10/10/2016 , 04:00:00,0,0
265,10/10/2016 , 04:15:00,0,0
266,10/10/2016 , 04:30:00,0,0
267,10/10/2016 , 04:45:00,0,0
268,10/10/2016 , 05:00:00,0,0
269,10/10/2016 , 05:15:00,0,0
270,10/10/2016 , 05:30:00,0,0
271,10/10/2016 , 05:45:00,0,0
272,10/10/2016 , 06:00:00,0,0
273,10/10/2016 , 06:15:00,0,0
274,10/10/2016 , 06:30:00,0,0
275,10/10/2016 , 06:45:00,3,3
276,10/10/2016 , 07:00:00,18,18
277,10/10/2016 , 07:15:00,32,32
278,10/10/2016 , 07:30:00,35,35
279,10/10/2016 , 07:45:00,53,53
280,10/10/2016 , 08:00:00,57,57
281,10/10/2016 , 08:15:00,43,43
282,10/10/2016 , 08:30:00,66,66
283,10/10/2016 , 08:45:00,47,47
284,10/10/2016 , 09:00:00,128,128
285,10/10/2016 , 09:15:00,146,146
286,10/10/2016 , 09:30:00,293,293
287,10/10/2016 , 09:45:00,198,198
288,10/10/2016 , 10:00:00,85,85
289,10/10/2016 , 10:15:00,200,200
290,10/10/2016 , 10:30:00,399,399
291,10/10/2016 , 10:45:00,251,251
292,10/10/2016 , 11:00:00,105,105
293,10/10/2016 , 11:15:00,344,344
294,10/10/2016 , 11:30:00,424,424
295,10/10/2016 , 11:45:00,143,143
296,10/10/2016 , 12:00:00,131,131
297,10/10/2016 , 12:15:00,284,284
298,10/10/2016 , 12:30:00,269,269
299,10/10/2016 , 12:45:00,335,335
300,10/10/2016 , 13:00:00,177,177
301,10/10/2016 , 13:15:00,235,235
302,10/10/2016 , 13:30:00,273,273
303,10/10/2016 , 13:45:00,226,226
304,10/10/2016 , 14:00:00,445,445
305,10/10/2016 , 14:15:00,307,307
306,10/10/2016 , 14:30:00,286,286
307,10/10/2016 , 14:45:00,156,156
308,10/10/2016 , 15:00:00,132,132
309,10/10/2016 , 15:15:00,111,111
310,10/10/2016 , 15:30:00,129,129
311,10/10/2016 , 15:45:00,122,122
312,10/10/2016 , 16:00:00,91,91
313,10/10/2016 , 16:15:00,73,73
314,10/10/2016 , 16:30:00,72,72
315,10/10/2016 , 16:45:00,48,48
316,10/10/2016 , 17:00:00,46,46
317,10/10/2016 , 17:15:00,23,23
318,10/10/2016 , 17:30:00,29,29
319,10/10/2016 , 17:45:00,14,14
320,10/10/2016 , 18:00:00,6,6
321,10/10/2016 , 18:15:00,1,1
322,10/10/2016 , 18:30:00,0,0
323,10/10/2016 , 18:45:00,0,0
324,10/10/2016 , 19:00:00,0,0
325,10/10/2016 , 19:15:00,0,0
326,10/10/2016 , 19:30:00,0,0
327,10/10/2016 , 19:45:00,0,0
328,10/10/2016 , 20:00:00,0,0
329,10/10/2016 , 20:15:00,0,0
330,10/10/2016 , 20:30:00,0,0
331,10/10/2016 , 20:45:00,0,0
332,10/10/2016 , 21:00:00,0,0
333,10/10/2016 , 21:15:00,0,0
334,10/10/2016 , 21:30:00,0,0
335,10/10/2016 , 21:45:00,0,0
336,10/10/2016 , 22:00:00,0,0
337,10/10/2016 , 22:15:00,0,0
338,10/10/2016 , 22:30:00,0,0
339,10/10/2016 , 22:45:00,0,0
340,10/10/2016 , 23:00:00,0,0
341,10/10/2016 , 23:15:00,0,0
342,10/10/2016 , 23:30:00,0,0
343,10/10/2016 , 23:45:00,0,0
344,10/10/2016 , 24:00:00,0,0
345,11/10/2016 , 00:15:00,0,0
346,11/10/2016 , 00:30:00,0,0
347,11/10/2016 , 00:45:00,0,0
348,11/10/2016 , 01:00:00,0,0
349,11/10/2016 , 01:15:00,0,0
350,11/10/2016 , 01:30:00,0,0
351,11/10/2016 , 01:45:00,0,0
352,11/10/2016 , 02:00:00,0,0
353,11/10/2016 , 02:15:00,0,0
354,11/10/2016 , 02:30:00,0,0
355,11/10/2016 , 02:45:00,0,0
356,11/10/2016 , 03:00:00,0,0
357,11/10/2016 , 03:15:00,0,0
358,11/10/2016 , 03:30:00,0,0
359,11/10/2016 , 03:45:00,0,0
360,11/10/2016 , 04:00:00,0,0
361,11/10/2016 , 04:15:00,0,0
362,11/10/2016 , 04:30:00,0,0
363,11/10/2016 , 04:45:00,0,0
364,11/10/2016 , 05:00:00,0,0
365,11/10/2016 , 05:15:00,0,0
366,11/10/2016 , 05:30:00,0,0
367,11/10/2016 , 05:45:00,0,0
368,11/10/2016 , 06:00:00,0,0
369,11/10/2016 , 06:15:00,0,0
370,11/10/2016 , 06:30:00,0,0
371,11/10/2016 , 06:45:00,7,7
372,11/10/2016 , 07:00:00,22,22
373,11/10/2016 , 07:15:00,35,35
374,11/10/2016 , 07:30:00,66,66
375,11/10/2016 , 07:45:00,75,75
376,11/10/2016 , 08:00:00,92,92
377,11/10/2016 , 08:15:00,108,108
378,11/10/2016 , 08:30:00,185,185
379,11/10/2016 , 08:45:00,244,244
380,11/10/2016 , 09:00:00,305,305
381,11/10/2016 , 09:15:00,438,438
382,11/10/2016 , 09:30:00,306,306
383,11/10/2016 , 09:45:00,424,424
384,11/10/2016 , 10:00:00,338,338
385,11/10/2016 , 10:15:00,415,415
386,11/10/2016 , 10:30:00,630,630
387,11/10/2016 , 10:45:00,432,432
388,11/10/2016 , 11:00:00,260,260
389,11/10/2016 , 11:15:00,731,731
390,11/10/2016 , 11:30:00,705,705
391,11/10/2016 , 11:45:00,310,310
392,11/10/2016 , 12:00:00,316,316
393,11/10/2016 , 12:15:00,465,465
394,11/10/2016 , 12:30:00,510,510
395,11/10/2016 , 12:45:00,497,497
396,11/10/2016 , 13:00:00,547,547
397,11/10/2016 , 13:15:00,314,314
398,11/10/2016 , 13:30:00,264,264
399,11/10/2016 , 13:45:00,277,277
400,11/10/2016 , 14:00:00,259,259
401,11/10/2016 , 14:15:00,331,331
402,11/10/2016 , 14:30:00,377,377
403,11/10/2016 , 14:45:00,190,190
404,11/10/2016 , 15:00:00,241,241
405,11/10/2016 , 15:15:00,209,209
406,11/10/2016 , 15:30:00,182,182
407,11/10/2016 , 15:45:00,138,138
408,11/10/2016 , 16:00:00,136,136
409,11/10/2016 , 16:15:00,151,151
410,11/10/2016 , 16:30:00,91,91
411,11/10/2016 , 16:45:00,89,89
412,11/10/2016 , 17:00:00,100,100
413,11/10/2016 , 17:15:00,81,81
414,11/10/2016 , 17:30:00,37,37
415,11/10/2016 , 17:45:00,25,25
416,11/10/2016 , 18:00:00,15,15
417,11/10/2016 , 18:15:00,6,6
418,11/10/2016 , 18:30:00,0,0
419,11/10/2016 , 18:45:00,0,0
420,11/10/2016 , 19:00:00,0,0
421,11/10/2016 , 19:15:00,0,0
422,11/10/2016 , 19:30:00,0,0
423,11/10/2016 , 19:45:00,0,0
424,11/10/2016 , 20:00:00,0,0
425,11/10/2016 , 20:15:00,0,0
426,11/10/2016 , 20:30:00,0,0
427,11/10/2016 , 20:45:00,0,0
428,11/10/2016 , 21:00:00,0,0
429,11/10/2016 , 21:15:00,0,0
430,11/10/2016 , 21:30:00,0,0
431,11/10/2016 , 21:45:00,0,0
432,11/10/2016 , 22:00:00,0,0
433,11/10/2016 , 22:15:00,0,0
434,11/10/2016 , 22:30:00,0,0
435,11/10/2016 , 22:45:00,0,0
436,11/10/2016 , 23:00:00,0,0
437,11/10/2016 , 23:15:00,0,0
438,11/10/2016 , 23:30:00,0,0
439,11/10/2016 , 23:45:00,0,0
440,11/10/2016 , 24:00:00,0,0
441,12/10/2016 , 00:15:00,0,0
442,12/10/2016 , 00:30:00,0,0
443,12/10/2016 , 00:45:00,0,0
444,12/10/2016 , 01:00:00,0,0
445,12/10/2016 , 01:15:00,0,0
446,12/10/2016 , 01:30:00,0,0
447,12/10/2016 , 01:45:00,0,0
448,12/10/2016 , 02:00:00,0,0
449,12/10/2016 , 02:15:00,0,0
450,12/10/2016 , 02:30:00,0,0
451,12/10/2016 , 02:45:00,0,0
452,12/10/2016 , 03:00:00,0,0
453,12/10/2016 , 03:15:00,0,0
454,12/10/2016 , 03:30:00,0,0
455,12/10/2016 , 03:45:00,0,0
456,12/10/2016 , 04:00:00,0,0
457,12/10/2016 , 04:15:00,0,0
458,12/10/2016 , 04:30:00,0,0
459,12/10/2016 , 04:45:00,0,0
460,12/10/2016 , 05:00:00,0,0
461,12/10/2016 , 05:15:00,0,0
462,12/10/2016 , 05:30:00,0,0
463,12/10/2016 , 05:45:00,0,0
464,12/10/2016 , 06:00:00,0,0
465,12/10/2016 , 06:15:00,0,0
466,12/10/2016 , 06:30:00,0,0
467,12/10/2016 , 06:45:00,7,7
468,12/10/2016 , 07:00:00,23,23
469,12/10/2016 , 07:15:00,29,29
470,12/10/2016 , 07:30:00,35,35
471,12/10/2016 , 07:45:00,48,48
472,12/10/2016 , 08:00:00,50,50
473,12/10/2016 , 08:15:00,41,41
474,12/10/2016 , 08:30:00,63,63
475,12/10/2016 , 08:45:00,77,77
476,12/10/2016 , 09:00:00,75,75
477,12/10/2016 , 09:15:00,100,100
478,12/10/2016 , 09:30:00,165,165
479,12/10/2016 , 09:45:00,201,201
480,12/10/2016 , 10:00:00,337,337
481,12/10/2016 , 10:15:00,402,402
482,12/10/2016 , 10:30:00,450,450
483,12/10/2016 , 10:45:00,502,502
484,12/10/2016 , 11:00:00,514,514
485,12/10/2016 , 11:15:00,614,614
486,12/10/2016 , 11:30:00,551,551
487,12/10/2016 , 11:45:00,585,585
488,12/10/2016 , 12:00:00,652,652
489,12/10/2016 , 12:15:00,708,708
490,12/10/2016 , 12:30:00,358,358
491,12/10/2016 , 12:45:00,392,392
492,12/10/2016 , 13:00:00,259,259
493,12/10/2016 , 13:15:00,418,418
494,12/10/2016 , 13:30:00,338,338
495,12/10/2016 , 13:45:00,269,269
496,12/10/2016 , 14:00:00,242,242
497,12/10/2016 , 14:15:00,389,389
498,12/10/2016 , 14:30:00,275,275
499,12/10/2016 , 14:45:00,344,344
500,12/10/2016 , 15:00:00,300,300
501,12/10/2016 , 15:15:00,362,362
502,12/10/2016 , 15:30:00,342,342
503,12/10/2016 , 15:45:00,189,189
504,12/10/2016 , 16:00:00,127,127
505,12/10/2016 , 16:15:00,131,131
506,12/10/2016 , 16:30:00,86,86
507,12/10/2016 , 16:45:00,71,71
508,12/10/2016 , 17:00:00,71,71
509,12/10/2016 , 17:15:00,67,67
510,12/10/2016 , 17:30:00,36,36
511,12/10/2016 , 17:45:00,18,18
512,12/10/2016 , 18:00:00,10,10
513,12/10/2016 , 18:15:00,4,4
514,12/10/2016 , 18:30:00,0,0
515,12/10/2016 , 18:45:00,0,0
516,12/10/2016 , 19:00:00,0,0
517,12/10/2016 , 19:15:00,0,0
518,12/10/2016 , 19:30:00,0,0
519,12/10/2016 , 19:45:00,0,0
520,12/10/2016 , 20:00:00,0,0
521,12/10/2016 , 20:15:00,0,0
522,12/10/2016 , 20:30:00,0,0
523,12/10/2016 , 20:45:00,0,0
524,12/10/2016 , 21:00:00,0,0
525,12/10/2016 , 21:15:00,0,0
526,12/10/2016 , 21:30:00,0,0
527,12/10/2016 , 21:45:00,0,0
528,12/10/2016 , 22:00:00,0,0
529,12/10/2016 , 22:15:00,0,0
530,12/10/2016 , 22:30:00,0,0
531,12/10/2016 , 22:45:00,0,0
532,12/10/2016 , 23:00:00,0,0
533,12/10/2016 , 23:15:00,0,0
534,12/10/2016 , 23:30:00,0,0
535,12/10/2016 , 23:45:00,0,0
536,12/10/2016 , 24:00:00,0,0
537,13/10/2016 , 00:15:00,0,0
538,13/10/2016 , 00:30:00,0,0
539,13/10/2016 , 00:45:00,0,0
540,13/10/2016 , 01:00:00,0,0
541,13/10/2016 , 01:15:00,0,0
542,13/10/2016 , 01:30:00,0,0
543,13/10/2016 , 01:45:00,0,0
544,13/10/2016 , 02:00:00,0,0
545,13/10/2016 , 02:15:00,0,0
546,13/10/2016 , 02:30:00,0,0
547,13/10/2016 , 02:45:00,0,0
548,13/10/2016 , 03:00:00,0,0
549,13/10/2016 , 03:15:00,0,0
550,13/10/2016 , 03:30:00,0,0
551,13/10/2016 , 03:45:00,0,0
552,13/10/2016 , 04:00:00,0,0
553,13/10/2016 , 04:15:00,0,0
554,13/10/2016 , 04:30:00,0,0
555,13/10/2016 , 04:45:00,0,0
556,13/10/2016 , 05:00:00,0,0
557,13/10/2016 , 05:15:00,0,0
558,13/10/2016 , 05:30:00,0,0
559,13/10/2016 , 05:45:00,0,0
560,13/10/2016 , 06:00:00,0,0
561,13/10/2016 , 06:15:00,0,0
562,13/10/2016 , 06:30:00,0,0
563,13/10/2016 , 06:45:00,2,2
564,13/10/2016 , 07:00:00,9,9
565,13/10/2016 , 07:15:00,18,18
566,13/10/2016 , 07:30:00,29,29
567,13/10/2016 , 07:45:00,52,52
568,13/10/2016 , 08:00:00,81,81
569,13/10/2016 , 08:15:00,89,89
570,13/10/2016 , 08:30:00,96,96
571,13/10/2016 , 08:45:00,106,106
572,13/10/2016 , 09:00:00,134,134
573,13/10/2016 , 09:15:00,166,166
574,13/10/2016 , 09:30:00,151,151
575,13/10/2016 , 09:45:00,127,127
576,13/10/2016 , 10:00:00,116,116
577,13/10/2016 , 10:15:00,79,79
578,13/10/2016 , 10:30:00,124,124
579,13/10/2016 , 10:45:00,140,140
580,13/10/2016 , 11:00:00,309,309
581,13/10/2016 , 11:15:00,297,297
582,13/10/2016 , 11:30:00,344,344
583,13/10/2016 , 11:45:00,418,418
584,13/10/2016 , 12:00:00,405,405
585,13/10/2016 , 12:15:00,432,432
586,13/10/2016 , 12:30:00,415,415
587,13/10/2016 , 12:45:00,414,414
588,13/10/2016 , 13:00:00,505,505
589,13/10/2016 , 13:15:00,467,467
590,13/10/2016 , 13:30:00,463,463
591,13/10/2016 , 13:45:00,501,501
592,13/10/2016 , 14:00:00,460,460
593,13/10/2016 , 14:15:00,522,522
594,13/10/2016 , 14:30:00,488,488
595,13/10/2016 , 14:45:00,448,448
596,13/10/2016 , 15:00:00,438,438
597,13/10/2016 , 15:15:00,427,427
598,13/10/2016 , 15:30:00,370,370
599,13/10/2016 , 15:45:00,308,308
600,13/10/2016 , 16:00:00,259,259
601,13/10/2016 , 16:15:00,199,199
602,13/10/2016 , 16:30:00,129,129
603,13/10/2016 , 16:45:00,79,79
604,13/10/2016 , 17:00:00,65,65
605,13/10/2016 , 17:15:00,52,52
606,13/10/2016 , 17:30:00,38,38
607,13/10/2016 , 17:45:00,20,20
608,13/10/2016 , 18:00:00,11,11
609,13/10/2016 , 18:15:00,4,4
610,13/10/2016 , 18:30:00,0,0
611,13/10/2016 , 18:45:00,0,0
612,13/10/2016 , 19:00:00,0,0
613,13/10/2016 , 19:15:00,0,0
614,13/10/2016 , 19:30:00,0,0
615,13/10/2016 , 19:45:00,0,0
616,13/10/2016 , 20:00:00,0,0
617,13/10/2016 , 20:15:00,0,0
618,13/10/2016 , 20:30:00,0,0
619,13/10/2016 , 20:45:00,0,0
620,13/10/2016 , 21:00:00,0,0
621,13/10/2016 , 21:15:00,0,0
622,13/10/2016 , 21:30:00,0,0
623,13/10/2016 , 21:45:00,0,0
624,13/10/2016 , 22:00:00,0,0
625,13/10/2016 , 22:15:00,0,0
626,13/10/2016 , 22:30:00,0,0
627,13/10/2016 , 22:45:00,0,0
628,13/10/2016 , 23:00:00,0,0
629,13/10/2016 , 23:15:00,0,0
630,13/10/2016 , 23:30:00,0,0
631,13/10/2016 , 23:45:00,0,0
632,13/10/2016 , 24:00:00,0,0
633,14/10/2016 , 00:15:00,0,0
634,14/10/2016 , 00:30:00,0,0
635,14/10/2016 , 00:45:00,0,0
636,14/10/2016 , 01:00:00,0,0
637,14/10/2016 , 01:15:00,0,0
638,14/10/2016 , 01:30:00,0,0
639,14/10/2016 , 01:45:00,0,0
640,14/10/2016 , 02:00:00,0,0
641,14/10/2016 , 02:15:00,0,0
642,14/10/2016 , 02:30:00,0,0
643,14/10/2016 , 02:45:00,0,0
644,14/10/2016 , 03:00:00,0,0
645,14/10/2016 , 03:15:00,0,0
646,14/10/2016 , 03:30:00,0,0
647,14/10/2016 , 03:45:00,0,0
648,14/10/2016 , 04:00:00,0,0
649,14/10/2016 , 04:15:00,0,0
650,14/10/2016 , 04:30:00,0,0
651,14/10/2016 , 04:45:00,0,0
652,14/10/2016 , 05:00:00,0,0
653,14/10/2016 , 05:15:00,0,0
654,14/10/2016 , 05:30:00,0,0
655,14/10/2016 , 05:45:00,0,0
656,14/10/2016 , 06:00:00,0,0
657,14/10/2016 , 06:15:00,0,0
658,14/10/2016 , 06:30:00,0,0
659,14/10/2016 , 06:45:00,5,5
660,14/10/2016 , 07:00:00,23,23
661,14/10/2016 , 07:15:00,38,38
662,14/10/2016 , 07:30:00,52,52
663,14/10/2016 , 07:45:00,70,70
664,14/10/2016 , 08:00:00,151,151
665,14/10/2016 , 08:15:00,178,178
666,14/10/2016 , 08:30:00,145,145
667,14/10/2016 , 08:45:00,193,193
668,14/10/2016 , 09:00:00,310,310
669,14/10/2016 , 09:15:00,221,221
670,14/10/2016 , 09:30:00,256,256
671,14/10/2016 , 09:45:00,256,256
672,14/10/2016 , 10:00:00,373,373
673,14/10/2016 , 10:15:00,279,279
674,14/10/2016 , 10:30:00,384,384
675,14/10/2016 , 10:45:00,417,417
676,14/10/2016 , 11:00:00,244,244
677,14/10/2016 , 11:15:00,256,256
678,14/10/2016 , 11:30:00,314,314
679,14/10/2016 , 11:45:00,252,252
680,14/10/2016 , 12:00:00,177,177
681,14/10/2016 , 12:15:00,89,89
682,14/10/2016 , 12:30:00,184,184
683,14/10/2016 , 12:45:00,170,170
684,14/10/2016 , 13:00:00,127,127
685,14/10/2016 , 13:15:00,124,124
686,14/10/2016 , 13:30:00,116,116
687,14/10/2016 , 13:45:00,104,104
688,14/10/2016 , 14:00:00,214,214
689,14/10/2016 , 14:15:00,187,187
690,14/10/2016 , 14:30:00,232,232
691,14/10/2016 , 14:45:00,354,354
692,14/10/2016 , 15:00:00,381,381
693,14/10/2016 , 15:15:00,247,247
694,14/10/2016 , 15:30:00,176,176
695,14/10/2016 , 15:45:00,104,104
696,14/10/2016 , 16:00:00,96,96
697,14/10/2016 , 16:15:00,81,81
698,14/10/2016 , 16:30:00,68,68
699,14/10/2016 , 16:45:00,50,50
700,14/10/2016 , 17:00:00,53,53
701,14/10/2016 , 17:15:00,38,38
702,14/10/2016 , 17:30:00,26,26
703,14/10/2016 , 17:45:00,20,20
704,14/10/2016 , 18:00:00,9,9
705,14/10/2016 , 18:15:00,2,2
706,14/10/2016 , 18:30:00,0,0
707,14/10/2016 , 18:45:00,0,0
708,14/10/2016 , 19:00:00,0,0
709,14/10/2016 , 19:15:00,0,0
710,14/10/2016 , 19:30:00,0,0
711,14/10/2016 , 19:45:00,0,0
712,14/10/2016 , 20:00:00,0,0
713,14/10/2016 , 20:15:00,0,0
714,14/10/2016 , 20:30:00,0,0
715,14/10/2016 , 20:45:00,0,0
716,14/10/2016 , 21:00:00,0,0
717,14/10/2016 , 21:15:00,0,0
718,14/10/2016 , 21:30:00,0,0
719,14/10/2016 , 21:45:00,0,0
720,14/10/2016 , 22:00:00,0,0
721,14/10/2016 , 22:15:00,0,0
722,14/10/2016 , 22:30:00,0,0
723,14/10/2016 , 22:45:00,0,0
724,14/10/2016 , 23:00:00,0,0
725,14/10/2016 , 23:15:00,0,0
726,14/10/2016 , 23:30:00,0,0
727,14/10/2016 , 23:45:00,0,0
728,14/10/2016 , 24:00:00,0,0
729,15/10/2016 , 00:15:00,0,0
730,15/10/2016 , 00:30:00,0,0
731,15/10/2016 , 00:45:00,0,0
732,15/10/2016 , 01:00:00,0,0
733,15/10/2016 , 01:15:00,0,0
734,15/10/2016 , 01:30:00,0,0
735,15/10/2016 , 01:45:00,0,0
736,15/10/2016 , 02:00:00,0,0
737,15/10/2016 , 02:15:00,0,0
738,15/10/2016 , 02:30:00,0,0
739,15/10/2016 , 02:45:00,0,0
740,15/10/2016 , 03:00:00,0,0
741,15/10/2016 , 03:15:00,0,0
742,15/10/2016 , 03:30:00,0,0
743,15/10/2016 , 03:45:00,0,0
744,15/10/2016 , 04:00:00,0,0
745,15/10/2016 , 04:15:00,0,0
746,15/10/2016 , 04:30:00,0,0
747,15/10/2016 , 04:45:00,0,0
748,15/10/2016 , 05:00:00,0,0
749,15/10/2016 , 05:15:00,0,0
750,15/10/2016 , 05:30:00,0,0
751,15/10/2016 , 05:45:00,0,0
752,15/10/2016 , 06:00:00,0,0
753,15/10/2016 , 06:15:00,0,0
754,15/10/2016 , 06:30:00,0,0
755,15/10/2016 , 06:45:00,1,1
756,15/10/2016 , 07:00:00,5,5
757,15/10/2016 , 07:15:00,12,12
758,15/10/2016 , 07:30:00,20,20
759,15/10/2016 , 07:45:00,38,38
760,15/10/2016 , 08:00:00,73,73
761,15/10/2016 , 08:15:00,92,92
762,15/10/2016 , 08:30:00,91,91
763,15/10/2016 , 08:45:00,96,96
764,15/10/2016 , 09:00:00,102,102
765,15/10/2016 , 09:15:00,119,119
766,15/10/2016 , 09:30:00,115,115
767,15/10/2016 , 09:45:00,149,149
768,15/10/2016 , 10:00:00,184,184
769,15/10/2016 , 10:15:00,185,185
770,15/10/2016 , 10:30:00,234,234
771,15/10/2016 , 10:45:00,278,278
772,15/10/2016 , 11:00:00,341,341
773,15/10/2016 , 11:15:00,349,349
774,15/10/2016 , 11:30:00,402,402
775,15/10/2016 , 11:45:00,426,426
776,15/10/2016 , 12:00:00,420,420
777,15/10/2016 , 12:15:00,462,462
778,15/10/2016 , 12:30:00,452,452
779,15/10/2016 , 12:45:00,461,461
780,15/10/2016 , 13:00:00,406,406
781,15/10/2016 , 13:15:00,419,419
782,15/10/2016 , 13:30:00,413,413
783,15/10/2016 , 13:45:00,390,390
784,15/10/2016 , 14:00:00,350,350
785,15/10/2016 , 14:15:00,338,338
786,15/10/2016 , 14:30:00,327,327
787,15/10/2016 , 14:45:00,303,303
788,15/10/2016 , 15:00:00,310,310
789,15/10/2016 , 15:15:00,309,309
790,15/10/2016 , 15:30:00,270,270
791,15/10/2016 , 15:45:00,215,215
792,15/10/2016 , 16:00:00,174,174
793,15/10/2016 , 16:15:00,138,138
794,15/10/2016 , 16:30:00,113,113
795,15/10/2016 , 16:45:00,101,101
796,15/10/2016 , 17:00:00,51,51
797,15/10/2016 , 17:15:00,18,18
798,15/10/2016 , 17:30:00,14,14
799,15/10/2016 , 17:45:00,11,11
800,15/10/2016 , 18:00:00,6,6
801,15/10/2016 , 18:15:00,1,1
802,15/10/2016 , 18:30:00,0,0
803,15/10/2016 , 18:45:00,0,0
804,15/10/2016 , 19:00:00,0,0
805,15/10/2016 , 19:15:00,0,0
806,15/10/2016 , 19:30:00,0,0
807,15/10/2016 , 19:45:00,0,0
808,15/10/2016 , 20:00:00,0,0
809,15/10/2016 , 20:15:00,0,0
810,15/10/2016 , 20:30:00,0,0
811,15/10/2016 , 20:45:00,0,0
812,15/10/2016 , 21:00:00,0,0
813,15/10/2016 , 21:15:00,0,0
814,15/10/2016 , 21:30:00,0,0
815,15/10/2016 , 21:45:00,0,0
816,15/10/2016 , 22:00:00,0,0
817,15/10/2016 , 22:15:00,0,0
818,15/10/2016 , 22:30:00,0,0
819,15/10/2016 , 22:45:00,0,0
820,15/10/2016 , 23:00:00,0,0
821,15/10/2016 , 23:15:00,0,0
822,15/10/2016 , 23:30:00,0,0
823,15/10/2016 , 23:45:00,0,0
824,15/10/2016 , 24:00:00,0,0
825,16/10/2016 , 00:15:00,0,0
826,16/10/2016 , 00:30:00,0,0
827,16/10/2016 , 00:45:00,0,0
828,16/10/2016 , 01:00:00,0,0
829,16/10/2016 , 01:15:00,0,0
830,16/10/2016 , 01:30:00,0,0
831,16/10/2016 , 01:45:00,0,0
832,16/10/2016 , 02:00:00,0,0
833,16/10/2016 , 02:15:00,0,0
834,16/10/2016 , 02:30:00,0,0
835,16/10/2016 , 02:45:00,0,0
836,16/10/2016 , 03:00:00,0,0
837,16/10/2016 , 03:15:00,0,0
838,16/10/2016 , 03:30:00,0,0
839,16/10/2016 , 03:45:00,0,0
840,16/10/2016 , 04:00:00,0,0
841,16/10/2016 , 04:15:00,0,0
842,16/10/2016 , 04:30:00,0,0
843,16/10/2016 , 04:45:00,0,0
844,16/10/2016 , 05:00:00,0,0
845,16/10/2016 , 05:15:00,0,0
846,16/10/2016 , 05:30:00,0,0
847,16/10/2016 , 05:45:00,0,0
848,16/10/2016 , 06:00:00,0,0
849,16/10/2016 , 06:15:00,0,0
850,16/10/2016 , 06:30:00,0,0
851,16/10/2016 , 06:45:00,0,0
852,16/10/2016 , 07:00:00,5,5
853,16/10/2016 , 07:15:00,8,8
854,16/10/2016 , 07:30:00,15,15
855,16/10/2016 , 07:45:00,22,22
856,16/10/2016 , 08:00:00,37,37
857,16/10/2016 , 08:15:00,50,50
858,16/10/2016 , 08:30:00,75,75
859,16/10/2016 , 08:45:00,100,100
860,16/10/2016 , 09:00:00,145,145
861,16/10/2016 , 09:15:00,163,163
862,16/10/2016 , 09:30:00,249,249
863,16/10/2016 , 09:45:00,271,271
864,16/10/2016 , 10:00:00,231,231
865,16/10/2016 , 10:15:00,254,254
866,16/10/2016 , 10:30:00,265,265
867,16/10/2016 , 10:45:00,241,241
868,16/10/2016 , 11:00:00,297,297
869,16/10/2016 , 11:15:00,271,271
870,16/10/2016 , 11:30:00,188,188
871,16/10/2016 , 11:45:00,118,118
872,16/10/2016 , 12:00:00,143,143
873,16/10/2016 , 12:15:00,188,188
874,16/10/2016 , 12:30:00,223,223
875,16/10/2016 , 12:45:00,214,214
876,16/10/2016 , 13:00:00,219,219
877,16/10/2016 , 13:15:00,279,279
878,16/10/2016 , 13:30:00,277,277
879,16/10/2016 , 13:45:00,164,164
880,16/10/2016 , 14:00:00,297,297
881,16/10/2016 , 14:15:00,134,134
882,16/10/2016 , 14:30:00,99,99
883,16/10/2016 , 14:45:00,99,99
884,16/10/2016 , 15:00:00,150,150
885,16/10/2016 , 15:15:00,114,114
886,16/10/2016 , 15:30:00,133,133
887,16/10/2016 , 15:45:00,86,86
888,16/10/2016 , 16:00:00,66,66
889,16/10/2016 , 16:15:00,40,40
890,16/10/2016 , 16:30:00,22,22
891,16/10/2016 , 16:45:00,19,19
892,16/10/2016 , 17:00:00,12,12
893,16/10/2016 , 17:15:00,11,11
894,16/10/2016 , 17:30:00,13,13
895,16/10/2016 , 17:45:00,7,7
896,16/10/2016 , 18:00:00,2,2
897,16/10/2016 , 18:15:00,0,0
898,16/10/2016 , 18:30:00,0,0
899,16/10/2016 , 18:45:00,0,0
900,16/10/2016 , 19:00:00,0,0
901,16/10/2016 , 19:15:00,0,0
902,16/10/2016 , 19:30:00,0,0
903,16/10/2016 , 19:45:00,0,0
904,16/10/2016 , 20:00:00,0,0
905,16/10/2016 , 20:15:00,0,0
906,16/10/2016 , 20:30:00,0,0
907,16/10/2016 , 20:45:00,0,0
908,16/10/2016 , 21:00:00,0,0
909,16/10/2016 , 21:15:00,0,0
910,16/10/2016 , 21:30:00,0,0
911,16/10/2016 , 21:45:00,0,0
912,16/10/2016 , 22:00:00,0,0
913,16/10/2016 , 22:15:00,0,0
914,16/10/2016 , 22:30:00,0,0
915,16/10/2016 , 22:45:00,0,0
916,16/10/2016 , 23:00:00,0,0
917,16/10/2016 , 23:15:00,0,0
918,16/10/2016 , 23:30:00,0,0
919,16/10/2016 , 23:45:00,0,0
920,16/10/2016 , 24:00:00,0,0
921,17/10/2016 , 00:15:00,0,0
922,17/10/2016 , 00:30:00,0,0
923,17/10/2016 , 00:45:00,0,0
924,17/10/2016 , 01:00:00,0,0
925,17/10/2016 , 01:15:00,0,0
926,17/10/2016 , 01:30:00,0,0
927,17/10/2016 , 01:45:00,0,0
928,17/10/2016 , 02:00:00,0,0
929,17/10/2016 , 02:15:00,0,0
930,17/10/2016 , 02:30:00,0,0
931,17/10/2016 , 02:45:00,0,0
932,17/10/2016 , 03:00:00,0,0
933,17/10/2016 , 03:15:00,0,0
934,17/10/2016 , 03:30:00,0,0
935,17/10/2016 , 03:45:00,0,0
936,17/10/2016 , 04:00:00,0,0
937,17/10/2016 , 04:15:00,0,0
938,17/10/2016 , 04:30:00,0,0
939,17/10/2016 , 04:45:00,0,0
940,17/10/2016 , 05:00:00,0,0
941,17/10/2016 , 05:15:00,0,0
942,17/10/2016 , 05:30:00,0,0
943,17/10/2016 , 05:45:00,0,0
944,17/10/2016 , 06:00:00,0,0
945,17/10/2016 , 06:15:00,0,0
946,17/10/2016 , 06:30:00,0,0
947,17/10/2016 , 06:45:00,2,2
948,17/10/2016 , 07:00:00,11,11
949,17/10/2016 , 07:15:00,17,17
950,17/10/2016 , 07:30:00,35,35
951,17/10/2016 , 07:45:00,43,43
952,17/10/2016 , 08:00:00,73,73
953,17/10/2016 , 08:15:00,127,127
954,17/10/2016 , 08:30:00,152,152
955,17/10/2016 , 08:45:00,174,174
956,17/10/2016 , 09:00:00,145,145
957,17/10/2016 , 09:15:00,125,125
958,17/10/2016 , 09:30:00,141,141
959,17/10/2016 , 09:45:00,189,189
960,17/10/2016 , 10:00:00,263,263
961,17/10/2016 , 10:15:00,390,390
962,17/10/2016 , 10:30:00,510,510
963,17/10/2016 , 10:45:00,463,463
964,17/10/2016 , 11:00:00,439,439
965,17/10/2016 , 11:15:00,706,706
966,17/10/2016 , 11:30:00,575,575
967,17/10/2016 , 11:45:00,655,655
968,17/10/2016 , 12:00:00,675,675
969,17/10/2016 , 12:15:00,333,333
970,17/10/2016 , 12:30:00,710,710
971,17/10/2016 , 12:45:00,950,950
972,17/10/2016 , 13:00:00,758,758
973,17/10/2016 , 13:15:00,920,920
974,17/10/2016 , 13:30:00,796,796
975,17/10/2016 , 13:45:00,924,924
976,17/10/2016 , 14:00:00,705,705
977,17/10/2016 , 14:15:00,802,802
978,17/10/2016 , 14:30:00,701,701
979,17/10/2016 , 14:45:00,612,612
980,17/10/2016 , 15:00:00,596,596
981,17/10/2016 , 15:15:00,551,551
982,17/10/2016 , 15:30:00,364,364
983,17/10/2016 , 15:45:00,226,226
984,17/10/2016 , 16:00:00,242,242
985,17/10/2016 , 16:15:00,136,136
986,17/10/2016 , 16:30:00,253,253
987,17/10/2016 , 16:45:00,240,240
988,17/10/2016 , 17:00:00,178,178
989,17/10/2016 , 17:15:00,124,124
990,17/10/2016 , 17:30:00,62,62
991,17/10/2016 , 17:45:00,35,35
992,17/10/2016 , 18:00:00,18,18
993,17/10/2016 , 18:15:00,5,5
994,17/10/2016 , 18:30:00,0,0
995,17/10/2016 , 18:45:00,0,0
996,17/10/2016 , 19:00:00,0,0
997,17/10/2016 , 19:15:00,0,0
998,17/10/2016 , 19:30:00,0,0
999,17/10/2016 , 19:45:00,0,0
1000,17/10/2016 , 20:00:00,0,0
1001,17/10/2016 , 20:15:00,0,0
1002,17/10/2016 , 20:30:00,0,0
1003,17/10/2016 , 20:45:00,0,0
1004,17/10/2016 , 21:00:00,0,0
1005,17/10/2016 , 21:15:00,0,0
1006,17/10/2016 , 21:30:00,0,0
1007,17/10/2016 , 21:45:00,0,0
1008,17/10/2016 , 22:00:00,0,0
1009,17/10/2016 , 22:15:00,0,0
1010,17/10/2016 , 22:30:00,0,0
1011,17/10/2016 , 22:45:00,0,0
1012,17/10/2016 , 23:00:00,0,0
1013,17/10/2016 , 23:15:00,0,0
1014,17/10/2016 , 23:30:00,0,0
1015,17/10/2016 , 23:45:00,0,0
1016,17/10/2016 , 24:00:00,0,0
1017,18/10/2016 , 00:15:00,0,0
1018,18/10/2016 , 00:30:00,0,0
1019,18/10/2016 , 00:45:00,0,0
1020,18/10/2016 , 01:00:00,0,0
1021,18/10/2016 , 01:15:00,0,0
1022,18/10/2016 , 01:30:00,0,0
1023,18/10/2016 , 01:45:00,0,0
1024,18/10/2016 , 02:00:00,0,0
1025,18/10/2016 , 02:15:00,0,0
1026,18/10/2016 , 02:30:00,0,0
1027,18/10/2016 , 02:45:00,0,0
1028,18/10/2016 , 03:00:00,0,0
1029,18/10/2016 , 03:15:00,0,0
1030,18/10/2016 , 03:30:00,0,0
1031,18/10/2016 , 03:45:00,0,0
1032,18/10/2016 , 04:00:00,0,0
1033,18/10/2016 , 04:15:00,0,0
1034,18/10/2016 , 04:30:00,0,0
1035,18/10/2016 , 04:45:00,0,0
1036,18/10/2016 , 05:00:00,0,0
1037,18/10/2016 , 05:15:00,0,0
1038,18/10/2016 , 05:30:00,0,0
1039,18/10/2016 , 05:45:00,0,0
1040,18/10/2016 , 06:00:00,0,0
1041,18/10/2016 , 06:15:00,0,0
1042,18/10/2016 , 06:30:00,0,0
1043,18/10/2016 , 06:45:00,3,3
1044,18/10/2016 , 07:00:00,11,11
1045,18/10/2016 , 07:15:00,29,29
1046,18/10/2016 , 07:30:00,49,49
1047,18/10/2016 , 07:45:00,69,69
1048,18/10/2016 , 08:00:00,90,90
1049,18/10/2016 , 08:15:00,170,170
1050,18/10/2016 , 08:30:00,212,212
1051,18/10/2016 , 08:45:00,306,306
1052,18/10/2016 , 09:00:00,387,387
1053,18/10/2016 , 09:15:00,337,337
1054,18/10/2016 , 09:30:00,427,427
1055,18/10/2016 , 09:45:00,503,503
1056,18/10/2016 , 10:00:00,541,541
1057,18/10/2016 , 10:15:00,488,488
1058,18/10/2016 , 10:30:00,599,599
1059,18/10/2016 , 10:45:00,347,347
1060,18/10/2016 , 11:00:00,290,290
1061,18/10/2016 , 11:15:00,774,774
1062,18/10/2016 , 11:30:00,919,919
1063,18/10/2016 , 11:45:00,795,795
1064,18/10/2016 , 12:00:00,776,776
1065,18/10/2016 , 12:15:00,996,996
1066,18/10/2016 , 12:30:00,1105,1105
1067,18/10/2016 , 12:45:00,702,702
1068,18/10/2016 , 13:00:00,682,682
1069,18/10/2016 , 13:15:00,674,674
1070,18/10/2016 , 13:30:00,715,715
1071,18/10/2016 , 13:45:00,693,693
1072,18/10/2016 , 14:00:00,719,719
1073,18/10/2016 , 14:15:00,769,769
1074,18/10/2016 , 14:30:00,479,479
1075,18/10/2016 , 14:45:00,670,670
1076,18/10/2016 , 15:00:00,645,645
1077,18/10/2016 , 15:15:00,400,400
1078,18/10/2016 , 15:30:00,311,311
1079,18/10/2016 , 15:45:00,337,337
1080,18/10/2016 , 16:00:00,425,425
1081,18/10/2016 , 16:15:00,209,209
1082,18/10/2016 , 16:30:00,173,173
1083,18/10/2016 , 16:45:00,212,212
1084,18/10/2016 , 17:00:00,147,147
1085,18/10/2016 , 17:15:00,42,42
1086,18/10/2016 , 17:30:00,40,40
1087,18/10/2016 , 17:45:00,39,39
1088,18/10/2016 , 18:00:00,12,12
1089,18/10/2016 , 18:15:00,3,3
1090,18/10/2016 , 18:30:00,0,0
1091,18/10/2016 , 18:45:00,0,0
1092,18/10/2016 , 19:00:00,0,0
1093,18/10/2016 , 19:15:00,0,0
1094,18/10/2016 , 19:30:00,0,0
1095,18/10/2016 , 19:45:00,0,0
1096,18/10/2016 , 20:00:00,0,0
1097,18/10/2016 , 20:15:00,0,0
1098,18/10/2016 , 20:30:00,0,0
1099,18/10/2016 , 20:45:00,0,0
1100,18/10/2016 , 21:00:00,0,0
1101,18/10/2016 , 21:15:00,0,0
1102,18/10/2016 , 21:30:00,0,0
1103,18/10/2016 , 21:45:00,0,0
1104,18/10/2016 , 22:00:00,0,0
1105,18/10/2016 , 22:15:00,0,0
1106,18/10/2016 , 22:30:00,0,0
1107,18/10/2016 , 22:45:00,0,0
1108,18/10/2016 , 23:00:00,0,0
1109,18/10/2016 , 23:15:00,0,0
1110,18/10/2016 , 23:30:00,0,0
1111,18/10/2016 , 23:45:00,0,0
1112,18/10/2016 , 24:00:00,0,0
1113,19/10/2016 , 00:15:00,0,0
1114,19/10/2016 , 00:30:00,0,0
1115,19/10/2016 , 00:45:00,0,0
1116,19/10/2016 , 01:00:00,0,0
1117,19/10/2016 , 01:15:00,0,0
1118,19/10/2016 , 01:30:00,0,0
1119,19/10/2016 , 01:45:00,0,0
1120,19/10/2016 , 02:00:00,0,0
1121,19/10/2016 , 02:15:00,0,0
1122,19/10/2016 , 02:30:00,0,0
1123,19/10/2016 , 02:45:00,0,0
1124,19/10/2016 , 03:00:00,0,0
1125,19/10/2016 , 03:15:00,0,0
1126,19/10/2016 , 03:30:00,0,0
1127,19/10/2016 , 03:45:00,0,0
1128,19/10/2016 , 04:00:00,0,0
1129,19/10/2016 , 04:15:00,0,0
1130,19/10/2016 , 04:30:00,0,0
1131,19/10/2016 , 04:45:00,0,0
1132,19/10/2016 , 05:00:00,0,0
1133,19/10/2016 , 05:15:00,0,0
1134,19/10/2016 , 05:30:00,0,0
1135,19/10/2016 , 05:45:00,0,0
1136,19/10/2016 , 06:00:00,0,0
1137,19/10/2016 , 06:15:00,0,0
1138,19/10/2016 , 06:30:00,0,0
1139,19/10/2016 , 06:45:00,6,6
1140,19/10/2016 , 07:00:00,26,26
1141,19/10/2016 , 07:15:00,39,39
1142,19/10/2016 , 07:30:00,75,75
1143,19/10/2016 , 07:45:00,103,103
1144,19/10/2016 , 08:00:00,153,153
1145,19/10/2016 , 08:15:00,172,172
1146,19/10/2016 , 08:30:00,185,185
1147,19/10/2016 , 08:45:00,285,285
1148,19/10/2016 , 09:00:00,344,344
1149,19/10/2016 , 09:15:00,341,341
1150,19/10/2016 , 09:30:00,379,379
1151,19/10/2016 , 09:45:00,331,331
1152,19/10/2016 , 10:00:00,395,395
1153,19/10/2016 , 10:15:00,323,323
1154,19/10/2016 , 10:30:00,331,331
1155,19/10/2016 , 10:45:00,301,301
1156,19/10/2016 , 11:00:00,359,359
1157,19/10/2016 , 11:15:00,569,569
1158,19/10/2016 , 11:30:00,792,792
1159,19/10/2016 , 11:45:00,613,613
1160,19/10/2016 , 12:00:00,679,679
1161,19/10/2016 , 12:15:00,426,426
1162,19/10/2016 , 12:30:00,426,426
1163,19/10/2016 , 12:45:00,422,422
1164,19/10/2016 , 13:00:00,535,535
1165,19/10/2016 , 13:15:00,495,495
1166,19/10/2016 , 13:30:00,450,450
1167,19/10/2016 , 13:45:00,357,357
1168,19/10/2016 , 14:00:00,256,256
1169,19/10/2016 , 14:15:00,250,250
1170,19/10/2016 , 14:30:00,258,258
1171,19/10/2016 , 14:45:00,243,243
1172,19/10/2016 , 15:00:00,200,200
1173,19/10/2016 , 15:15:00,198,198
1174,19/10/2016 , 15:30:00,195,195
1175,19/10/2016 , 15:45:00,185,185
1176,19/10/2016 , 16:00:00,156,156
1177,19/10/2016 , 16:15:00,202,202
1178,19/10/2016 , 16:30:00,201,201
1179,19/10/2016 , 16:45:00,97,97
1180,19/10/2016 , 17:00:00,59,59
1181,19/10/2016 , 17:15:00,51,51
1182,19/10/2016 , 17:30:00,38,38
1183,19/10/2016 , 17:45:00,28,28
1184,19/10/2016 , 18:00:00,17,17
1185,19/10/2016 , 18:15:00,3,3
1186,19/10/2016 , 18:30:00,0,0
1187,19/10/2016 , 18:45:00,0,0
1188,19/10/2016 , 19:00:00,0,0
1189,19/10/2016 , 19:15:00,0,0
1190,19/10/2016 , 19:30:00,0,0
1191,19/10/2016 , 19:45:00,0,0
1192,19/10/2016 , 20:00:00,0,0
1193,19/10/2016 , 20:15:00,0,0
1194,19/10/2016 , 20:30:00,0,0
1195,19/10/2016 , 20:45:00,0,0
1196,19/10/2016 , 21:00:00,0,0
1197,19/10/2016 , 21:15:00,0,0
1198,19/10/2016 , 21:30:00,0,0
1199,19/10/2016 , 21:45:00,0,0
1200,19/10/2016 , 22:00:00,0,0
1201,19/10/2016 , 22:15:00,0,0
1202,19/10/2016 , 22:30:00,0,0
1203,19/10/2016 , 22:45:00,0,0
1204,19/10/2016 , 23:00:00,0,0
1205,19/10/2016 , 23:15:00,0,0
1206,19/10/2016 , 23:30:00,0,0
1207,19/10/2016 , 23:45:00,0,0
1208,19/10/2016 , 24:00:00,0,0
1209,20/10/2016 , 00:15:00,0,0
1210,20/10/2016 , 00:30:00,0,0
1211,20/10/2016 , 00:45:00,0,0
1212,20/10/2016 , 01:00:00,0,0
1213,20/10/2016 , 01:15:00,0,0
1214,20/10/2016 , 01:30:00,0,0
1215,20/10/2016 , 01:45:00,0,0
1216,20/10/2016 , 02:00:00,0,0
1217,20/10/2016 , 02:15:00,0,0
1218,20/10/2016 , 02:30:00,0,0
1219,20/10/2016 , 02:45:00,0,0
1220,20/10/2016 , 03:00:00,0,0
1221,20/10/2016 , 03:15:00,0,0
1222,20/10/2016 , 03:30:00,0,0
1223,20/10/2016 , 03:45:00,0,0
1224,20/10/2016 , 04:00:00,0,0
1225,20/10/2016 , 04:15:00,0,0
1226,20/10/2016 , 04:30:00,0,0
1227,20/10/2016 , 04:45:00,0,0
1228,20/10/2016 , 05:00:00,0,0
1229,20/10/2016 , 05:15:00,0,0
1230,20/10/2016 , 05:30:00,0,0
1231,20/10/2016 , 05:45:00,0,0
1232,20/10/2016 , 06:00:00,0,0
1233,20/10/2016 , 06:15:00,0,0
1234,20/10/2016 , 06:30:00,0,0
1235,20/10/2016 , 06:45:00,3,3
1236,20/10/2016 , 07:00:00,18,18
1237,20/10/2016 , 07:15:00,36,36
1238,20/10/2016 , 07:30:00,48,48
1239,20/10/2016 , 07:45:00,57,57
1240,20/10/2016 , 08:00:00,114,114
1241,20/10/2016 , 08:15:00,113,113
1242,20/10/2016 , 08:30:00,178,178
1243,20/10/2016 , 08:45:00,292,292
1244,20/10/2016 , 09:00:00,296,296
1245,20/10/2016 , 09:15:00,411,411
1246,20/10/2016 , 09:30:00,337,337
1247,20/10/2016 , 09:45:00,454,454
1248,20/10/2016 , 10:00:00,481,481
1249,20/10/2016 , 10:15:00,318,318
1250,20/10/2016 , 10:30:00,645,645
1251,20/10/2016 , 10:45:00,767,767
1252,20/10/2016 , 11:00:00,887,887
1253,20/10/2016 , 11:15:00,855,855
1254,20/10/2016 , 11:30:00,847,847
1255,20/10/2016 , 11:45:00,739,739
1256,20/10/2016 , 12:00:00,847,847
1257,20/10/2016 , 12:15:00,837,837
1258,20/10/2016 , 12:30:00,739,739
1259,20/10/2016 , 12:45:00,656,656
1260,20/10/2016 , 13:00:00,725,725
1261,20/10/2016 , 13:15:00,710,710
1262,20/10/2016 , 13:30:00,334,334
1263,20/10/2016 , 13:45:00,238,238
1264,20/10/2016 , 14:00:00,345,345
1265,20/10/2016 , 14:15:00,413,413
1266,20/10/2016 , 14:30:00,405,405
1267,20/10/2016 , 14:45:00,287,287
1268,20/10/2016 , 15:00:00,421,421
1269,20/10/2016 , 15:15:00,397,397
1270,20/10/2016 , 15:30:00,376,376
1271,20/10/2016 , 15:45:00,341,341
1272,20/10/2016 , 16:00:00,281,281
1273,20/10/2016 , 16:15:00,188,188
1274,20/10/2016 , 16:30:00,136,136
1275,20/10/2016 , 16:45:00,112,112
1276,20/10/2016 , 17:00:00,90,90
1277,20/10/2016 , 17:15:00,65,65
1278,20/10/2016 , 17:30:00,49,49
1279,20/10/2016 , 17:45:00,24,24
1280,20/10/2016 , 18:00:00,9,9
1281,20/10/2016 , 18:15:00,0,0
1282,20/10/2016 , 18:30:00,0,0
1283,20/10/2016 , 18:45:00,0,0
1284,20/10/2016 , 19:00:00,0,0
1285,20/10/2016 , 19:15:00,0,0
1286,20/10/2016 , 19:30:00,0,0
1287,20/10/2016 , 19:45:00,0,0
1288,20/10/2016 , 20:00:00,0,0
1289,20/10/2016 , 20:15:00,0,0
1290,20/10/2016 , 20:30:00,0,0
1291,20/10/2016 , 20:45:00,0,0
1292,20/10/2016 , 21:00:00,0,0
1293,20/10/2016 , 21:15:00,0,0
1294,20/10/2016 , 21:30:00,0,0
1295,20/10/2016 , 21:45:00,0,0
1296,20/10/2016 , 22:00:00,0,0
1297,20/10/2016 , 22:15:00,0,0
1298,20/10/2016 , 22:30:00,0,0
1299,20/10/2016 , 22:45:00,0,0
1300,20/10/2016 , 23:00:00,0,0
1301,20/10/2016 , 23:15:00,0,0
1302,20/10/2016 , 23:30:00,0,0
1303,20/10/2016 , 23:45:00,0,0
1304,20/10/2016 , 24:00:00,0,0
1305,21/10/2016 , 00:15:00,0,0
1306,21/10/2016 , 00:30:00,0,0
1307,21/10/2016 , 00:45:00,0,0
1308,21/10/2016 , 01:00:00,0,0
1309,21/10/2016 , 01:15:00,0,0
1310,21/10/2016 , 01:30:00,0,0
1311,21/10/2016 , 01:45:00,0,0
1312,21/10/2016 , 02:00:00,0,0
1313,21/10/2016 , 02:15:00,0,0
1314,21/10/2016 , 02:30:00,0,0
1315,21/10/2016 , 02:45:00,0,0
1316,21/10/2016 , 03:00:00,0,0
1317,21/10/2016 , 03:15:00,0,0
1318,21/10/2016 , 03:30:00,0,0
1319,21/10/2016 , 03:45:00,0,0
1320,21/10/2016 , 04:00:00,0,0
1321,21/10/2016 , 04:15:00,0,0
1322,21/10/2016 , 04:30:00,0,0
1323,21/10/2016 , 04:45:00,0,0
1324,21/10/2016 , 05:00:00,0,0
1325,21/10/2016 , 05:15:00,0,0
1326,21/10/2016 , 05:30:00,0,0
1327,21/10/2016 , 05:45:00,0,0
1328,21/10/2016 , 06:00:00,0,0
1329,21/10/2016 , 06:15:00,0,0
1330,21/10/2016 , 06:30:00,0,0
1331,21/10/2016 , 06:45:00,1,1
1332,21/10/2016 , 07:00:00,13,13
1333,21/10/2016 , 07:15:00,23,23
1334,21/10/2016 , 07:30:00,30,30
1335,21/10/2016 , 07:45:00,72,72
1336,21/10/2016 , 08:00:00,82,82
1337,21/10/2016 , 08:15:00,95,95
1338,21/10/2016 , 08:30:00,97,97
1339,21/10/2016 , 08:45:00,146,146
1340,21/10/2016 , 09:00:00,177,177
1341,21/10/2016 , 09:15:00,239,239
1342,21/10/2016 , 09:30:00,226,226
1343,21/10/2016 , 09:45:00,238,238
1344,21/10/2016 , 10:00:00,219,219
1345,21/10/2016 , 10:15:00,404,404
1346,21/10/2016 , 10:30:00,582,582
1347,21/10/2016 , 10:45:00,568,568
1348,21/10/2016 , 11:00:00,538,538
1349,21/10/2016 , 11:15:00,580,580
1350,21/10/2016 , 11:30:00,578,578
1351,21/10/2016 , 11:45:00,650,650
1352,21/10/2016 , 12:00:00,619,619
1353,21/10/2016 , 12:15:00,299,299
1354,21/10/2016 , 12:30:00,201,201
1355,21/10/2016 , 12:45:00,434,434
1356,21/10/2016 , 13:00:00,581,581
1357,21/10/2016 , 13:15:00,404,404
1358,21/10/2016 , 13:30:00,155,155
1359,21/10/2016 , 13:45:00,180,180
1360,21/10/2016 , 14:00:00,126,126
1361,21/10/2016 , 14:15:00,250,250
1362,21/10/2016 , 14:30:00,157,157
1363,21/10/2016 , 14:45:00,74,74
1364,21/10/2016 , 15:00:00,109,109
1365,21/10/2016 , 15:15:00,121,121
1366,21/10/2016 , 15:30:00,86,86
1367,21/10/2016 , 15:45:00,119,119
1368,21/10/2016 , 16:00:00,75,75
1369,21/10/2016 , 16:15:00,76,76
1370,21/10/2016 , 16:30:00,56,56
1371,21/10/2016 , 16:45:00,48,48
1372,21/10/2016 , 17:00:00,47,47
1373,21/10/2016 , 17:15:00,33,33
1374,21/10/2016 , 17:30:00,18,18
1375,21/10/2016 , 17:45:00,11,11
1376,21/10/2016 , 18:00:00,5,5
1377,21/10/2016 , 18:15:00,1,1
1378,21/10/2016 , 18:30:00,0,0
1379,21/10/2016 , 18:45:00,0,0
1380,21/10/2016 , 19:00:00,0,0
1381,21/10/2016 , 19:15:00,0,0
1382,21/10/2016 , 19:30:00,0,0
1383,21/10/2016 , 19:45:00,0,0
1384,21/10/2016 , 20:00:00,0,0
1385,21/10/2016 , 20:15:00,0,0
1386,21/10/2016 , 20:30:00,0,0
1387,21/10/2016 , 20:45:00,0,0
1388,21/10/2016 , 21:00:00,0,0
1389,21/10/2016 , 21:15:00,0,0
1390,21/10/2016 , 21:30:00,0,0
1391,21/10/2016 , 21:45:00,0,0
1392,21/10/2016 , 22:00:00,0,0
1393,21/10/2016 , 22:15:00,0,0
1394,21/10/2016 , 22:30:00,0,0
1395,21/10/2016 , 22:45:00,0,0
1396,21/10/2016 , 23:00:00,0,0
1397,21/10/2016 , 23:15:00,0,0
1398,21/10/2016 , 23:30:00,0,0
1399,21/10/2016 , 23:45:00,0,0
1400,21/10/2016 , 24:00:00,0,0
1401,22/10/2016 , 00:15:00,0,0
1402,22/10/2016 , 00:30:00,0,0
1403,22/10/2016 , 00:45:00,0,0
1404,22/10/2016 , 01:00:00,0,0
1405,22/10/2016 , 01:15:00,0,0
1406,22/10/2016 , 01:30:00,0,0
1407,22/10/2016 , 01:45:00,0,0
1408,22/10/2016 , 02:00:00,0,0
1409,22/10/2016 , 02:15:00,0,0
1410,22/10/2016 , 02:30:00,0,0
1411,22/10/2016 , 02:45:00,0,0
1412,22/10/2016 , 03:00:00,0,0
1413,22/10/2016 , 03:15:00,0,0
1414,22/10/2016 , 03:30:00,0,0
1415,22/10/2016 , 03:45:00,0,0
1416,22/10/2016 , 04:00:00,0,0
1417,22/10/2016 , 04:15:00,0,0
1418,22/10/2016 , 04:30:00,0,0
1419,22/10/2016 , 04:45:00,0,0
1420,22/10/2016 , 05:00:00,0,0
1421,22/10/2016 , 05:15:00,0,0
1422,22/10/2016 , 05:30:00,0,0
1423,22/10/2016 , 05:45:00,0,0
1424,22/10/2016 , 06:00:00,0,0
1425,22/10/2016 , 06:15:00,0,0
1426,22/10/2016 , 06:30:00,0,0
1427,22/10/2016 , 06:45:00,2,2
1428,22/10/2016 , 07:00:00,10,10
1429,22/10/2016 , 07:15:00,33,33
1430,22/10/2016 , 07:30:00,31,31
1431,22/10/2016 , 07:45:00,45,45
1432,22/10/2016 , 08:00:00,48,48
1433,22/10/2016 , 08:15:00,86,86
1434,22/10/2016 , 08:30:00,68,68
1435,22/10/2016 , 08:45:00,103,103
1436,22/10/2016 , 09:00:00,116,116
1437,22/10/2016 , 09:15:00,169,169
1438,22/10/2016 , 09:30:00,136,136
1439,22/10/2016 , 09:45:00,186,186
1440,22/10/2016 , 10:00:00,225,225
1441,22/10/2016 , 10:15:00,258,258
1442,22/10/2016 , 10:30:00,280,280
1443,22/10/2016 , 10:45:00,299,299
1444,22/10/2016 , 11:00:00,322,322
1445,22/10/2016 , 11:15:00,350,350
1446,22/10/2016 , 11:30:00,326,326
1447,22/10/2016 , 11:45:00,262,262
1448,22/10/2016 , 12:00:00,309,309
1449,22/10/2016 , 12:15:00,282,282
1450,22/10/2016 , 12:30:00,351,351
1451,22/10/2016 , 12:45:00,240,240
1452,22/10/2016 , 13:00:00,318,318
1453,22/10/2016 , 13:15:00,297,297
1454,22/10/2016 , 13:30:00,244,244
1455,22/10/2016 , 13:45:00,223,223
1456,22/10/2016 , 14:00:00,249,249
1457,22/10/2016 , 14:15:00,255,255
1458,22/10/2016 , 14:30:00,294,294
1459,22/10/2016 , 14:45:00,307,307
1460,22/10/2016 , 15:00:00,270,270
1461,22/10/2016 , 15:15:00,326,326
1462,22/10/2016 , 15:30:00,188,188
1463,22/10/2016 , 15:45:00,194,194
1464,22/10/2016 , 16:00:00,227,227
1465,22/10/2016 , 16:15:00,115,115
1466,22/10/2016 , 16:30:00,79,79
1467,22/10/2016 , 16:45:00,64,64
1468,22/10/2016 , 17:00:00,41,41
1469,22/10/2016 , 17:15:00,30,30
1470,22/10/2016 , 17:30:00,26,26
1471,22/10/2016 , 17:45:00,15,15
1472,22/10/2016 , 18:00:00,7,7
1473,22/10/2016 , 18:15:00,1,1
1474,22/10/2016 , 18:30:00,0,0
1475,22/10/2016 , 18:45:00,0,0
1476,22/10/2016 , 19:00:00,0,0
1477,22/10/2016 , 19:15:00,0,0
1478,22/10/2016 , 19:30:00,0,0
1479,22/10/2016 , 19:45:00,0,0
1480,22/10/2016 , 20:00:00,0,0
1481,22/10/2016 , 20:15:00,0,0
1482,22/10/2016 , 20:30:00,0,0
1483,22/10/2016 , 20:45:00,0,0
1484,22/10/2016 , 21:00:00,0,0
1485,22/10/2016 , 21:15:00,0,0
1486,22/10/2016 , 21:30:00,0,0
1487,22/10/2016 , 21:45:00,0,0
1488,22/10/2016 , 22:00:00,0,0
1489,22/10/2016 , 22:15:00,0,0
1490,22/10/2016 , 22:30:00,0,0
1491,22/10/2016 , 22:45:00,0,0
1492,22/10/2016 , 23:00:00,0,0
1493,22/10/2016 , 23:15:00,0,0
1494,22/10/2016 , 23:30:00,0,0
1495,22/10/2016 , 23:45:00,0,0
1496,22/10/2016 , 24:00:00,0,0
1497,23/10/2016 , 00:15:00,0,0
1498,23/10/2016 , 00:30:00,0,0
1499,23/10/2016 , 00:45:00,0,0
1500,23/10/2016 , 01:00:00,0,0
1501,23/10/2016 , 01:15:00,0,0
1502,23/10/2016 , 01:30:00,0,0
1503,23/10/2016 , 01:45:00,0,0
1504,23/10/2016 , 02:00:00,0,0
1505,23/10/2016 , 02:15:00,0,0
1506,23/10/2016 , 02:30:00,0,0
1507,23/10/2016 , 02:45:00,0,0
1508,23/10/2016 , 03:00:00,0,0
1509,23/10/2016 , 03:15:00,0,0
1510,23/10/2016 , 03:30:00,0,0
1511,23/10/2016 , 03:45:00,0,0
1512,23/10/2016 , 04:00:00,0,0
1513,23/10/2016 , 04:15:00,0,0
1514,23/10/2016 , 04:30:00,0,0
1515,23/10/2016 , 04:45:00,0,0
1516,23/10/2016 , 05:00:00,0,0
1517,23/10/2016 , 05:15:00,0,0
1518,23/10/2016 , 05:30:00,0,0
1519,23/10/2016 , 05:45:00,0,0
1520,23/10/2016 , 06:00:00,0,0
1521,23/10/2016 , 06:15:00,0,0
1522,23/10/2016 , 06:30:00,0,0
1523,23/10/2016 , 06:45:00,1,1
1524,23/10/2016 , 07:00:00,6,6
1525,23/10/2016 , 07:15:00,16,16
1526,23/10/2016 , 07:30:00,22,22
1527,23/10/2016 , 07:45:00,36,36
1528,23/10/2016 , 08:00:00,53,53
1529,23/10/2016 , 08:15:00,70,70
1530,23/10/2016 , 08:30:00,87,87
1531,23/10/2016 , 08:45:00,111,111
1532,23/10/2016 , 09:00:00,135,135
1533,23/10/2016 , 09:15:00,154,154
1534,23/10/2016 , 09:30:00,177,177
1535,23/10/2016 , 09:45:00,201,201
1536,23/10/2016 , 10:00:00,225,225
1537,23/10/2016 , 10:15:00,169,169
1538,23/10/2016 , 10:30:00,190,190
1539,23/10/2016 , 10:45:00,188,188
1540,23/10/2016 , 11:00:00,236,236
1541,23/10/2016 , 11:15:00,227,227
1542,23/10/2016 , 11:30:00,268,268
1543,23/10/2016 , 11:45:00,312,312
1544,23/10/2016 , 12:00:00,344,344
1545,23/10/2016 , 12:15:00,773,773
1546,23/10/2016 , 12:30:00,798,798
1547,23/10/2016 , 12:45:00,655,655
1548,23/10/2016 , 13:00:00,919,919
1549,23/10/2016 , 13:15:00,873,873
1550,23/10/2016 , 13:30:00,747,747
1551,23/10/2016 , 13:45:00,566,566
1552,23/10/2016 , 14:00:00,613,613
1553,23/10/2016 , 14:15:00,593,593
1554,23/10/2016 , 14:30:00,590,590
1555,23/10/2016 , 14:45:00,608,608
1556,23/10/2016 , 15:00:00,600,600
1557,23/10/2016 , 15:15:00,501,501
1558,23/10/2016 , 15:30:00,505,505
1559,23/10/2016 , 15:45:00,461,461
1560,23/10/2016 , 16:00:00,404,404
1561,23/10/2016 , 16:15:00,334,334
1562,23/10/2016 , 16:30:00,235,235
1563,23/10/2016 , 16:45:00,252,252
1564,23/10/2016 , 17:00:00,79,79
1565,23/10/2016 , 17:15:00,54,54
1566,23/10/2016 , 17:30:00,43,43
1567,23/10/2016 , 17:45:00,27,27
1568,23/10/2016 , 18:00:00,7,7
1569,23/10/2016 , 18:15:00,1,1
1570,23/10/2016 , 18:30:00,0,0
1571,23/10/2016 , 18:45:00,0,0
1572,23/10/2016 , 19:00:00,0,0
1573,23/10/2016 , 19:15:00,0,0
1574,23/10/2016 , 19:30:00,0,0
1575,23/10/2016 , 19:45:00,0,0
1576,23/10/2016 , 20:00:00,0,0
1577,23/10/2016 , 20:15:00,0,0
1578,23/10/2016 , 20:30:00,0,0
1579,23/10/2016 , 20:45:00,0,0
1580,23/10/2016 , 21:00:00,0,0
1581,23/10/2016 , 21:15:00,0,0
1582,23/10/2016 , 21:30:00,0,0
1583,23/10/2016 , 21:45:00,0,0
1584,23/10/2016 , 22:00:00,0,0
1585,23/10/2016 , 22:15:00,0,0
1586,23/10/2016 , 22:30:00,0,0
1587,23/10/2016 , 22:45:00,0,0
1588,23/10/2016 , 23:00:00,0,0
1589,23/10/2016 , 23:15:00,0,0
1590,23/10/2016 , 23:30:00,0,0
1591,23/10/2016 , 23:45:00,0,0
1592,23/10/2016 , 24:00:00,0,0
1593,24/10/2016 , 00:15:00,0,0
1594,24/10/2016 , 00:30:00,0,0
1595,24/10/2016 , 00:45:00,0,0
1596,24/10/2016 , 01:00:00,0,0
1597,24/10/2016 , 01:15:00,0,0
1598,24/10/2016 , 01:30:00,0,0
1599,24/10/2016 , 01:45:00,0,0
1600,24/10/2016 , 02:00:00,0,0
1601,24/10/2016 , 02:15:00,0,0
1602,24/10/2016 , 02:30:00,0,0
1603,24/10/2016 , 02:45:00,0,0
1604,24/10/2016 , 03:00:00,0,0
1605,24/10/2016 , 03:15:00,0,0
1606,24/10/2016 , 03:30:00,0,0
1607,24/10/2016 , 03:45:00,0,0
1608,24/10/2016 , 04:00:00,0,0
1609,24/10/2016 , 04:15:00,0,0
1610,24/10/2016 , 04:30:00,0,0
1611,24/10/2016 , 04:45:00,0,0
1612,24/10/2016 , 05:00:00,0,0
1613,24/10/2016 , 05:15:00,0,0
1614,24/10/2016 , 05:30:00,0,0
1615,24/10/2016 , 05:45:00,0,0
1616,24/10/2016 , 06:00:00,0,0
1617,24/10/2016 , 06:15:00,0,0
1618,24/10/2016 , 06:30:00,0,0
1619,24/10/2016 , 06:45:00,4,4
1620,24/10/2016 , 07:00:00,14,14
1621,24/10/2016 , 07:15:00,25,25
1622,24/10/2016 , 07:30:00,22,22
1623,24/10/2016 , 07:45:00,26,26
1624,24/10/2016 , 08:00:00,53,53
1625,24/10/2016 , 08:15:00,52,52
1626,24/10/2016 , 08:30:00,48,48
1627,24/10/2016 , 08:45:00,88,88
1628,24/10/2016 , 09:00:00,180,180
1629,24/10/2016 , 09:15:00,132,132
1630,24/10/2016 , 09:30:00,134,134
1631,24/10/2016 , 09:45:00,124,124
1632,24/10/2016 , 10:00:00,97,97
1633,24/10/2016 , 10:15:00,102,102
1634,24/10/2016 , 10:30:00,130,130
1635,24/10/2016 , 10:45:00,306,306
1636,24/10/2016 , 11:00:00,216,216
1637,24/10/2016 , 11:15:00,256,256
1638,24/10/2016 , 11:30:00,226,226
1639,24/10/2016 , 11:45:00,154,154
1640,24/10/2016 , 12:00:00,291,291
1641,24/10/2016 , 12:15:00,166,166
1642,24/10/2016 , 12:30:00,194,194
1643,24/10/2016 , 12:45:00,149,149
1644,24/10/2016 , 13:00:00,117,117
1645,24/10/2016 , 13:15:00,135,135
1646,24/10/2016 , 13:30:00,142,142
1647,24/10/2016 , 13:45:00,148,148
1648,24/10/2016 , 14:00:00,172,172
1649,24/10/2016 , 14:15:00,151,151
1650,24/10/2016 , 14:30:00,195,195
1651,24/10/2016 , 14:45:00,190,190
1652,24/10/2016 , 15:00:00,183,183
1653,24/10/2016 , 15:15:00,167,167
1654,24/10/2016 , 15:30:00,137,137
1655,24/10/2016 , 15:45:00,112,112
1656,24/10/2016 , 16:00:00,101,101
1657,24/10/2016 , 16:15:00,85,85
1658,24/10/2016 , 16:30:00,54,54
1659,24/10/2016 , 16:45:00,47,47
1660,24/10/2016 , 17:00:00,39,39
1661,24/10/2016 , 17:15:00,31,31
1662,24/10/2016 , 17:30:00,29,29
1663,24/10/2016 , 17:45:00,21,21
1664,24/10/2016 , 18:00:00,9,9
1665,24/10/2016 , 18:15:00,1,1
1666,24/10/2016 , 18:30:00,0,0
1667,24/10/2016 , 18:45:00,0,0
1668,24/10/2016 , 19:00:00,0,0
1669,24/10/2016 , 19:15:00,0,0
1670,24/10/2016 , 19:30:00,0,0
1671,24/10/2016 , 19:45:00,0,0
1672,24/10/2016 , 20:00:00,0,0
1673,24/10/2016 , 20:15:00,0,0
1674,24/10/2016 , 20:30:00,0,0
1675,24/10/2016 , 20:45:00,0,0
1676,24/10/2016 , 21:00:00,0,0
1677,24/10/2016 , 21:15:00,0,0
1678,24/10/2016 , 21:30:00,0,0
1679,24/10/2016 , 21:45:00,0,0
1680,24/10/2016 , 22:00:00,0,0
1681,24/10/2016 , 22:15:00,0,0
1682,24/10/2016 , 22:30:00,0,0
1683,24/10/2016 , 22:45:00,0,0
1684,24/10/2016 , 23:00:00,0,0
1685,24/10/2016 , 23:15:00,0,0
1686,24/10/2016 , 23:30:00,0,0
1687,24/10/2016 , 23:45:00,0,0
1688,24/10/2016 , 24:00:00,0,0
1689,25/10/2016 , 00:15:00,0,0
1690,25/10/2016 , 00:30:00,0,0
1691,25/10/2016 , 00:45:00,0,0
1692,25/10/2016 , 01:00:00,0,0
1693,25/10/2016 , 01:15:00,0,0
1694,25/10/2016 , 01:30:00,0,0
1695,25/10/2016 , 01:45:00,0,0
1696,25/10/2016 , 02:00:00,0,0
1697,25/10/2016 , 02:15:00,0,0
1698,25/10/2016 , 02:30:00,0,0
1699,25/10/2016 , 02:45:00,0,0
1700,25/10/2016 , 03:00:00,0,0
1701,25/10/2016 , 03:15:00,0,0
1702,25/10/2016 , 03:30:00,0,0
1703,25/10/2016 , 03:45:00,0,0
1704,25/10/2016 , 04:00:00,0,0
1705,25/10/2016 , 04:15:00,0,0
1706,25/10/2016 , 04:30:00,0,0
1707,25/10/2016 , 04:45:00,0,0
1708,25/10/2016 , 05:00:00,0,0
1709,25/10/2016 , 05:15:00,0,0
1710,25/10/2016 , 05:30:00,0,0
1711,25/10/2016 , 05:45:00,0,0
1712,25/10/2016 , 06:00:00,0,0
1713,25/10/2016 , 06:15:00,0,0
1714,25/10/2016 , 06:30:00,0,0
1715,25/10/2016 , 06:45:00,2,2
1716,25/10/2016 , 07:00:00,13,13
1717,25/10/2016 , 07:15:00,22,22
1718,25/10/2016 , 07:30:00,28,28
1719,25/10/2016 , 07:45:00,39,39
1720,25/10/2016 , 08:00:00,50,50
1721,25/10/2016 , 08:15:00,63,63
1722,25/10/2016 , 08:30:00,78,78
1723,25/10/2016 , 08:45:00,90,90
1724,25/10/2016 , 09:00:00,121,121
1725,25/10/2016 , 09:15:00,148,148
1726,25/10/2016 , 09:30:00,166,166
1727,25/10/2016 , 09:45:00,195,195
1728,25/10/2016 , 10:00:00,225,225
1729,25/10/2016 , 10:15:00,262,262
1730,25/10/2016 , 10:30:00,288,288
1731,25/10/2016 , 10:45:00,255,255
1732,25/10/2016 , 11:00:00,347,347
1733,25/10/2016 , 11:15:00,376,376
1734,25/10/2016 , 11:30:00,400,400
1735,25/10/2016 , 11:45:00,371,371
1736,25/10/2016 , 12:00:00,432,432
1737,25/10/2016 , 12:15:00,496,496
1738,25/10/2016 , 12:30:00,481,481
1739,25/10/2016 , 12:45:00,527,527
1740,25/10/2016 , 13:00:00,484,484
1741,25/10/2016 , 13:15:00,407,407
1742,25/10/2016 , 13:30:00,476,476
1743,25/10/2016 , 13:45:00,484,484
1744,25/10/2016 , 14:00:00,384,384
1745,25/10/2016 , 14:15:00,434,434
1746,25/10/2016 , 14:30:00,421,421
1747,25/10/2016 , 14:45:00,276,276
1748,25/10/2016 , 15:00:00,362,362
1749,25/10/2016 , 15:15:00,303,303
1750,25/10/2016 , 15:30:00,224,224
1751,25/10/2016 , 15:45:00,163,163
1752,25/10/2016 , 16:00:00,157,157
1753,25/10/2016 , 16:15:00,102,102
1754,25/10/2016 , 16:30:00,70,70
1755,25/10/2016 , 16:45:00,49,49
1756,25/10/2016 , 17:00:00,42,42
1757,25/10/2016 , 17:15:00,35,35
1758,25/10/2016 , 17:30:00,22,22
1759,25/10/2016 , 17:45:00,11,11
1760,25/10/2016 , 18:00:00,4,4
1761,25/10/2016 , 18:15:00,1,1
1762,25/10/2016 , 18:30:00,0,0
1763,25/10/2016 , 18:45:00,0,0
1764,25/10/2016 , 19:00:00,0,0
1765,25/10/2016 , 19:15:00,0,0
1766,25/10/2016 , 19:30:00,0,0
1767,25/10/2016 , 19:45:00,0,0
1768,25/10/2016 , 20:00:00,0,0
1769,25/10/2016 , 20:15:00,0,0
1770,25/10/2016 , 20:30:00,0,0
1771,25/10/2016 , 20:45:00,0,0
1772,25/10/2016 , 21:00:00,0,0
1773,25/10/2016 , 21:15:00,0,0
1774,25/10/2016 , 21:30:00,0,0
1775,25/10/2016 , 21:45:00,0,0
1776,25/10/2016 , 22:00:00,0,0
1777,25/10/2016 , 22:15:00,0,0
1778,25/10/2016 , 22:30:00,0,0
1779,25/10/2016 , 22:45:00,0,0
1780,25/10/2016 , 23:00:00,0,0
1781,25/10/2016 , 23:15:00,0,0
1782,25/10/2016 , 23:30:00,0,0
1783,25/10/2016 , 23:45:00,0,0
1784,25/10/2016 , 24:00:00,0,0
1785,26/10/2016 , 00:15:00,0,0
1786,26/10/2016 , 00:30:00,0,0
1787,26/10/2016 , 00:45:00,0,0
1788,26/10/2016 , 01:00:00,0,0
1789,26/10/2016 , 01:15:00,0,0
1790,26/10/2016 , 01:30:00,0,0
1791,26/10/2016 , 01:45:00,0,0
1792,26/10/2016 , 02:00:00,0,0
1793,26/10/2016 , 02:15:00,0,0
1794,26/10/2016 , 02:30:00,0,0
1795,26/10/2016 , 02:45:00,0,0
1796,26/10/2016 , 03:00:00,0,0
1797,26/10/2016 , 03:15:00,0,0
1798,26/10/2016 , 03:30:00,0,0
1799,26/10/2016 , 03:45:00,0,0
1800,26/10/2016 , 04:00:00,0,0
1801,26/10/2016 , 04:15:00,0,0
1802,26/10/2016 , 04:30:00,0,0
1803,26/10/2016 , 04:45:00,0,0
1804,26/10/2016 , 05:00:00,0,0
1805,26/10/2016 , 05:15:00,0,0
1806,26/10/2016 , 05:30:00,0,0
1807,26/10/2016 , 05:45:00,0,0
1808,26/10/2016 , 06:00:00,0,0
1809,26/10/2016 , 06:15:00,0,0
1810,26/10/2016 , 06:30:00,0,0
1811,26/10/2016 , 06:45:00,0,0
1812,26/10/2016 , 07:00:00,10,10
1813,26/10/2016 , 07:15:00,25,25
1814,26/10/2016 , 07:30:00,22,22
1815,26/10/2016 , 07:45:00,26,26
1816,26/10/2016 , 08:00:00,23,23
1817,26/10/2016 , 08:15:00,45,45
1818,26/10/2016 , 08:30:00,74,74
1819,26/10/2016 , 08:45:00,73,73
1820,26/10/2016 , 09:00:00,94,94
1821,26/10/2016 , 09:15:00,144,144
1822,26/10/2016 , 09:30:00,146,146
1823,26/10/2016 , 09:45:00,83,83
1824,26/10/2016 , 10:00:00,145,145
1825,26/10/2016 , 10:15:00,177,177
1826,26/10/2016 , 10:30:00,163,163
1827,26/10/2016 , 10:45:00,166,166
1828,26/10/2016 , 11:00:00,113,113
1829,26/10/2016 , 11:15:00,240,240
1830,26/10/2016 , 11:30:00,128,128
1831,26/10/2016 , 11:45:00,192,192
1832,26/10/2016 , 12:00:00,150,150
1833,26/10/2016 , 12:15:00,273,273
1834,26/10/2016 , 12:30:00,200,200
1835,26/10/2016 , 12:45:00,109,109
1836,26/10/2016 , 13:00:00,76,76
1837,26/10/2016 , 13:15:00,89,89
1838,26/10/2016 , 13:30:00,91,91
1839,26/10/2016 , 13:45:00,121,121
1840,26/10/2016 , 14:00:00,104,104
1841,26/10/2016 , 14:15:00,99,99
1842,26/10/2016 , 14:30:00,67,67
1843,26/10/2016 , 14:45:00,63,63
1844,26/10/2016 , 15:00:00,132,132
1845,26/10/2016 , 15:15:00,154,154
1846,26/10/2016 , 15:30:00,112,112
1847,26/10/2016 , 15:45:00,87,87
1848,26/10/2016 , 16:00:00,62,62
1849,26/10/2016 , 16:15:00,28,28
1850,26/10/2016 , 16:30:00,22,22
1851,26/10/2016 , 16:45:00,14,14
1852,26/10/2016 , 17:00:00,18,18
1853,26/10/2016 , 17:15:00,5,5
1854,26/10/2016 , 17:30:00,5,5
1855,26/10/2016 , 17:45:00,1,1
1856,26/10/2016 , 18:00:00,0,0
1857,26/10/2016 , 18:15:00,0,0
1858,26/10/2016 , 18:30:00,0,0
1859,26/10/2016 , 18:45:00,0,0
1860,26/10/2016 , 19:00:00,0,0
1861,26/10/2016 , 19:15:00,0,0
1862,26/10/2016 , 19:30:00,0,0
1863,26/10/2016 , 19:45:00,0,0
1864,26/10/2016 , 20:00:00,0,0
1865,26/10/2016 , 20:15:00,0,0
1866,26/10/2016 , 20:30:00,0,0
1867,26/10/2016 , 20:45:00,0,0
1868,26/10/2016 , 21:00:00,0,0
1869,26/10/2016 , 21:15:00,0,0
1870,26/10/2016 , 21:30:00,0,0
1871,26/10/2016 , 21:45:00,0,0
1872,26/10/2016 , 22:00:00,0,0
1873,26/10/2016 , 22:15:00,0,0
1874,26/10/2016 , 22:30:00,0,0
1875,26/10/2016 , 22:45:00,0,0
1876,26/10/2016 , 23:00:00,0,0
1877,26/10/2016 , 23:15:00,0,0
1878,26/10/2016 , 23:30:00,0,0
1879,26/10/2016 , 23:45:00,0,0
1880,26/10/2016 , 24:00:00,0,0
1881,27/10/2016 , 00:15:00,0,0
1882,27/10/2016 , 00:30:00,0,0
1883,27/10/2016 , 00:45:00,0,0
1884,27/10/2016 , 01:00:00,0,0
1885,27/10/2016 , 01:15:00,0,0
1886,27/10/2016 , 01:30:00,0,0
1887,27/10/2016 , 01:45:00,0,0
1888,27/10/2016 , 02:00:00,0,0
1889,27/10/2016 , 02:15:00,0,0
1890,27/10/2016 , 02:30:00,0,0
1891,27/10/2016 , 02:45:00,0,0
1892,27/10/2016 , 03:00:00,0,0
1893,27/10/2016 , 03:15:00,0,0
1894,27/10/2016 , 03:30:00,0,0
1895,27/10/2016 , 03:45:00,0,0
1896,27/10/2016 , 04:00:00,0,0
1897,27/10/2016 , 04:15:00,0,0
1898,27/10/2016 , 04:30:00,0,0
1899,27/10/2016 , 04:45:00,0,0
1900,27/10/2016 , 05:00:00,0,0
1901,27/10/2016 , 05:15:00,0,0
1902,27/10/2016 , 05:30:00,0,0
1903,27/10/2016 , 05:45:00,0,0
1904,27/10/2016 , 06:00:00,0,0
1905,27/10/2016 , 06:15:00,0,0
1906,27/10/2016 , 06:30:00,0,0
1907,27/10/2016 , 06:45:00,0,0
1908,27/10/2016 , 07:00:00,1,1
1909,27/10/2016 , 07:15:00,5,5
1910,27/10/2016 , 07:30:00,11,11
1911,27/10/2016 , 07:45:00,17,17
1912,27/10/2016 , 08:00:00,21,21
1913,27/10/2016 , 08:15:00,18,18
1914,27/10/2016 , 08:30:00,25,25
1915,27/10/2016 , 08:45:00,38,38
1916,27/10/2016 , 09:00:00,45,45
1917,27/10/2016 , 09:15:00,38,38
1918,27/10/2016 , 09:30:00,39,39
1919,27/10/2016 , 09:45:00,35,35
1920,27/10/2016 , 10:00:00,41,41
1921,27/10/2016 , 10:15:00,35,35
1922,27/10/2016 , 10:30:00,40,40
1923,27/10/2016 , 10:45:00,34,34
1924,27/10/2016 , 11:00:00,42,42
1925,27/10/2016 , 11:15:00,31,31
1926,27/10/2016 , 11:30:00,32,32
1927,27/10/2016 , 11:45:00,65,65
1928,27/10/2016 , 12:00:00,70,70
1929,27/10/2016 , 12:15:00,46,46
1930,27/10/2016 , 12:30:00,46,46
1931,27/10/2016 , 12:45:00,56,56
1932,27/10/2016 , 13:00:00,74,74
1933,27/10/2016 , 13:15:00,56,56
1934,27/10/2016 , 13:30:00,24,24
1935,27/10/2016 , 13:45:00,29,29
1936,27/10/2016 , 14:00:00,35,35
1937,27/10/2016 , 14:15:00,28,28
1938,27/10/2016 , 14:30:00,36,36
1939,27/10/2016 , 14:45:00,42,42
1940,27/10/2016 , 15:00:00,54,54
1941,27/10/2016 , 15:15:00,42,42
1942,27/10/2016 , 15:30:00,59,59
1943,27/10/2016 , 15:45:00,56,56
1944,27/10/2016 , 16:00:00,45,45
1945,27/10/2016 , 16:15:00,22,22
1946,27/10/2016 , 16:30:00,27,27
1947,27/10/2016 , 16:45:00,26,26
1948,27/10/2016 , 17:00:00,32,32
1949,27/10/2016 , 17:15:00,60,60
1950,27/10/2016 , 17:30:00,39,39
1951,27/10/2016 , 17:45:00,19,19
1952,27/10/2016 , 18:00:00,7,7
1953,27/10/2016 , 18:15:00,0,0
1954,27/10/2016 , 18:30:00,0,0
1955,27/10/2016 , 18:45:00,0,0
1956,27/10/2016 , 19:00:00,0,0
1957,27/10/2016 , 19:15:00,0,0
1958,27/10/2016 , 19:30:00,0,0
1959,27/10/2016 , 19:45:00,0,0
1960,27/10/2016 , 20:00:00,0,0
1961,27/10/2016 , 20:15:00,0,0
1962,27/10/2016 , 20:30:00,0,0
1963,27/10/2016 , 20:45:00,0,0
1964,27/10/2016 , 21:00:00,0,0
1965,27/10/2016 , 21:15:00,0,0
1966,27/10/2016 , 21:30:00,0,0
1967,27/10/2016 , 21:45:00,0,0
1968,27/10/2016 , 22:00:00,0,0
1969,27/10/2016 , 22:15:00,0,0
1970,27/10/2016 , 22:30:00,0,0
1971,27/10/2016 , 22:45:00,0,0
1972,27/10/2016 , 23:00:00,0,0
1973,27/10/2016 , 23:15:00,0,0
1974,27/10/2016 , 23:30:00,0,0
1975,27/10/2016 , 23:45:00,0,0
1976,27/10/2016 , 24:00:00,0,0
1977,28/10/2016 , 00:15:00,0,0
1978,28/10/2016 , 00:30:00,0,0
1979,28/10/2016 , 00:45:00,0,0
1980,28/10/2016 , 01:00:00,0,0
1981,28/10/2016 , 01:15:00,0,0
1982,28/10/2016 , 01:30:00,0,0
1983,28/10/2016 , 01:45:00,0,0
1984,28/10/2016 , 02:00:00,0,0
1985,28/10/2016 , 02:15:00,0,0
1986,28/10/2016 , 02:30:00,0,0
1987,28/10/2016 , 02:45:00,0,0
1988,28/10/2016 , 03:00:00,0,0
1989,28/10/2016 , 03:15:00,0,0
1990,28/10/2016 , 03:30:00,0,0
1991,28/10/2016 , 03:45:00,0,0
1992,28/10/2016 , 04:00:00,0,0
1993,28/10/2016 , 04:15:00,0,0
1994,28/10/2016 , 04:30:00,0,0
1995,28/10/2016 , 04:45:00,0,0
1996,28/10/2016 , 05:00:00,0,0
1997,28/10/2016 , 05:15:00,0,0
1998,28/10/2016 , 05:30:00,0,0
1999,28/10/2016 , 05:45:00,0,0
2000,28/10/2016 , 06:00:00,0,0
2001,28/10/2016 , 06:15:00,0,0
2002,28/10/2016 , 06:30:00,0,0
2003,28/10/2016 , 06:45:00,1,1
2004,28/10/2016 , 07:00:00,14,14
2005,28/10/2016 , 07:15:00,33,33
2006,28/10/2016 , 07:30:00,53,53
2007,28/10/2016 , 07:45:00,102,102
2008,28/10/2016 , 08:00:00,159,159
2009,28/10/2016 , 08:15:00,136,136
2010,28/10/2016 , 08:30:00,163,163
2011,28/10/2016 , 08:45:00,233,233
2012,28/10/2016 , 09:00:00,294,294
2013,28/10/2016 , 09:15:00,394,394
2014,28/10/2016 , 09:30:00,479,479
2015,28/10/2016 , 09:45:00,462,462
2016,28/10/2016 , 10:00:00,429,429
2017,28/10/2016 , 10:15:00,529,529
2018,28/10/2016 , 10:30:00,764,764
2019,28/10/2016 , 10:45:00,803,803
2020,28/10/2016 , 11:00:00,750,750
2021,28/10/2016 , 11:15:00,899,899
2022,28/10/2016 , 11:30:00,721,721
2023,28/10/2016 , 11:45:00,1061,1061
2024,28/10/2016 , 12:00:00,912,912
2025,28/10/2016 , 12:15:00,466,466
2026,28/10/2016 , 12:30:00,658,658
2027,28/10/2016 , 12:45:00,695,695
2028,28/10/2016 , 13:00:00,721,721
2029,28/10/2016 , 13:15:00,638,638
2030,28/10/2016 , 13:30:00,565,565
2031,28/10/2016 , 13:45:00,312,312
2032,28/10/2016 , 14:00:00,353,353
2033,28/10/2016 , 14:15:00,377,377
2034,28/10/2016 , 14:30:00,122,122
2035,28/10/2016 , 14:45:00,197,197
2036,28/10/2016 , 15:00:00,167,167
2037,28/10/2016 , 15:15:00,129,129
2038,28/10/2016 , 15:30:00,117,117
2039,28/10/2016 , 15:45:00,86,86
2040,28/10/2016 , 16:00:00,67,67
2041,28/10/2016 , 16:15:00,70,70
2042,28/10/2016 , 16:30:00,52,52
2043,28/10/2016 , 16:45:00,45,45
2044,28/10/2016 , 17:00:00,30,30
2045,28/10/2016 , 17:15:00,23,23
2046,28/10/2016 , 17:30:00,14,14
2047,28/10/2016 , 17:45:00,8,8
2048,28/10/2016 , 18:00:00,3,3
2049,28/10/2016 , 18:15:00,0,0
2050,28/10/2016 , 18:30:00,0,0
2051,28/10/2016 , 18:45:00,0,0
2052,28/10/2016 , 19:00:00,0,0
2053,28/10/2016 , 19:15:00,0,0
2054,28/10/2016 , 19:30:00,0,0
2055,28/10/2016 , 19:45:00,0,0
2056,28/10/2016 , 20:00:00,0,0
2057,28/10/2016 , 20:15:00,0,0
2058,28/10/2016 , 20:30:00,0,0
2059,28/10/2016 , 20:45:00,0,0
2060,28/10/2016 , 21:00:00,0,0
2061,28/10/2016 , 21:15:00,0,0
2062,28/10/2016 , 21:30:00,0,0
2063,28/10/2016 , 21:45:00,0,0
2064,28/10/2016 , 22:00:00,0,0
2065,28/10/2016 , 22:15:00,0,0
2066,28/10/2016 , 22:30:00,0,0
2067,28/10/2016 , 22:45:00,0,0
2068,28/10/2016 , 23:00:00,0,0
2069,28/10/2016 , 23:15:00,0,0
2070,28/10/2016 , 23:30:00,0,0
2071,28/10/2016 , 23:45:00,0,0
2072,28/10/2016 , 24:00:00,0,0
2073,29/10/2016 , 00:15:00,0,0
2074,29/10/2016 , 00:30:00,0,0
2075,29/10/2016 , 00:45:00,0,0
2076,29/10/2016 , 01:00:00,0,0
2077,29/10/2016 , 01:15:00,0,0
2078,29/10/2016 , 01:30:00,0,0
2079,29/10/2016 , 01:45:00,0,0
2080,29/10/2016 , 02:00:00,0,0
2081,29/10/2016 , 02:15:00,0,0
2082,29/10/2016 , 02:30:00,0,0
2083,29/10/2016 , 02:45:00,0,0
2084,29/10/2016 , 03:00:00,0,0
2085,29/10/2016 , 03:15:00,0,0
2086,29/10/2016 , 03:30:00,0,0
2087,29/10/2016 , 03:45:00,0,0
2088,29/10/2016 , 04:00:00,0,0
2089,29/10/2016 , 04:15:00,0,0
2090,29/10/2016 , 04:30:00,0,0
2091,29/10/2016 , 04:45:00,0,0
2092,29/10/2016 , 05:00:00,0,0
2093,29/10/2016 , 05:15:00,0,0
2094,29/10/2016 , 05:30:00,0,0
2095,29/10/2016 , 05:45:00,0,0
2096,29/10/2016 , 06:00:00,0,0
2097,29/10/2016 , 06:15:00,0,0
2098,29/10/2016 , 06:30:00,0,0
2099,29/10/2016 , 06:45:00,0,0
2100,29/10/2016 , 07:00:00,9,9
2101,29/10/2016 , 07:15:00,19,19
2102,29/10/2016 , 07:30:00,26,26
2103,29/10/2016 , 07:45:00,62,62
2104,29/10/2016 , 08:00:00,85,85
2105,29/10/2016 , 08:15:00,112,112
2106,29/10/2016 , 08:30:00,104,104
2107,29/10/2016 , 08:45:00,149,149
2108,29/10/2016 , 09:00:00,146,146
2109,29/10/2016 , 09:15:00,117,117
2110,29/10/2016 , 09:30:00,141,141
2111,29/10/2016 , 09:45:00,169,169
2112,29/10/2016 , 10:00:00,219,219
2113,29/10/2016 , 10:15:00,143,143
2114,29/10/2016 , 10:30:00,155,155
2115,29/10/2016 , 10:45:00,245,245
2116,29/10/2016 , 11:00:00,250,250
2117,29/10/2016 , 11:15:00,253,253
2118,29/10/2016 , 11:30:00,205,205
2119,29/10/2016 , 11:45:00,367,367
2120,29/10/2016 , 12:00:00,395,395
2121,29/10/2016 , 12:15:00,419,419
2122,29/10/2016 , 12:30:00,314,314
2123,29/10/2016 , 12:45:00,178,178
2124,29/10/2016 , 13:00:00,637,637
2125,29/10/2016 , 13:15:00,421,421
2126,29/10/2016 , 13:30:00,397,397
2127,29/10/2016 , 13:45:00,319,319
2128,29/10/2016 , 14:00:00,499,499
2129,29/10/2016 , 14:15:00,274,274
2130,29/10/2016 , 14:30:00,185,185
2131,29/10/2016 , 14:45:00,234,234
2132,29/10/2016 , 15:00:00,142,142
2133,29/10/2016 , 15:15:00,99,99
2134,29/10/2016 , 15:30:00,123,123
2135,29/10/2016 , 15:45:00,110,110
2136,29/10/2016 , 16:00:00,88,88
2137,29/10/2016 , 16:15:00,49,49
2138,29/10/2016 , 16:30:00,32,32
2139,29/10/2016 , 16:45:00,22,22
2140,29/10/2016 , 17:00:00,27,27
2141,29/10/2016 , 17:15:00,14,14
2142,29/10/2016 , 17:30:00,8,8
2143,29/10/2016 , 17:45:00,5,5
2144,29/10/2016 , 18:00:00,1,1
2145,29/10/2016 , 18:15:00,0,0
2146,29/10/2016 , 18:30:00,0,0
2147,29/10/2016 , 18:45:00,0,0
2148,29/10/2016 , 19:00:00,0,0
2149,29/10/2016 , 19:15:00,0,0
2150,29/10/2016 , 19:30:00,0,0
2151,29/10/2016 , 19:45:00,0,0
2152,29/10/2016 , 20:00:00,0,0
2153,29/10/2016 , 20:15:00,0,0
2154,29/10/2016 , 20:30:00,0,0
2155,29/10/2016 , 20:45:00,0,0
2156,29/10/2016 , 21:00:00,0,0
2157,29/10/2016 , 21:15:00,0,0
2158,29/10/2016 , 21:30:00,0,0
2159,29/10/2016 , 21:45:00,0,0
2160,29/10/2016 , 22:00:00,0,0
2161,29/10/2016 , 22:15:00,0,0
2162,29/10/2016 , 22:30:00,0,0
2163,29/10/2016 , 22:45:00,0,0
2164,29/10/2016 , 23:00:00,0,0
2165,29/10/2016 , 23:15:00,0,0
2166,29/10/2016 , 23:30:00,0,0
2167,29/10/2016 , 23:45:00,0,0
2168,29/10/2016 , 24:00:00,0,0
2169,30/10/2016 , 00:15:00,0,0
2170,30/10/2016 , 00:30:00,0,0
2171,30/10/2016 , 00:45:00,0,0
2172,30/10/2016 , 01:00:00,0,0
2173,30/10/2016 , 01:15:00,0,0
2174,30/10/2016 , 01:30:00,0,0
2175,30/10/2016 , 01:45:00,0,0
2176,30/10/2016 , 02:00:00,0,0
2177,30/10/2016 , 02:15:00,0,0
2178,30/10/2016 , 02:30:00,0,0
2179,30/10/2016 , 02:45:00,0,0
2180,30/10/2016 , 03:00:00,0,0
2181,30/10/2016 , 03:15:00,0,0
2182,30/10/2016 , 03:30:00,0,0
2183,30/10/2016 , 03:45:00,0,0
2184,30/10/2016 , 04:00:00,0,0
2185,30/10/2016 , 04:15:00,0,0
2186,30/10/2016 , 04:30:00,0,0
2187,30/10/2016 , 04:45:00,0,0
2188,30/10/2016 , 05:00:00,0,0
2189,30/10/2016 , 05:15:00,0,0
2190,30/10/2016 , 05:30:00,0,0
2191,30/10/2016 , 05:45:00,0,0
2192,30/10/2016 , 06:00:00,0,0
2193,30/10/2016 , 06:15:00,0,0
2194,30/10/2016 , 06:30:00,0,0
2195,30/10/2016 , 06:45:00,0,0
2196,30/10/2016 , 07:00:00,1,1
2197,30/10/2016 , 07:15:00,4,4
2198,30/10/2016 , 07:30:00,6,6
2199,30/10/2016 , 07:45:00,13,13
2200,30/10/2016 , 08:00:00,18,18
2201,30/10/2016 , 08:15:00,55,55
2202,30/10/2016 , 08:30:00,44,44
2203,30/10/2016 , 08:45:00,68,68
2204,30/10/2016 , 09:00:00,73,73
2205,30/10/2016 , 09:15:00,81,81
2206,30/10/2016 , 09:30:00,92,92
2207,30/10/2016 , 09:45:00,107,107
2208,30/10/2016 , 10:00:00,92,92
2209,30/10/2016 , 10:15:00,90,90
2210,30/10/2016 , 10:30:00,84,84
2211,30/10/2016 , 10:45:00,117,117
2212,30/10/2016 , 11:00:00,150,150
2213,30/10/2016 , 11:15:00,159,159
2214,30/10/2016 , 11:30:00,123,123
2215,30/10/2016 , 11:45:00,124,124
2216,30/10/2016 , 12:00:00,82,82
2217,30/10/2016 , 12:15:00,93,93
2218,30/10/2016 , 12:30:00,127,127
2219,30/10/2016 , 12:45:00,128,128
2220,30/10/2016 , 13:00:00,101,101
2221,30/10/2016 , 13:15:00,58,58
2222,30/10/2016 , 13:30:00,208,208
2223,30/10/2016 , 13:45:00,196,196
2224,30/10/2016 , 14:00:00,116,116
2225,30/10/2016 , 14:15:00,140,140
2226,30/10/2016 , 14:30:00,76,76
2227,30/10/2016 , 14:45:00,91,91
2228,30/10/2016 , 15:00:00,44,44
2229,30/10/2016 , 15:15:00,66,66
2230,30/10/2016 , 15:30:00,38,38
2231,30/10/2016 , 15:45:00,49,49
2232,30/10/2016 , 16:00:00,19,19
2233,30/10/2016 , 16:15:00,33,33
2234,30/10/2016 , 16:30:00,14,14
2235,30/10/2016 , 16:45:00,11,11
2236,30/10/2016 , 17:00:00,6,6
2237,30/10/2016 , 17:15:00,4,4
2238,30/10/2016 , 17:30:00,2,2
2239,30/10/2016 , 17:45:00,1,1
2240,30/10/2016 , 18:00:00,0,0
2241,30/10/2016 , 18:15:00,0,0
2242,30/10/2016 , 18:30:00,0,0
2243,30/10/2016 , 18:45:00,0,0
2244,30/10/2016 , 19:00:00,0,0
2245,30/10/2016 , 19:15:00,0,0
2246,30/10/2016 , 19:30:00,0,0
2247,30/10/2016 , 19:45:00,0,0
2248,30/10/2016 , 20:00:00,0,0
2249,30/10/2016 , 20:15:00,0,0
2250,30/10/2016 , 20:30:00,0,0
2251,30/10/2016 , 20:45:00,0,0
2252,30/10/2016 , 21:00:00,0,0
2253,30/10/2016 , 21:15:00,0,0
2254,30/10/2016 , 21:30:00,0,0
2255,30/10/2016 , 21:45:00,0,0
2256,30/10/2016 , 22:00:00,0,0
2257,30/10/2016 , 22:15:00,0,0
2258,30/10/2016 , 22:30:00,0,0
2259,30/10/2016 , 22:45:00,0,0
2260,30/10/2016 , 23:00:00,0,0
2261,30/10/2016 , 23:15:00,0,0
2262,30/10/2016 , 23:30:00,0,0
2263,30/10/2016 , 23:45:00,0,0
2264,30/10/2016 , 24:00:00,0,0
2265,31/10/2016 , 00:15:00,0,0
2266,31/10/2016 , 00:30:00,0,0
2267,31/10/2016 , 00:45:00,0,0
2268,31/10/2016 , 01:00:00,0,0
2269,31/10/2016 , 01:15:00,0,0
2270,31/10/2016 , 01:30:00,0,0
2271,31/10/2016 , 01:45:00,0,0
2272,31/10/2016 , 02:00:00,0,0
2273,31/10/2016 , 02:15:00,0,0
2274,31/10/2016 , 02:30:00,0,0
2275,31/10/2016 , 02:45:00,0,0
2276,31/10/2016 , 03:00:00,0,0
2277,31/10/2016 , 03:15:00,0,0
2278,31/10/2016 , 03:30:00,0,0
2279,31/10/2016 , 03:45:00,0,0
2280,31/10/2016 , 04:00:00,0,0
2281,31/10/2016 , 04:15:00,0,0
2282,31/10/2016 , 04:30:00,0,0
2283,31/10/2016 , 04:45:00,0,0
2284,31/10/2016 , 05:00:00,0,0
2285,31/10/2016 , 05:15:00,0,0
2286,31/10/2016 , 05:30:00,0,0
2287,31/10/2016 , 05:45:00,0,0
2288,31/10/2016 , 06:00:00,0,0
2289,31/10/2016 , 06:15:00,0,0
2290,31/10/2016 , 06:30:00,0,0
2291,31/10/2016 , 06:45:00,0,0
2292,31/10/2016 , 07:00:00,0,0
2293,31/10/2016 , 07:15:00,0,0
2294,31/10/2016 , 07:30:00,0,0
2295,31/10/2016 , 07:45:00,8,8
2296,31/10/2016 , 08:00:00,6,6
2297,31/10/2016 , 08:15:00,7,7
2298,31/10/2016 , 08:30:00,12,12
2299,31/10/2016 , 08:45:00,12,12
2300,31/10/2016 , 09:00:00,18,18
2301,31/10/2016 , 09:15:00,19,19
2302,31/10/2016 , 09:30:00,16,16
2303,31/10/2016 , 09:45:00,20,20
2304,31/10/2016 , 10:00:00,36,36
2305,31/10/2016 , 10:15:00,39,39
2306,31/10/2016 , 10:30:00,39,39
2307,31/10/2016 , 10:45:00,59,59
2308,31/10/2016 , 11:00:00,56,56
2309,31/10/2016 , 11:15:00,70,70
2310,31/10/2016 , 11:30:00,73,73
2311,31/10/2016 , 11:45:00,94,94
2312,31/10/2016 , 12:00:00,82,82
2313,31/10/2016 , 12:15:00,82,82
2314,31/10/2016 , 12:30:00,83,83
2315,31/10/2016 , 12:45:00,33,33
2316,31/10/2016 , 13:00:00,33,33
2317,31/10/2016 , 13:15:00,36,36
2318,31/10/2016 , 13:30:00,32,32
2319,31/10/2016 , 13:45:00,24,24
2320,31/10/2016 , 14:00:00,17,17
2321,31/10/2016 , 14:15:00,23,23
2322,31/10/2016 , 14:30:00,28,28
2323,31/10/2016 , 14:45:00,33,33
2324,31/10/2016 , 15:00:00,29,29
2325,31/10/2016 , 15:15:00,27,27
2326,31/10/2016 , 15:30:00,13,13
2327,31/10/2016 , 15:45:00,10,10
2328,31/10/2016 , 16:00:00,9,9
2329,31/10/2016 , 16:15:00,7,7
2330,31/10/2016 , 16:30:00,4,4
2331,31/10/2016 , 16:45:00,3,3
2332,31/10/2016 , 17:00:00,4,4
2333,31/10/2016 , 17:15:00,1,1
2334,31/10/2016 , 17:30:00,0,0
2335,31/10/2016 , 17:45:00,0,0
2336,31/10/2016 , 18:00:00,0,0
2337,31/10/2016 , 18:15:00,0,0
2338,31/10/2016 , 18:30:00,0,0
2339,31/10/2016 , 18:45:00,0,0
2340,31/10/2016 , 19:00:00,0,0
2341,31/10/2016 , 19:15:00,0,0
2342,31/10/2016 , 19:30:00,0,0
2343,31/10/2016 , 19:45:00,0,0
2344,31/10/2016 , 20:00:00,0,0
2345,31/10/2016 , 20:15:00,0,0
2346,31/10/2016 , 20:30:00,0,0
2347,31/10/2016 , 20:45:00,0,0
2348,31/10/2016 , 21:00:00,0,0
2349,31/10/2016 , 21:15:00,0,0
2350,31/10/2016 , 21:30:00,0,0
2351,31/10/2016 , 21:45:00,0,0
2352,31/10/2016 , 22:00:00,0,0
2353,31/10/2016 , 22:15:00,0,0
2354,31/10/2016 , 22:30:00,0,0
2355,31/10/2016 , 22:45:00,0,0
2356,31/10/2016 , 23:00:00,0,0
2357,31/10/2016 , 23:15:00,0,0
2358,31/10/2016 , 23:30:00,0,0
2359,31/10/2016 , 23:45:00,0,0
2360,31/10/2016 , 24:00:00,0,0
2361,01/11/2016 , 00:15:00,0,0
2362,01/11/2016 , 00:30:00,0,0
2363,01/11/2016 , 00:45:00,0,0
2364,01/11/2016 , 01:00:00,0,0
2365,01/11/2016 , 01:15:00,0,0
2366,01/11/2016 , 01:30:00,0,0
2367,01/11/2016 , 01:45:00,0,0
2368,01/11/2016 , 02:00:00,0,0
2369,01/11/2016 , 02:15:00,0,0
2370,01/11/2016 , 02:30:00,0,0
2371,01/11/2016 , 02:45:00,0,0
2372,01/11/2016 , 03:00:00,0,0
2373,01/11/2016 , 03:15:00,0,0
2374,01/11/2016 , 03:30:00,0,0
2375,01/11/2016 , 03:45:00,0,0
2376,01/11/2016 , 04:00:00,0,0
2377,01/11/2016 , 04:15:00,0,0
2378,01/11/2016 , 04:30:00,0,0
2379,01/11/2016 , 04:45:00,0,0
2380,01/11/2016 , 05:00:00,0,0
2381,01/11/2016 , 05:15:00,0,0
2382,01/11/2016 , 05:30:00,0,0
2383,01/11/2016 , 05:45:00,0,0
2384,01/11/2016 , 06:00:00,0,0
2385,01/11/2016 , 06:15:00,0,0
2386,01/11/2016 , 06:30:00,0,0
2387,01/11/2016 , 06:45:00,0,0
2388,01/11/2016 , 07:00:00,0,0
2389,01/11/2016 , 07:15:00,0,0
2390,01/11/2016 , 07:30:00,1,1
2391,01/11/2016 , 07:45:00,3,3
2392,01/11/2016 , 08:00:00,3,3
2393,01/11/2016 , 08:15:00,4,4
2394,01/11/2016 , 08:30:00,5,5
2395,01/11/2016 , 08:45:00,8,8
2396,01/11/2016 , 09:00:00,11,11
2397,01/11/2016 , 09:15:00,10,10
2398,01/11/2016 , 09:30:00,13,13
2399,01/11/2016 , 09:45:00,20,20
2400,01/11/2016 , 10:00:00,19,19
2401,01/11/2016 , 10:15:00,24,24
2402,01/11/2016 , 10:30:00,31,31
2403,01/11/2016 , 10:45:00,36,36
2404,01/11/2016 , 11:00:00,23,23
2405,01/11/2016 , 11:15:00,28,28
2406,01/11/2016 , 11:30:00,27,27
2407,01/11/2016 , 11:45:00,28,28
2408,01/11/2016 , 12:00:00,24,24
2409,01/11/2016 , 12:15:00,31,31
2410,01/11/2016 , 12:30:00,34,34
2411,01/11/2016 , 12:45:00,38,38
2412,01/11/2016 , 13:00:00,33,33
2413,01/11/2016 , 13:15:00,39,39
2414,01/11/2016 , 13:30:00,35,35
2415,01/11/2016 , 13:45:00,31,31
2416,01/11/2016 , 14:00:00,34,34
2417,01/11/2016 , 14:15:00,41,41
2418,01/11/2016 , 14:30:00,42,42
2419,01/11/2016 , 14:45:00,40,40
2420,01/11/2016 , 15:00:00,21,21
2421,01/11/2016 , 15:15:00,42,42
2422,01/11/2016 , 15:30:00,33,33
2423,01/11/2016 , 15:45:00,28,28
2424,01/11/2016 , 16:00:00,20,20
2425,01/11/2016 , 16:15:00,11,11
2426,01/11/2016 , 16:30:00,4,4
2427,01/11/2016 , 16:45:00,4,4
2428,01/11/2016 , 17:00:00,3,3
2429,01/11/2016 , 17:15:00,1,1
2430,01/11/2016 , 17:30:00,0,0
2431,01/11/2016 , 17:45:00,0,0
2432,01/11/2016 , 18:00:00,0,0
2433,01/11/2016 , 18:15:00,0,0
2434,01/11/2016 , 18:30:00,0,0
2435,01/11/2016 , 18:45:00,0,0
2436,01/11/2016 , 19:00:00,0,0
2437,01/11/2016 , 19:15:00,0,0
2438,01/11/2016 , 19:30:00,0,0
2439,01/11/2016 , 19:45:00,0,0
2440,01/11/2016 , 20:00:00,0,0
2441,01/11/2016 , 20:15:00,0,0
2442,01/11/2016 , 20:30:00,0,0
2443,01/11/2016 , 20:45:00,0,0
2444,01/11/2016 , 21:00:00,0,0
2445,01/11/2016 , 21:15:00,0,0
2446,01/11/2016 , 21:30:00,0,0
2447,01/11/2016 , 21:45:00,0,0
2448,01/11/2016 , 22:00:00,0,0
2449,01/11/2016 , 22:15:00,0,0
2450,01/11/2016 , 22:30:00,0,0
2451,01/11/2016 , 22:45:00,0,0
2452,01/11/2016 , 23:00:00,0,0
2453,01/11/2016 , 23:15:00,0,0
2454,01/11/2016 , 23:30:00,0,0
2455,01/11/2016 , 23:45:00,0,0
2456,01/11/2016 , 24:00:00,0,0
2457,02/11/2016 , 00:15:00,0,0
2458,02/11/2016 , 00:30:00,0,0
2459,02/11/2016 , 00:45:00,0,0
2460,02/11/2016 , 01:00:00,0,0
2461,02/11/2016 , 01:15:00,0,0
2462,02/11/2016 , 01:30:00,0,0
2463,02/11/2016 , 01:45:00,0,0
2464,02/11/2016 , 02:00:00,0,0
2465,02/11/2016 , 02:15:00,0,0
2466,02/11/2016 , 02:30:00,0,0
2467,02/11/2016 , 02:45:00,0,0
2468,02/11/2016 , 03:00:00,0,0
2469,02/11/2016 , 03:15:00,0,0
2470,02/11/2016 , 03:30:00,0,0
2471,02/11/2016 , 03:45:00,0,0
2472,02/11/2016 , 04:00:00,0,0
2473,02/11/2016 , 04:15:00,0,0
2474,02/11/2016 , 04:30:00,0,0
2475,02/11/2016 , 04:45:00,0,0
2476,02/11/2016 , 05:00:00,0,0
2477,02/11/2016 , 05:15:00,0,0
2478,02/11/2016 , 05:30:00,0,0
2479,02/11/2016 , 05:45:00,0,0
2480,02/11/2016 , 06:00:00,0,0
2481,02/11/2016 , 06:15:00,0,0
2482,02/11/2016 , 06:30:00,0,0
2483,02/11/2016 , 06:45:00,0,0
2484,02/11/2016 , 07:00:00,5,5
2485,02/11/2016 , 07:15:00,12,12
2486,02/11/2016 , 07:30:00,16,16
2487,02/11/2016 , 07:45:00,26,26
2488,02/11/2016 , 08:00:00,81,81
2489,02/11/2016 , 08:15:00,87,87
2490,02/11/2016 , 08:30:00,85,85
2491,02/11/2016 , 08:45:00,87,87
2492,02/11/2016 , 09:00:00,98,98
2493,02/11/2016 , 09:15:00,168,168
2494,02/11/2016 , 09:30:00,246,246
2495,02/11/2016 , 09:45:00,316,316
2496,02/11/2016 , 10:00:00,382,382
2497,02/11/2016 , 10:15:00,403,403
2498,02/11/2016 , 10:30:00,390,390
2499,02/11/2016 , 10:45:00,398,398
2500,02/11/2016 , 11:00:00,515,515
2501,02/11/2016 , 11:15:00,424,424
2502,02/11/2016 , 11:30:00,534,534
2503,02/11/2016 , 11:45:00,617,617
2504,02/11/2016 , 12:00:00,661,661
2505,02/11/2016 , 12:15:00,774,774
2506,02/11/2016 , 12:30:00,842,842
2507,02/11/2016 , 12:45:00,793,793
2508,02/11/2016 , 13:00:00,833,833
2509,02/11/2016 , 13:15:00,846,846
2510,02/11/2016 , 13:30:00,839,839
2511,02/11/2016 , 13:45:00,732,732
2512,02/11/2016 , 14:00:00,657,657
2513,02/11/2016 , 14:15:00,603,603
2514,02/11/2016 , 14:30:00,640,640
2515,02/11/2016 , 14:45:00,625,625
2516,02/11/2016 , 15:00:00,467,467
2517,02/11/2016 , 15:15:00,386,386
2518,02/11/2016 , 15:30:00,426,426
2519,02/11/2016 , 15:45:00,373,373
2520,02/11/2016 , 16:00:00,274,274
2521,02/11/2016 , 16:15:00,198,198
2522,02/11/2016 , 16:30:00,140,140
2523,02/11/2016 , 16:45:00,83,83
2524,02/11/2016 , 17:00:00,65,65
2525,02/11/2016 , 17:15:00,42,42
2526,02/11/2016 , 17:30:00,33,33
2527,02/11/2016 , 17:45:00,18,18
2528,02/11/2016 , 18:00:00,7,7
2529,02/11/2016 , 18:15:00,0,0
2530,02/11/2016 , 18:30:00,0,0
2531,02/11/2016 , 18:45:00,0,0
2532,02/11/2016 , 19:00:00,0,0
2533,02/11/2016 , 19:15:00,0,0
2534,02/11/2016 , 19:30:00,0,0
2535,02/11/2016 , 19:45:00,0,0
2536,02/11/2016 , 20:00:00,0,0
2537,02/11/2016 , 20:15:00,0,0
2538,02/11/2016 , 20:30:00,0,0
2539,02/11/2016 , 20:45:00,0,0
2540,02/11/2016 , 21:00:00,0,0
2541,02/11/2016 , 21:15:00,0,0
2542,02/11/2016 , 21:30:00,0,0
2543,02/11/2016 , 21:45:00,0,0
2544,02/11/2016 , 22:00:00,0,0
2545,02/11/2016 , 22:15:00,0,0
2546,02/11/2016 , 22:30:00,0,0
2547,02/11/2016 , 22:45:00,0,0
2548,02/11/2016 , 23:00:00,0,0
2549,02/11/2016 , 23:15:00,0,0
2550,02/11/2016 , 23:30:00,0,0
2551,02/11/2016 , 23:45:00,0,0
2552,02/11/2016 , 24:00:00,0,0
2553,03/11/2016 , 00:15:00,0,0
2554,03/11/2016 , 00:30:00,0,0
2555,03/11/2016 , 00:45:00,0,0
2556,03/11/2016 , 01:00:00,0,0
2557,03/11/2016 , 01:15:00,0,0
2558,03/11/2016 , 01:30:00,0,0
2559,03/11/2016 , 01:45:00,0,0
2560,03/11/2016 , 02:00:00,0,0
2561,03/11/2016 , 02:15:00,0,0
2562,03/11/2016 , 02:30:00,0,0
2563,03/11/2016 , 02:45:00,0,0
2564,03/11/2016 , 03:00:00,0,0
2565,03/11/2016 , 03:15:00,0,0
2566,03/11/2016 , 03:30:00,0,0
2567,03/11/2016 , 03:45:00,0,0
2568,03/11/2016 , 04:00:00,0,0
2569,03/11/2016 , 04:15:00,0,0
2570,03/11/2016 , 04:30:00,0,0
2571,03/11/2016 , 04:45:00,0,0
2572,03/11/2016 , 05:00:00,0,0
2573,03/11/2016 , 05:15:00,0,0
2574,03/11/2016 , 05:30:00,0,0
2575,03/11/2016 , 05:45:00,0,0
2576,03/11/2016 , 06:00:00,0,0
2577,03/11/2016 , 06:15:00,0,0
2578,03/11/2016 , 06:30:00,0,0
2579,03/11/2016 , 06:45:00,1,1
2580,03/11/2016 , 07:00:00,6,6
2581,03/11/2016 , 07:15:00,12,12
2582,03/11/2016 , 07:30:00,25,25
2583,03/11/2016 , 07:45:00,40,40
2584,03/11/2016 , 08:00:00,54,54
2585,03/11/2016 , 08:15:00,59,59
2586,03/11/2016 , 08:30:00,90,90
2587,03/11/2016 , 08:45:00,122,122
2588,03/11/2016 , 09:00:00,152,152
2589,03/11/2016 , 09:15:00,165,165
2590,03/11/2016 , 09:30:00,151,151
2591,03/11/2016 , 09:45:00,147,147
2592,03/11/2016 , 10:00:00,175,175
2593,03/11/2016 , 10:15:00,238,238
2594,03/11/2016 , 10:30:00,292,292
2595,03/11/2016 , 10:45:00,338,338
2596,03/11/2016 , 11:00:00,420,420
2597,03/11/2016 , 11:15:00,314,314
2598,03/11/2016 , 11:30:00,377,377
2599,03/11/2016 , 11:45:00,349,349
2600,03/11/2016 , 12:00:00,403,403
2601,03/11/2016 , 12:15:00,252,252
2602,03/11/2016 , 12:30:00,463,463
2603,03/11/2016 , 12:45:00,1170,1170
2604,03/11/2016 , 13:00:00,1571,1571
2605,03/11/2016 , 13:15:00,524,524
2606,03/11/2016 , 13:30:00,533,533
2607,03/11/2016 , 13:45:00,45,45
2608,03/11/2016 , 14:00:00,114,114
