"","Season","Reef","Location","Reef.type","Bay.region","Sample.ID","Time.r","Date","Time.of.collection","Depth..m","total.blastate.ml","surface.area.cm2","cells.ml","ug.chl.a.ml","ug.chl.c2.ml","mg.biomass.ml","host..mass.mg","host..ugN","host..d15N","host..ugC","host..d13C","host..C.N","symb..mass.mg","symb..ugN","symb..d15N","symb..ugC","symb..d13C","symb..C.N","d15N..host.sym","d13C..host.sym","d13C..skel","d18O..skel","date.time","stationId","datum","TimeUTC","TideHT","Time","newDepth","Light","depth.bin","depth.bin.small","biomass","zoox","chltot","chlcell","propC","propD","Mix","Dom"
"1","summer","F1-R46","NW","fringe","northern",1,2016-07-11 08:24:00,"7/11/16","8:22:00",2.4384,25,14.978151,1170000,4.406,1.054,15.29,0.7915,48.4,4.7,332.7,-14.6,6.873966942,0.9751,55.5,4.5,416,-15.5,7.495495495,0.2,0.9,-0.4,-3.68,2016-07-11 08:22:00,1612480,"MSL","2016-07-11 18:24:00",0.148,2016-07-11 08:24:00,2.2904,10.6725805563204,"2-4m","<4m",25.5205065031058,1952844.5133181,6.16522915986092,4.66666666666667,1,0,"C","C"
"2","summer","F1-R46","NW","fringe","northern",10,2016-07-11 08:54:00,"7/11/16","8:53:00",4.572,17.5,7.0250325,741667,3.044,0.66,10.94,0.8419,65.5,5.1,442.1,-14.8,6.749618321,0.7939,59.5,4.5,437.7,-15,7.356302521,0.6,0.2,-3.17,-4.43,2016-07-11 08:53:00,1612480,"MSL","2016-07-11 18:54:00",0.155,2016-07-11 08:54:00,4.417,7.88714354313969,"4-6m",">4m",27.2525429597657,1847560.49171303,4.68812050762754,4.99415505880672,1,0,"C","C"
"3","summer","F1-R46","NW","fringe","northern",11,2016-07-11 09:00:00,"7/11/16","9:00:00",0.9144,12.5,3.9213765,761667,2.157,0.65,11.74,0.8914,71.5,5.1,470.4,-15.7,6.579020979,0.8913,63.4,4.7,471.9,-15.4,7.443217666,0.4,-0.3,-2.59,-3.99,2016-07-11 09:00:00,1612480,"MSL","2016-07-11 19:00:00",0.155,2016-07-11 09:00:00,0.7594,13.2688057062517,"<2m","<4m",37.4230834504159,2427932.51298364,4.22897651130923,3.68533755565096,0.764655825,0.235344175,"CD","C"
"4","summer","F1-R46","NW","fringe","northern",12,2016-07-11 09:00:00,"7/11/16","9:01:00",0.6096,15,3.32993225,408750,0.781,0.214,9.44,0.4665,36,5.4,231.6,-16.6,6.433333333,0.5668,42.1,5.3,296.4,-17.2,7.040380048,0.1,0.6,-3.96,-4.45,2016-07-11 09:01:00,1612480,"MSL","2016-07-11 19:00:00",0.155,2016-07-11 09:00:00,0.4546,13.8566370741364,"<2m","<4m",42.52338767553,1841253.67715815,1.74498357654274,2.43425076452599,0.112614968,0.887385032,"DC","D"
"5","summer","F1-R46","NW","fringe","northern",13,2016-07-11 09:00:00,"7/11/16","9:02:00",1.2192,27.5,14.8450285,930000,3.46,0.862,10.89,0.8674,64.6,5.2,469.3,-15.3,7.264705882,0.9329,66.5,4.9,534.2,-15.5,8.033082707,0.3,0.2,-3.36,-4.54,2016-07-11 09:02:00,1612480,"MSL","2016-07-11 19:00:00",0.155,2016-07-11 09:00:00,1.0642,12.7059115374305,"<2m","<4m",20.1734203474247,1722798.98283792,5.05683088516805,4.64731182795699,1,0,"C","C"
"6","summer","F1-R46","NW","fringe","northern",14,2016-07-11 09:06:00,"7/11/16","9:07:00",0.6096,17.5,3.400297,806667,1.128,0.188,10.14,0.789,63.4,4.7,421.2,-16.7,6.643533123,0.7038,41.1,4.55,322.15,-16.45,7.838199513,0.15,-0.25,-2.54,-4.11,2016-07-11 09:07:00,1612480,"MSL","2016-07-11 19:06:00",0.15,2016-07-11 09:06:00,0.4596,13.8467871610993,"<2m","<4m",52.186617816032,4151599.8455429,2.09556253938994,1.63140428454368,0.084279074,0.915720926,"DC","D"
"7","summer","F1-R46","NW","fringe","northern",15,2016-07-11 09:12:00,"7/11/16","9:09:00",0.762,15,3.75972775,1085000,2.083,0.394,11.19,0.9494,73.8,5.5,484,-16.8,6.558265583,NA,84.6,5,669.2,-16.6,7.910165485,0.5,-0.2,-1.58,-3.41,2016-07-11 09:09:00,1612480,"MSL","2016-07-11 19:12:00",0.155,2016-07-11 09:12:00,0.607,13.5595363150352,"<2m","<4m",44.644189994874,4328770.87975319,3.65492232868457,2.28294930875576,0.027457084,0.972542916,"DC","D"
"8","summer","F1-R46","NW","fringe","northern",2,2016-07-11 08:24:00,"7/11/16","8:23:00",4.8768,20,8.5616465,1220000,4.478,0.863,14.19,1.024,77.2,4.8,526,-15.4,6.813471503,0.7672,54.4,4.4,415.5,-15.9,7.637867647,0.4,0.5,-1.8,-3.74,2016-07-11 08:23:00,1612480,"MSL","2016-07-11 18:24:00",0.148,2016-07-11 08:24:00,4.7288,7.54503713454693,"4-6m",">4m",33.1478296843954,2849919.11310517,6.49396737263095,4.37786885245902,1,0,"C","C"
"9","summer","F1-R46","NW","fringe","northern",3,2016-07-11 08:24:00,"7/11/16","8:24:00",4.2672,17.5,5.6253445,817500,3.502,0.624,11.09,0.8362,60.5,4.4,435,-14.9,7.190082645,1.0143,66.3,3.7,520.8,-15.1,7.85520362,0.7,0.2,-3.49,-4.43,2016-07-11 08:24:00,1612480,"MSL","2016-07-11 18:24:00",0.148,2016-07-11 08:24:00,4.1192,8.22836212705456,"4-6m",">4m",34.500109282196,2543177.57783546,5.44321444473312,5.04709480122324,1,0,"C","C"
"10","summer","F1-R46","NW","fringe","northern",4,2016-07-11 08:24:00,"7/11/16","8:24:00",2.7432,15,5.127086,628750,2.181,0.591,12.59,0.646,49.1,5,340.9,-14.3,6.942973523,0.7083,48.9,4.9,378,-14.4,7.73006135,0.1,0.1,-2.31,-4.52,2016-07-11 08:24:00,1612480,"MSL","2016-07-11 18:24:00",0.148,2016-07-11 08:24:00,2.5952,10.2198244082221,"2-4m","<4m",36.8337882376071,1839495.18303379,3.91005233109021,4.40874751491054,1,0,"C","C"
"11","summer","F1-R46","NW","fringe","northern",5,2016-07-11 08:24:00,"7/11/16","8:26:00",3.6576,15,6.5762195,705000,3.585,0.864,12.99,0.7442,57.4,5,404.5,-14.3,7.047038328,0.9795,71,4.5,544.7,-14.8,7.671830986,0.5,0.5,-1.75,-4.43,2016-07-11 08:26:00,1612480,"MSL","2016-07-11 18:24:00",0.148,2016-07-11 08:24:00,3.5096,8.97357323583425,"2-4m","<4m",29.6294854513296,1608066.76237008,5.55573713856419,6.31063829787234,1,0,"C","C"
"12","summer","F1-R46","NW","fringe","northern",6,2016-07-11 08:30:00,"7/11/16","8:28:00",4.8768,12.5,4.9331075,830000,3.107,0.64,12.69,0.7592,55.8,4.7,407.8,-15.7,7.308243728,0.8754,62.1,4.3,484.7,-15.8,7.805152979,0.4,0.1,-0.94,-4.05,2016-07-11 08:28:00,1612480,"MSL","2016-07-11 18:30:00",0.152,2016-07-11 08:30:00,4.7248,7.54933055936339,"4-6m",">4m",32.1551881851348,2103136.8158914,4.72869585803674,4.5144578313253,1,0,"C","C"
"13","summer","F1-R46","NW","fringe","northern",7,2016-07-11 08:30:00,"7/11/16","8:29:00",5.1816,32.5,10.08875175,606250,2.599,0.597,12.39,0.9382,72,4.7,480.2,-14.5,6.669444444,0.6861,49.3,4.2,364.7,-15,7.397565923,0.5,0.5,-0.81,-3.68,2016-07-11 08:29:00,1612480,"MSL","2016-07-11 18:30:00",0.152,2016-07-11 08:30:00,5.0296,7.22907007440001,"4-6m",">4m",39.9132628077601,1952979.46547252,4.52218142826738,5.27175257731959,1,0,"C","C"
"14","summer","F1-R46","NW","fringe","northern",8,2016-07-11 08:30:00,"7/11/16","8:30:00",3.048,15,8.215528,1475000,3.892,0.496,12.99,1.165,85.2,4.8,619.5,-16.2,7.271126761,0.8177,49.6,4.3,421.1,-15.7,8.489919355,0.5,-0.5,-3.22,-4.5,2016-07-11 08:30:00,1612480,"MSL","2016-07-11 18:30:00",0.152,2016-07-11 08:30:00,2.896,9.79184402642937,"2-4m","<4m",23.7172826871261,2693070.97486613,4.79760217188719,2.97491525423729,0.021566474,0.978433526,"DC","D"
"15","summer","F1-R46","NW","fringe","northern",9,2016-07-11 08:36:00,"7/11/16","8:34:00",2.4384,15,5.7394495,665000,2.496,0.641,11.64,0.871,62.1,5.2,463.7,-14.5,7.466988728,1.0155,62.7,4.7,563,-14.4,8.979266348,0.5,-0.1,-2.39,-4.44,2016-07-11 08:34:00,1612480,"MSL","2016-07-11 18:36:00",0.154,2016-07-11 08:36:00,2.2844,10.681691533391,"2-4m","<4m",30.421036024448,1737971.55981597,4.17124777419855,4.71729323308271,1,0,"C","C"
"16","summer","F8-R10","SW","fringe","southern",1,2016-07-29 08:48:00,"7/29/16","8:46:00",3.3528,20,6.8272505,997500,3.004,0.773,12.09,0.769,57.5,4.8,402.1,-14,6.993043478,0.9786,69.1,4.6,512.2,-14.1,7.412445731,0.2,0.1,-2.64,-4.11,2016-07-29 08:46:00,1612480,"MSL","2016-07-29 18:48:00",0.079,2016-07-29 08:48:00,3.2738,5.57419561180984,"2-4m","<4m",35.4168929351574,2922113.37492304,5.2684547757549,3.78646616541353,1,0,"C","C"
"17","summer","F8-R10","SW","fringe","southern",10,2016-07-29 08:48:00,"7/29/16","8:50:00",4.2672,20,8.9496035,807500,2.846,0.606,11.79,0.654,44.1,4.8,341.3,-15.8,7.739229025,0.8103,48.5,4.5,423.4,-15.8,8.729896907,0.3,0,-3.6,-4.07,2016-07-29 08:50:00,1612480,"MSL","2016-07-29 18:48:00",0.079,2016-07-29 08:48:00,4.1882,4.02882323370823,"4-6m",">4m",26.3475359550845,1804549.21829777,4.2002499396761,4.2749226006192,1,0,"C","C"
"18","summer","F8-R10","SW","fringe","southern",11,2016-08-09 09:48:00,"8/9/16","9:45:00",8.2296,15,4.556561,650000,2.332,0.699,10.39,0.6216,46.6,5.1,311.8,-16,6.690987124,0.4448,31.4,4.8,205.2,-16.1,6.535031847,0.3,0.1,-2.37,-3.83,2016-08-09 09:45:00,1612480,"MSL","2016-08-09 19:48:00",0.109,2016-08-09 09:48:00,8.1206,0.997210927782175,">6m",">4m",34.2034266632226,2139771.63918139,4.63307750121199,4.66307692307692,1,0,"C","C"
"19","summer","F8-R10","SW","fringe","southern",12,2016-08-09 09:48:00,"8/9/16","9:46:00",7.9248,15,5.933428,629000,3.177,0.727,11.19,0.609,44.8,5,289.9,-16.9,6.470982143,0.7994,56.7,4.3,394.9,-16.9,6.964726631,0.7,0,-3.9,-3.91,2016-08-09 09:46:00,1612480,"MSL","2016-08-09 19:48:00",0.109,2016-08-09 09:48:00,7.8158,1.11119009041728,">6m",">4m",28.2888744921148,1590143.16850226,5.0148920246441,6.20667726550079,1,0,"C","C"
"20","summer","F8-R10","SW","fringe","southern",13,2016-08-09 09:48:00,"8/9/16","9:48:00",8.2296,12.5,4.450063,607500,2.439,0.572,10.79,0.2827,18.9,5.2,125.5,-17.2,6.64021164,0.9319,71.9,4.4,484.9,-17.4,6.744089013,0.8,0.2,-3.85,-3.86,2016-08-09 09:48:00,1612480,"MSL","2016-08-09 19:48:00",0.109,2016-08-09 09:48:00,8.1206,0.997210927782175,">6m",">4m",30.3085596765709,1706436.51561787,4.04571882622785,4.95637860082305,1,0,"C","C"
"21","summer","F8-R10","SW","fringe","southern",14,2016-08-09 09:48:00,"8/9/16","9:49:00",7.62,17.5,7.766715,1017500,3.694,0.763,12.29,0.6214,42.1,5,301.3,-16.4,7.156769596,0.5943,27,4.8,214.4,-15.4,7.940740741,0.2,-1,-3.84,-3.83,2016-08-09 09:49:00,1612480,"MSL","2016-08-09 19:48:00",0.109,2016-08-09 09:48:00,7.511,1.23819683744108,">6m",">4m",27.6918877543466,2292635.94711535,5.41319530972876,4.38034398034398,1,0,"C","C"
"22","summer","F8-R10","SW","fringe","southern",15,2016-08-09 09:54:00,"8/9/16","9:51:00",7.9248,17.5,6.5990405,697500,3.525,0.686,10.89,0.8065,51.1,4.9,383.8,-15.7,7.510763209,0.7115,41.7,4.1,323.7,-15.5,7.762589928,0.8,-0.2,-3.65,-3.89,2016-08-09 09:51:00,1612480,"MSL","2016-08-09 19:54:00",0.107,2016-08-09 09:54:00,7.8178,1.11040127563508,">6m",">4m",28.8791984228616,1849700.72543122,5.34420386759257,6.03727598566308,0.996517766,0.003482234,"CD","C"
"23","summer","F8-R10","SW","fringe","southern",2,2016-07-29 09:00:00,"7/29/16","8:57:00",0.3048,17.5,6.9869975,780000,1.75,0.479,10.99,0.7753,56.1,4.7,388.6,-14.8,6.926916221,0.6685,49.1,4.4,338.6,-14.6,6.896130346,0.3,-0.2,-2.35,-4.07,2016-07-29 08:57:00,1612480,"MSL","2016-07-29 19:00:00",0.11,2016-07-29 09:00:00,0.1948,16.6332008283395,"<2m","<4m",27.5261297860776,1953628.86561789,2.94972849568073,2.85769230769231,1,0,"C","C"
"24","summer","F8-R10","SW","fringe","southern",3,2016-07-29 08:48:00,"7/29/16","8:45:00",3.3528,20,16.887508,2320000,4.963,0.902,13.79,0.711,43.7,4.6,377.3,-16.5,8.633867277,0.7187,44.5,4.3,402.7,-16.6,9.049438202,0.3,0.1,-2.19,-4.16,2016-07-29 08:45:00,1612480,"MSL","2016-07-29 18:48:00",0.079,2016-07-29 08:48:00,3.2738,5.57419561180984,"2-4m","<4m",16.33159848096,2747593.07293888,6.03124523784089,2.52801724137931,0.02010144,0.97989856,"DC","D"
"25","summer","F8-R10","SW","fringe","southern",4,2016-07-29 09:00:00,"7/29/16","8:58:00",0.3048,17.5,6.7892155,728333,1.684,0.42,12.29,0.8372,56.8,4.7,364.7,-13.9,6.420774648,0.7838,56.8,4.2,388.5,-13.6,6.839788732,0.5,-0.3,-2.08,-3.87,2016-07-29 08:58:00,1612480,"MSL","2016-07-29 19:00:00",0.11,2016-07-29 09:00:00,0.1948,16.6332008283395,"<2m","<4m",31.6789178366779,1877363.81324175,2.76659930768143,2.88878850745469,0.846744547,0.153255453,"CD","C"
"26","summer","F8-R10","SW","fringe","southern",5,2016-07-29 09:00:00,"7/29/16","8:57:00",0.3048,17.5,14.5787835,2515000,3.908,0.829,12.09,0.597,49.7,4.9,326.75,-16.55,6.57444668,0.6812,45.2,4.3,325.1,-16.3,7.192477876,0.6,-0.25,-3.02,-4.12,2016-07-29 08:57:00,1612480,"MSL","2016-07-29 19:00:00",0.11,2016-07-29 09:00:00,0.1948,16.6332008283395,"<2m","<4m",14.5125277427983,3018941.87536292,4.90311046309179,1.88349900596421,0.077209068,0.922790932,"DC","D"
"27","summer","F8-R10","SW","fringe","southern",6,2016-07-29 09:00:00,"7/29/16","8:59:00",0.3048,17.5,10.5242525,2355000,2.525,0.529,14.29,0.621,39.8,5,322.4,-15.2,8.100502513,0.7348,46,4.5,384.9,-14.8,8.367391304,0.5,-0.4,-1.79,-3.79,2016-07-29 08:59:00,1612480,"MSL","2016-07-29 19:00:00",0.11,2016-07-29 09:00:00,0.1948,16.6332008283395,"<2m","<4m",23.7617826064131,3915955.07614436,3.40463491943965,1.2968152866242,0.013763055,0.986236945,"DC","D"
"28","summer","F8-R10","SW","fringe","southern",7,2016-07-29 09:00:00,"7/29/16","8:59:00",0.3048,17.5,8.420917,1452500,2.566,0.581,14.99,0.8795,54.9,4.6,414.5,-14.35,7.550091075,0.7457,50.3,4.1,398,-14.3,7.912524851,0.5,-0.05,-2.83,-3.95,2016-07-29 08:59:00,1612480,"MSL","2016-07-29 19:00:00",0.11,2016-07-29 09:00:00,0.1948,16.6332008283395,"<2m","<4m",31.1515954853848,3018525.17962117,3.77341007184847,2.16660929432014,0.224946785,0.775053215,"DC","D"
"29","summer","F8-R10","SW","fringe","southern",8,2016-07-29 08:48:00,"7/29/16","8:47:00",2.7432,17.5,9.790177,917500,2.729,0.661,11.19,0.7918,52.2,4.9,414.5,-14.4,7.940613027,0.8581,42.6,4.5,414,-14.1,9.718309859,0.4,-0.3,-2.5,-4.04,2016-07-29 08:47:00,1612480,"MSL","2016-07-29 18:48:00",0.079,2016-07-29 08:48:00,2.6642,6.92125525857505,"2-4m","<4m",20.0021919930559,1640036.74295163,3.91054145731992,3.69482288828338,0.995851618,0.004148382,"CD","C"
"30","summer","F8-R10","SW","fringe","southern",9,2016-07-29 08:48:00,"7/29/16","8:47:00",6.096,12.5,5.408545,755000,2.678,0.765,10.69,0.552,35.2,4.8,281.2,-15.3,7.988636364,0.383,20.6,4.7,183.7,-15.2,8.917475728,0.1,-0.1,-1.81,-3.84,2016-07-29 08:47:00,1612480,"MSL","2016-07-29 18:48:00",0.079,2016-07-29 08:48:00,6.017,2.10460321125861,">6m",">4m",24.706274977836,1744924.00451508,4.44603558073382,4.56026490066225,0.994733923,0.005266077,"CD","C"
"31","summer","HIMB","SE","patch","southern",1,2016-08-03 10:48:00,"8/3/16","10:48:00",2.1336,17.5,6.8044295,624444,2.319,0.576,12.39,1.0568,37.6,5.4,241.7,-16.1,6.428191489,0.7682,60.3,5,399.5,-16.5,6.625207297,0.4,0.4,-1.78,-4.22,2016-08-03 10:48:00,1612480,"MSL","2016-08-03 20:48:00",-0.164,2016-08-03 10:48:00,2.2976,13.6379877017381,"2-4m","<4m",31.8652724670011,1605978.87008749,3.80038796941022,4.63612429617388,0.997108,0.002892,"CD","C"
"32","summer","HIMB","SE","patch","southern",10,2016-08-03 11:54:00,"8/3/16","11:56:00",3.048,22.5,17.184181,1105000,5.352,1.072,10.59,0.8057,45.6,5,343.7,-16.2,7.537280702,0.785,54.5,4.625,438.675,-16.1,8.091835335,0.375,-0.1,-1.2,-3.3,2016-08-03 11:56:00,1612480,"MSL","2016-08-03 21:54:00",0.03,2016-08-03 11:54:00,3.018,11.0632860448112,"2-4m","<4m",13.8659503179116,1446824.84431466,6.7556165005478,5.81357466063348,0.981014291,0.018985709,"CD","C"
"33","summer","HIMB","SE","patch","southern",11,2016-08-03 12:00:00,"8/3/16","11:58:00",2.4384,15,11.0795635,1245000,3.068,0.563,12.09,0.7302,55.4,5.2,406.7,-15.2,7.341155235,0.7726,49.8,5.3,438.2,-15.5,8.799196787,-0.1,0.3,-2.58,-4.37,2016-08-03 11:58:00,1612480,"MSL","2016-08-03 22:00:00",0.049,2016-08-03 12:00:00,2.3894,13.2791810672873,"2-4m","<4m",16.367973341188,1685535.71627619,3.83021414318353,2.91646586345382,0.738908252,0.261091748,"CD","C"
"34","summer","HIMB","SE","patch","southern",12,2016-08-03 12:00:00,"8/3/16","11:59:00",2.4384,20,14.795583,1837500,4.593,0.851,11.99,1.1251,70.8,4.8,546.5,-17.8,7.718926554,0.6462,52.8,4.4,490.95,-18.05,9.298295455,0.4,0.25,-4.2,-4.66,2016-08-03 11:59:00,1612480,"MSL","2016-08-03 22:00:00",0.049,2016-08-03 12:00:00,2.3894,13.2791810672873,"2-4m","<4m",16.207539777243,2483849.40289274,5.7433433152989,2.96272108843537,0.403231737,0.596768263,"DC","D"
"35","summer","HIMB","SE","patch","southern",13,2016-08-09 11:48:00,"8/9/16","11:46:00",7.3152,20,13.152471,1200000,4.787,1.071,10.89,0.9951,71.35,5.25,496.8,-16.8,6.962859145,0.7734,54.2,4.8,393.3,-17.1,7.256457565,0.45,0.3,-3.23,-4.32,2016-08-09 11:46:00,1612480,"MSL","2016-08-09 21:48:00",0.095,2016-08-09 11:48:00,7.2202,3.26473848854123,">6m",">4m",16.5596259440526,1824752.17014354,6.41559131185311,4.88166666666667,1,0,"C","C"
"36","summer","HIMB","SE","patch","southern",14,2016-08-09 11:48:00,"8/9/16","11:48:00",7.9248,15,8.588271,793750,3.033,0.589,12.09,1.2205,65.3,4.9,508.2,-16.2,7.782542113,1.016,33.6,4.8,283.2,-14.2,8.428571429,0.1,-2,-2.13,-4.06,2016-08-09 11:48:00,1612480,"MSL","2016-08-09 21:48:00",0.095,2016-08-09 11:48:00,7.8298,2.73500278732448,">6m",">4m",21.1160080998841,1386338.41433276,4.06172859973795,4.56314960629921,1,0,"C","C"
"37","summer","HIMB","SE","patch","southern",15,2016-08-09 11:54:00,"8/9/16","11:54:00",8.2296,15,3.9898395,581667,2.055,0.492,9.89,0.5577,32.6,5.5,230.6,-17.2,7.073619632,0.8829,60.5,5.1,457.1,-17.4,7.555371901,0.4,0.2,-3.83,-4.86,2016-08-09 11:54:00,1612480,"MSL","2016-08-09 21:54:00",0.095,2016-08-09 11:54:00,8.1346,2.50329746917385,">6m",">4m",37.1819467925965,2186806.01061772,3.90469846531421,4.37879405226702,1,0,"C","C"
"38","summer","HIMB","SE","patch","southern",2,2016-08-03 10:48:00,"8/3/16","10:49:00",3.3528,15,19.13918,1030000,4.455,1.061,14.79,1.062,77.7,4.4,567.4,-16.9,7.302445302,0.9618,71.8,4.1,540.5,-17.1,7.527855153,0.3,0.2,-2.07,-4.19,2016-08-03 10:49:00,1612480,"MSL","2016-08-03 20:48:00",-0.164,2016-08-03 10:48:00,3.5168,9.5712584288625,"2-4m","<4m",11.5914056924069,807244.615495544,5.28654032722405,5.35533980582524,1,0,"C","C"
"39","summer","HIMB","SE","patch","southern",3,2016-08-03 10:54:00,"8/3/16","10:53:00",3.3528,20,14.902081,780000,3.625,0.756,13.69,0.5122,32.2,5.3,236.9,-15.6,7.357142857,0.8563,69,5.2,467,-15.6,6.768115942,0.1,0,-2.35,-3.58,2016-08-03 10:53:00,1612480,"MSL","2016-08-03 20:54:00",-0.145,2016-08-03 10:54:00,3.4978,9.62422057606822,"2-4m","<4m",18.3732728335056,1046833.66034583,4.63962339387365,5.61666666666667,1,0,"C","C"
"40","summer","HIMB","SE","patch","southern",4,2016-08-03 10:54:00,"8/3/16","10:54:00",3.048,22.5,24.8482335,1466667,5.328,1.032,13.59,0.81,55.3,5.2,425.7,-15.3,7.69801085,0.8861,58.9,5.1,510.1,-15.5,8.660441426,0.1,0.2,-3.33,-4.32,2016-08-03 10:54:00,1612480,"MSL","2016-08-03 20:54:00",-0.145,2016-08-03 10:54:00,3.193,10.5150388339821,"2-4m","<4m",12.3057037434874,1328062.51599334,6.26247286705512,4.33636265082667,1,0,"C","C"
"41","summer","HIMB","SE","patch","southern",5,2016-08-03 10:54:00,"8/3/16","10:55:00",5.7912,17.5,16.1077905,1030000,6.201,1.188,14.59,0.7,44.2,5,323.2,-15.8,7.312217195,NA,163.1,4.8,1198.3,-15.5,7.347026364,0.2,-0.3,-2.01,-4.37,2016-08-03 10:55:00,1612480,"MSL","2016-08-03 20:54:00",-0.145,2016-08-03 10:54:00,5.9362,4.74026983496707,"4-6m",">4m",15.8510256263887,1119023.7419589,7.49167981111376,7.17378640776699,1,0,"C","C"
"42","summer","HIMB","SE","patch","southern",6,2016-08-03 11:00:00,"8/3/16","10:58:00",1.8288,20,11.6500885,1570000,3.891,0.519,14.19,0.8615,55,5.5,426.8,-17.8,7.76,0.8386,61,4.8,467.65,-17.75,7.666393443,0.7,-0.05,-2.71,-4.37,2016-08-03 10:58:00,1612480,"MSL","2016-08-03 21:00:00",-0.127,2016-08-03 11:00:00,1.9558,15.0613022966511,"<2m","<4m",24.3603299665921,2695258.49524662,4.78198035607197,2.80891719745223,0.021826146,0.978173854,"DC","D"
"43","summer","HIMB","SE","patch","southern",7,2016-08-03 11:48:00,"8/3/16","11:45:00",1.8288,12.5,8.6072885,1340000,2.245,0.349,12.59,1.1413,72.85,4.9,483.45,-15.6,6.636238847,0.9164,69.1,4.9,475,-15.8,6.874095514,0,0.2,-0.83,-3.32,2016-08-03 11:45:00,1612480,"MSL","2016-08-03 21:48:00",0.012,2016-08-03 11:48:00,1.8168,15.6817671431825,"<2m","<4m",18.2839229799257,1946025.16227962,2.75183789674298,1.93582089552239,0.014219618,0.985780382,"DC","D"
"44","summer","HIMB","SE","patch","southern",8,2016-08-03 11:54:00,"8/3/16","11:51:00",3.3528,22.5,18.850114,1251667,4.853,1.078,12.59,1.0858,53.4,4.7,431.95,-15.7,8.088951311,0.6616,44.85,4.25,414.15,-15.8,9.234113712,0.45,0.1,-2.65,-3.96,2016-08-03 11:51:00,1612480,"MSL","2016-08-03 21:54:00",0.03,2016-08-03 11:54:00,3.3228,10.1260211086712,"2-4m","<4m",15.0277605748167,1494023.19264488,6.13972961871742,4.73848076205572,1,0,"C","C"
"45","summer","HIMB","SE","patch","southern",9,2016-08-03 11:54:00,"8/3/16","11:54:00",5.7912,15,10.5394665,987500,4.253,1.161,11.19,0.8613,59.55,5,407.75,-14.9,6.847187238,0.8725,47.2,4.6,397,-16.4,8.411016949,0.4,1.5,-2.2,-4.64,2016-08-03 11:54:00,1612480,"MSL","2016-08-03 21:54:00",0.03,2016-08-03 11:54:00,5.7612,4.98742438728303,"4-6m",">4m",15.9258535524545,1405431.66962009,5.90536067689005,5.48253164556962,1,0,"C","C"
"46","summer","R42","NE","patch","northern",1,2016-08-09 07:36:00,"8/9/16","7:36:00",9.144,25,7.00030975,438333,3.674,0.697,11.79,0.1268,9.5,4.3,60.5,-16.2,6.368421053,0.4422,30.8,3.4,226.8,-16.6,7.363636364,0.9,0.4,-3.04,-4.15,2016-08-09 07:36:00,1612480,"MSL","2016-08-09 17:36:00",0.097,2016-08-09 07:36:00,9.047,3.74621047351314,">6m",">4m",42.1052796985162,1565405.73079641,6.16317556826682,9.97187070104236,1,0,"C","C"
"47","summer","R42","NE","patch","northern",10,2016-06-08 08:54:00,"6/8/16","8:52:00",3.3,35,29.340167,1660000,6.176,1.07,12.19,0.7185,49.5,4.2,355.6,-13.1,7.183838384,0.8206,52.6,3.5,450.6,-13.3,8.566539924,0.7,0.2,-3.62,-4.3,2016-06-08 08:52:00,1612480,"MSL","2016-06-08 18:54:00",-0.196,2016-06-08 08:54:00,3.496,12.392601949886,"2-4m","<4m",14.5414986901745,1980220.49431416,7.45240718609407,4.36506024096386,1,0,"C","C"
"48","summer","R42","NE","patch","northern",11,2016-06-08 08:54:00,"6/8/16","8:53:00",2.5,15,7.622182,905000,2.668,0.488,11.59,0.6999,53.8,3.9,349.4,-16.6,6.494423792,0.7519,51.7,3.5,381.5,-16.5,7.379110251,0.4,-0.1,-2.02,-3.61,2016-06-08 08:53:00,1612480,"MSL","2016-06-08 18:54:00",-0.196,2016-06-08 08:54:00,2.696,14.7245499168205,"2-4m","<4m",22.8084293972513,1780986.07459124,3.62835492198953,3.48729281767956,0,1,"D","D"
"49","summer","R42","NE","patch","northern",12,2016-06-08 09:00:00,"6/8/16","8:59:00",2,20,8.055781,1071667,3.283,0.613,12.89,0.7471,53.1,3.9,381,-15.6,7.175141243,0.7316,49.5,3.3,395.1,-15.2,7.981818182,0.6,-0.4,-3.84,-4.01,2016-06-08 08:59:00,1612480,"MSL","2016-06-08 19:00:00",-0.199,2016-06-08 09:00:00,2.199,16.3893200262773,"2-4m","<4m",32.0018630099304,2660616.02220815,4.80488844259793,3.63545765615625,0.018926115,0.981073885,"DC","D"
"50","summer","R42","NE","patch","northern",13,2016-06-08 09:12:00,"6/8/16","9:14:00",1,30,36.9205425,1537500,2.564,0.539,13.24,0.8925,56.8,4,416.3,-13.1,7.329225352,0.92795,60.85,3.55,465.85,-14.05,7.629486879,0.45,0.95,-3.5,-4.19,2016-06-08 09:14:00,1612480,"MSL","2016-06-08 19:12:00",-0.207,2016-06-08 09:12:00,1.207,20.2960512382593,"<2m","<4m",10.7582384522113,1249304.5030419,3.00196756236721,2.01821138211382,0.019477615,0.980522385,"DC","D"
"51","summer","R42","NE","patch","northern",14,2016-06-08 09:24:00,"6/8/16","9:21:00",0.5,17.5,11.197472,1205000,4.391,0.815,12.79,0.762,48.8,3.7,397.1,-13.4,8.137295082,0.6758,39.4,3.2,375.8,-13.4,9.538071066,0.5,0,-3.96,-4.13,2016-06-08 09:21:00,1612480,"MSL","2016-06-08 19:24:00",-0.215,2016-06-08 09:24:00,0.715,22.5664092771236,"<2m","<4m",19.9888867773012,1883237.57362376,5.6647249979281,4.32033195020747,1,0,"C","C"
"52","summer","R42","NE","patch","northern",15,2016-06-08 09:24:00,"6/8/16","9:24:00",0.2,22.5,11.1099915,1680000,3.183,0.461,11.19,0.6779,49.3,3.9,337.5,-14.8,6.845841785,0.7273,46.6,3.3,384.3,-14.2,8.246781116,0.6,-0.6,-4.14,-4.01,2016-06-08 09:24:00,1612480,"MSL","2016-06-08 19:24:00",-0.215,2016-06-08 09:24:00,0.415,24.0736689260592,"<2m","<4m",22.6620335398096,3402342.83707598,4.11661907612621,2.16904761904762,0.017530046,0.982469954,"DC","D"
"53","summer","R42","NE","patch","northern",2,2016-08-09 07:36:00,"8/9/16","7:38:00",8.5344,30,21.9423595,1081250,4.734,1.34,13.69,0.7652,48.7,4.4,328.7,-15.1,6.749486653,0.8292,55.6,3.4,417.4,-15.8,7.507194245,1,0.7,-2.4,-3.91,2016-08-09 07:38:00,1612480,"MSL","2016-08-09 17:36:00",0.097,2016-08-09 07:36:00,8.4374,4.27218818130977,">6m",">4m",18.7172213635457,1478305.01090824,6.56607279964582,5.61757225433526,1,0,"C","C"
"54","summer","R42","NE","patch","northern",3,2016-08-09 07:42:00,"8/9/16","7:40:00",8.5344,15,7.066871,646250,3.906,0.794,10.29,0.5529,39.5,4.6,263.2,-15.5,6.663291139,0.7853,57.8,4,415.1,-15.7,7.1816609,0.6,0.2,-3.99,-3.95,2016-08-09 07:40:00,1612480,"MSL","2016-08-09 17:42:00",0.096,2016-08-09 07:42:00,8.4384,4.27126753593268,">6m",">4m",21.8413495873916,1371717.41213332,5.59132862705432,7.27272727272727,1,0,"C","C"
"55","summer","R42","NE","patch","northern",4,2016-08-09 07:42:00,"8/9/16","7:42:00",7.9248,20,9.508718,633333,2.964,0.703,13.29,0.6431,47.1,4.2,320.9,-15.3,6.813163482,0.7663,54.4,3.5,408.1,-15.7,7.501838235,0.7,0.4,-3.1,-4.16,2016-08-09 07:42:00,1612480,"MSL","2016-08-09 17:42:00",0.096,2016-08-09 07:42:00,7.8288,4.87096462284761,">6m",">4m",27.9532950709023,1332110.17510457,4.44264307259927,5.79000304737002,1,0,"C","C"
"56","summer","R42","NE","patch","northern",5,2016-08-09 07:42:00,"8/9/16","7:44:00",9.4488,17.5,9.7331245,732500,4.067,0.828,12.49,0.8263,60.9,3.4,434.2,-17,7.129720854,0.6599,42.4,2.9,357.5,-17.2,8.431603774,0.5,0.2,-3.81,-4.29,2016-08-09 07:44:00,1612480,"MSL","2016-08-09 17:42:00",0.096,2016-08-09 07:42:00,9.3528,3.50727220950261,">6m",">4m",22.4568174382235,1317023.1203762,5.55573057156517,6.68259385665529,1,0,"C","C"
"57","summer","R42","NE","patch","northern",6,2016-06-08 08:42:00,"6/8/16","8:44:00",2.5,15,8.0443705,699000,2.761,0.535,12.09,0.5641,45.8,4.1,290.6,-14.4,6.344978166,0.7118,51.3,3.5,370.2,-14.5,7.216374269,0.6,0.1,-2.88,-4.13,2016-06-08 08:44:00,1612480,"MSL","2016-06-08 18:42:00",-0.18,2016-06-08 08:42:00,2.68,14.7754126651364,"2-4m","<4m",22.5437155088767,1303395.9587018,3.75859204278321,4.71530758226037,1,0,"C","C"
"58","summer","R42","NE","patch","northern",7,2016-06-08 08:48:00,"6/8/16","8:45:00",3,22.5,8.922979,967500,3.524,0.904,12.19,0.5548,41.2,3.9,298.4,-14.3,7.242718447,0.6678,40.5,3.5,357.6,-14.5,8.82962963,0.4,0.2,-3.69,-3.93,2016-06-08 08:45:00,1612480,"MSL","2016-06-08 18:48:00",-0.19,2016-06-08 08:48:00,3.19,13.2374374186416,"2-4m","<4m",30.738052840873,2439628.06591834,5.80350777425342,4.57674418604651,1,0,"C","C"
"59","summer","R42","NE","patch","northern",8,2016-06-08 08:48:00,"6/8/16","8:47:00",2.5,25,13.1562745,881667,3.482,0.702,12.79,0.763,57.2,4.3,374.9,-15,6.554195804,0.7187,53.1,3.7,367.8,-15.5,6.926553672,0.6,0.5,-3.75,-3.95,2016-06-08 08:47:00,1612480,"MSL","2016-06-08 18:48:00",-0.19,2016-06-08 08:48:00,2.69,14.7436028967024,"2-4m","<4m",24.3039927450586,1675373.60215462,4.81596426169126,4.74555586179363,0.962094219,0.037905781,"CD","C"
"60","summer","R42","NE","patch","northern",9,2016-06-08 08:48:00,"6/8/16","8:50:00",1.2,27.5,15.358501,1012500,3.724,0.93,13.09,0.6036,45.2,3.6,306.3,-13.6,6.776548673,0.7928,53.3,3.3,419.2,-13.7,7.864915572,0.3,0.1,-4.21,-4.11,2016-06-08 08:50:00,1612480,"MSL","2016-06-08 18:48:00",-0.19,2016-06-08 08:48:00,1.39,19.5111495853735,"<2m","<4m",23.4381597526998,1812921.0656691,5.3892015714294,4.59654320987654,0.992041107,0.007958893,"CD","C"
"61","winter","F1-R46","NW","fringe","northern",1,2016-12-19 10:42:00,"12/19/16","10:44",0.6096,22.5,13.030759,1210000,4.31,1.031,13.49,0.8779,50.8,5.6,452,-16.1,8.897637795,0.8966,50.8,5.1,511.4,-16.1,10.06692913,0.5,0,-2.08,-3.77,2016-12-19 10:44:00,1612480,"MSL","2016-12-19 20:42:00",0.162,2016-12-19 10:42:00,0.4476,9.91707024517952,"<2m","<4m",23.2929639785372,2089287.35463529,6.0902109608504,4.41404958677686,0.999030980753065,0.000969019246934886,"CD","C"
"62","winter","F1-R46","NW","fringe","northern",10,2016-12-19 11:00:00,"12/19/16","11:02",3.048,32.5,19.694491,1110000,3.997,0.855,12.59,0.753,54.9,5.7,372.8,-15.4,6.790528233,0.8473,63.1,4.9,451.2,-16,7.150554675,0.8,0.6,-1.8,-4.11,2016-12-19 11:02:00,1612480,"MSL","2016-12-19 21:00:00",0.126,2016-12-19 11:00:00,2.922,6.97512163370696,"2-4m","<4m",20.7761144982117,1831730.50778515,5.40792755329396,4.37117117117117,0.970850152199876,0.0291498478001236,"CD","C"
"63","winter","F1-R46","NW","fringe","northern",11,2016-12-19 11:06:00,"12/19/16","11:04",4.572,22.5,13.5290175,1373333,5.925,1.885,11.49,1.0568,74,5.5,521.6,-15.6,7.048648649,0.8746,64.93333333,4.766666667,450.4,-16.16666667,6.936344969,0.733333333,0.566666667,-2.26,-4.44,2016-12-19 11:04:00,1612480,"MSL","2016-12-19 21:06:00",0.113,2016-12-19 11:06:00,4.459,5.60555736548658,"4-6m",">4m",19.1089264242581,2283979.04725897,9.0599283124218,5.68689458419771,1,0,"C","C"
"64","winter","F1-R46","NW","fringe","northern",12,2016-12-19 11:06:00,"12/19/16","11:06",5.4864,17.5,6.7207525,730000,3.425,0.615,11.49,0.9311,64.3,5.2,454.6,-15.8,7.069984448,1.0422,78.4,4.4,573.7,-16.3,7.317602041,0.8,0.5,-0.43,-3.59,2016-12-19 11:06:00,1612480,"MSL","2016-12-19 21:06:00",0.113,2016-12-19 11:06:00,5.3734,4.92199058786126,"4-6m",">4m",29.9185247485308,1900828.81344016,5.02638317844616,5.53424657534247,1,0,"C","C"
"65","winter","F1-R46","NW","fringe","northern",13,2016-12-19 11:06:00,"12/19/16","11:08",5.4864,25,14.826011,897500,4.813,0.988,9.69,0.9759,68.2,5.4,513.2,-18,7.524926686,1.0556,72.3,4.5,590.1,-18.4,8.161825726,0.9,0.4,-2.15,-4.61,2016-12-19 11:08:00,1612480,"MSL","2016-12-19 21:06:00",0.113,2016-12-19 11:06:00,5.3734,4.92199058786126,"4-6m",">4m",16.3395265253749,1513387.51873312,6.47899093984215,6.46350974930362,1,0,"C","C"
"66","winter","F1-R46","NW","fringe","northern",14,2016-12-19 11:12:00,"12/19/16","11:10",6.096,20,9.668465,955000,4.527,0.97,11.89,0.8045,55.4,5.3,386.4,-16.3,6.974729242,0.8728,63.1,4.8,460.4,-16.7,7.296354992,0.5,0.4,-1.84,-4.36,2016-12-19 11:10:00,1612480,"MSL","2016-12-19 21:12:00",0.098,2016-12-19 11:12:00,5.998,4.5036256831614,"4-6m",">4m",24.595424402943,1975494.55885707,6.53352326920561,5.75602094240838,1,0,"C","C"
"67","winter","F1-R46","NW","fringe","northern",15,2016-12-19 11:12:00,"12/19/16","11:12",6.4008,12.5,6.260529,832500,5.624,1.183,12.29,1.1085,79.2,6,541,-16.5,6.830808081,1.171,82,5.3,635.3,-17.4,7.747560976,0.7,0.9,-0.71,-4.21,2016-12-19 11:12:00,1612480,"MSL","2016-12-19 21:12:00",0.098,2016-12-19 11:12:00,6.3028,4.31257121362385,">6m",">4m",24.5386611898132,1662199.79174284,7.98602084520334,8.17657657657658,1,0,"C","C"
"68","winter","F1-R46","NW","fringe","northern",2,2016-12-19 10:48:00,"12/19/16","10:46",0.6096,27.5,8.078602,907500,2.758,0.637,10.09,0.5041,30.7,5.3,228.3,-16.9,7.436482085,0.252,18.8,5.2,126.2,-16.7,6.712765957,0.1,-0.2,-1.88,-3.99,2016-12-19 10:46:00,1612480,"MSL","2016-12-19 20:48:00",0.157,2016-12-19 10:48:00,0.4526,9.91002075120957,"<2m","<4m",34.3469080417627,3089179.29116944,4.92638259887045,3.74104683195592,0.378720062388428,0.621279937611572,"DC","D"
"69","winter","F1-R46","NW","fringe","northern",3,2016-12-19 10:48:00,"12/19/16","10:48",1.2192,12.5,6.678914,875000,3.234,0.75,11.89,0.4686,37,5.3,249,-18.1,6.72972973,0.8324,64.2,5,454.3,-18.7,7.076323988,0.3,0.6,-2.41,-4.16,2016-12-19 10:48:00,1612480,"MSL","2016-12-19 20:48:00",0.157,2016-12-19 10:48:00,1.0622,9.08704228344071,"<2m","<4m",22.2528692538937,1637616.53466417,4.63767131542643,4.55314285714286,1,0,"C","C"
"70","winter","F1-R46","NW","fringe","northern",4,2016-12-19 10:48:00,"12/19/16","10:50",1.2192,17.5,9.5733775,1532000,3.254,0.472,10.89,1.0103,61.9,5.4,445.7,-17.3,7.200323102,0.6255,44.5,5.4,318.6,-16.9,7.159550562,0,-0.4,-3.53,-4.58,2016-12-19 10:50:00,1612480,"MSL","2016-12-19 20:48:00",0.157,2016-12-19 10:48:00,1.0622,9.08704228344071,"<2m","<4m",19.9067674914104,2800474.54516444,4.11680938989401,2.43211488250653,0.00513528705985005,0.99486471294015,"DC","D"
"71","winter","F1-R46","NW","fringe","northern",5,2016-12-19 10:54:00,"12/19/16","10:52",0.6096,15,5.2526015,1023333,4.458,0.795,11.59,0.6589,49.8,5.3,335.6,-17.4,6.738955823,0.8946,67.7,5.1,458.8,-17.4,6.776957164,0.2,0,-3.21,-4.09,2016-12-19 10:52:00,1612480,"MSL","2016-12-19 20:54:00",0.145,2016-12-19 10:54:00,0.4646,9.89312240416098,"<2m","<4m",33.0978849242609,2922360.47223457,6.72830358194887,5.13322642776105,0.217360089333241,0.782639910666759,"DC","D"
"72","winter","F1-R46","NW","fringe","northern",6,2016-12-19 10:54:00,"12/19/16","10:54",1.8288,22.5,10.824729,1010000,3.458,0.708,10.39,0.8914,55.5,5.4,400.3,-15.1,7.212612613,1.0745,67.9,5.1,534.6,-15,7.873343152,0.3,-0.1,-1.89,-4.12,2016-12-19 10:54:00,1612480,"MSL","2016-12-19 20:54:00",0.145,2016-12-19 10:54:00,1.6838,8.31819989142524,"<2m","<4m",21.5963836138531,2099359.71607234,4.92963037522695,4.12475247524752,1,0,"C","C"
"73","winter","F1-R46","NW","fringe","northern",7,2016-12-19 10:54:00,"12/19/16","10:56",2.1336,22.5,15.86817,1847500,4.152,0.655,12.39,1.1249,79.5,5.1,536.7,-17.8,6.750943396,0.63,50.5,4.85,366.85,-17.25,7.264356436,0.25,-0.55,-1.08,-3.88,2016-12-19 10:56:00,1612480,"MSL","2016-12-19 20:54:00",0.145,2016-12-19 10:54:00,1.9886,7.96532214812043,"<2m","<4m",17.5681883922343,2619630.99714712,5.0807460368776,2.60189445196211,0.0341666947494897,0.96583330525051,"DC","D"
"74","winter","F1-R46","NW","fringe","northern",8,2016-12-19 11:00:00,"12/19/16","10:58",3.048,17.5,13.578463,965000,5.3,1.159,12.39,0.8058,56.8,5.3,405.5,-16.8,7.139084507,0.76,57.8,4.6,413.4,-17.3,7.152249135,0.7,0.5,-3.5,-4.81,2016-12-19 10:58:00,1612480,"MSL","2016-12-19 21:00:00",0.126,2016-12-19 11:00:00,2.922,6.97512163370696,"2-4m","<4m",15.9683021561424,1243697.46413861,6.79372576262866,6.69326424870466,1,0,"C","C"
"75","winter","F1-R46","NW","fringe","northern",9,2016-12-19 11:00:00,"12/19/16","11:00",2.7432,15,7.797143,844167,3.907,1.396,12.29,0.5917,39.6,4.9,263.8,-16.8,6.661616162,0.9244,60.9,4.6,421.8,-16.6,6.926108374,0.3,-0.2,-1.26,-4.4,2016-12-19 11:00:00,1612480,"MSL","2016-12-19 21:00:00",0.126,2016-12-19 11:00:00,2.6172,7.28413175729121,"2-4m","<4m",23.6432754920616,1623992.91637976,6.59259907135216,6.28193236646303,1,0,"C","C"
"76","winter","F8-R10","SW","fringe","southern",1,2016-12-19 13:30:00,"12/19/16","13:30",0.3048,20,8.5920745,1365000,2.92,0.567,11.59,0.7004,50.3,5.3,377.8,-16.8,7.510934394,0.5028,31.6,4.8,247.6,-16.5,7.835443038,0.5,-0.3,-1.88,-3.78,2016-12-19 13:30:00,1612480,"MSL","2016-12-19 23:30:00",-0.102,2016-12-19 13:30:00,0.4068,4.64653492037575,"<2m","<4m",26.97835080457,3177346.75135789,4.23982095825636,2.55457875457875,0.0260487833119197,0.97395121668808,"DC","D"
"77","winter","F8-R10","SW","fringe","southern",10,2016-12-19 13:48:00,"12/19/16","13:48",4.572,22.5,8.991442,792500,3.21,0.78,12.39,0.8063,61.2,4.7,425.4,-16.2,6.950980392,0.6298,42.2,4.3,310,-16.2,7.345971564,0.4,0,-1.81,-3.59,2016-12-19 13:48:00,1612480,"MSL","2016-12-19 23:48:00",-0.103,2016-12-19 13:48:00,4.675,1.02083692734293,"4-6m",">4m",31.0044818172658,1983135.74174198,5.16185599818138,5.03470031545741,1,0,"C","C"
"78","winter","F8-R10","SW","fringe","southern",11,2016-12-19 13:48:00,"12/19/16","13:50",4.8768,35,15.5524795,865000,6.317,1.556,13.29,0.6114,43.05,5.1,333.4,-14.7,7.744483159,0.7126,42.6,4.6,397.3,-14.9,9.32629108,0.5,0.2,-2.32,-3.95,2016-12-19 13:50:00,1612480,"MSL","2016-12-19 23:48:00",-0.103,2016-12-19 13:48:00,4.9798,0.916125646015853,"4-6m",">4m",29.9084142821085,1946634.94010714,9.81869244717539,9.10173410404624,0.932405877210725,0.0675941227892747,"CD","C"
"79","winter","F8-R10","SW","fringe","southern",12,2016-12-19 13:54:00,"12/19/16","13:52",7.3152,15,7.447221,887500,4.052,0.858,12.59,0.797,61.1,5.3,393.8,-17.3,6.445171849,0.5191,34.9,4.7,240.1,-17.5,6.87965616,0.6,0.2,-2.66,-3.92,2016-12-19 13:52:00,1612480,"MSL","2016-12-19 23:54:00",-0.102,2016-12-19 13:54:00,7.4172,0.385565883876965,">6m",">4m",25.3584525019467,1787579.55484334,5.78016141752742,5.53239436619718,1,0,"C","C"
"80","winter","F8-R10","SW","fringe","southern",13,2016-12-19 13:54:00,"12/19/16","13:54",6.096,20,12.4183955,1257500,6.072,1.141,11.29,0.5694,43.6,4.8,301.3,-16.7,6.910550459,0.7347,51,4.8,379.1,-17.1,7.433333333,0,0.4,-2.99,-4.01,2016-12-19 13:54:00,1612480,"MSL","2016-12-19 23:54:00",-0.102,2016-12-19 13:54:00,6.198,0.594434383308915,">6m",">4m",18.1827032324748,2025221.37421054,7.9095964914308,5.73598409542744,0.964410847167641,0.0355891528323592,"CD","C"
"81","winter","F8-R10","SW","fringe","southern",14,2016-12-19 13:54:00,"12/19/16","13:56",6.096,15,5.7090215,882500,4.14,1.128,11.89,0.4085,33.5,4.9,210.4,-15.9,6.280597015,0.6661,46.8,4.1,329.2,-16.1,7.034188034,0.8,0.2,-2.64,-3.66,2016-12-19 13:56:00,1612480,"MSL","2016-12-19 23:54:00",-0.102,2016-12-19 13:54:00,6.198,0.594434383308915,">6m",">4m",31.2400294866642,2318698.57207579,7.10373029949178,5.96940509915014,1,0,"C","C"
"82","winter","F8-R10","SW","fringe","southern",15,2016-12-19 14:00:00,"12/19/16","13:58",7.62,22.5,8.3106155,1077500,3.59,0.695,10.79,0.3083,20.9,5.1,139,-17,6.650717703,0.7955,51.1,5.55,349.2,-16.9,6.834543893,-0.45,-0.1,-3.17,-4.08,2016-12-19 13:58:00,1612480,"MSL","2016-12-20 00:00:00",-0.096,2016-12-19 14:00:00,7.716,0.346754807917077,">6m",">4m",29.2126377402492,2917202.70297669,5.4716295856787,3.97679814385151,0.421089804684058,0.578910195315942,"DC","D"
"83","winter","F8-R10","SW","fringe","southern",2,2016-12-19 13:30:00,"12/19/16","13:32",0.3048,32.5,20.265016,1551667,7.007,2.189,12.29,0.676,41.1,5.2,318.05,-14.2,7.738442822,0.7252,44.1,4.5,393.8,-14.3,8.929705215,0.7,0.1,-2.07,-4.05,2016-12-19 13:32:00,1612480,"MSL","2016-12-19 23:30:00",-0.102,2016-12-19 13:30:00,0.4068,4.64653492037575,"<2m","<4m",19.7100757285363,2488484.46505051,10.5176066533577,5.92652933909144,1,0,"C","C"
"84","winter","F8-R10","SW","fringe","southern",3,2016-12-19 13:36:00,"12/19/16","13:34",0.3048,25,12.8291735,1032500,4.412,1.119,13.99,0.595,42,4.9,311.1,-13.8,7.407142857,0.6451,42.5,4.4,343,-13.9,8.070588235,0.5,0.1,-1.56,-3.62,2016-12-19 13:34:00,1612480,"MSL","2016-12-19 23:36:00",-0.098,2016-12-19 13:36:00,0.4028,4.65313894251951,"<2m","<4m",27.2620835629045,2012015.81691915,6.59257694831238,5.35690072639225,1,0,"C","C"
"85","winter","F8-R10","SW","fringe","southern",4,2016-12-19 13:36:00,"12/19/16","13:36",0.9144,27.5,8.436131,1560000,2.969,0.442,10.59,0.4832,37.1,4.7,246.8,-16.4,6.652291105,0.8209,44.2,4.1,358.2,-15.7,8.104072398,0.6,-0.7,-1.51,-3.55,2016-12-19 13:36:00,1612480,"MSL","2016-12-19 23:36:00",-0.098,2016-12-19 13:36:00,1.0124,3.74751482289266,"<2m","<4m",34.5211566771545,5085269.53884429,4.40982636933922,2.18653846153846,0.0135747553555092,0.986425244644491,"DC","D"
"86","winter","F8-R10","SW","fringe","southern",5,2016-12-19 13:36:00,"12/19/16","13:38",0.6096,20,7.2076005,1052500,3.793,1.056,11.39,0.5518,39.7,5.1,285.3,-15.2,7.186397985,0.5629,19.2,4.6,153,-15.3,7.96875,0.5,0.1,-3.11,-4.25,2016-12-19 13:38:00,1612480,"MSL","2016-12-19 23:36:00",-0.098,2016-12-19 13:36:00,0.7076,4.17584807674692,"<2m","<4m",31.6055253062375,2920528.12860535,6.72324009862922,4.60712589073634,1,0,"C","C"
"87","winter","F8-R10","SW","fringe","southern",6,2016-12-19 13:42:00,"12/19/16","13:40",2.4384,25,9.075119,725625,2.892,0.525,11.29,0.4677,34.9,5.1,237.2,-14,6.796561605,0.7342,46,4.1,338.6,-13.9,7.360869565,1,-0.1,-3.29,-4.09,2016-12-19 13:40:00,1612480,"MSL","2016-12-19 23:42:00",-0.099,2016-12-19 13:42:00,2.5374,2.18063260777837,"2-4m","<4m",31.1015205420447,1998940.73014359,4.33826202697728,4.70904392764858,1,0,"C","C"
"88","winter","F8-R10","SW","fringe","southern",7,2016-12-19 13:42:00,"12/19/16","13:42",3.6576,22.5,7.013622,8e+05,3.201,0.883,13.19,0.6731,42.6,4.5,381.5,-15.4,8.955399061,0.6496,29.6,4.2,370.6,-15.7,12.52027027,0.3,0.3,-2.54,-3.88,2016-12-19 13:42:00,1612480,"MSL","2016-12-19 23:42:00",-0.099,2016-12-19 13:42:00,3.7566,1.41441606077498,"2-4m","<4m",42.3140853613154,2566434.29029965,6.03370184791824,5.105,1,0,"C","C"
"89","winter","F8-R10","SW","fringe","southern",8,2016-12-19 13:42:00,"12/19/16","13:44",2.7432,20,9.889068,1206667,4.447,1.126,10.79,0.6358,44.4,4.9,337.9,-14.7,7.61036036,0.8139,50.1,4.7,440,-14.9,8.78243513,0.2,0.2,-3.11,-4.22,2016-12-19 13:44:00,1612480,"MSL","2016-12-19 23:42:00",-0.099,2016-12-19 13:42:00,2.8422,1.95695649619961,"2-4m","<4m",21.8220766608137,2440405.91085024,6.72426212419613,4.61850701146215,0.789271750242974,0.210728249757026,"CD","C"
"90","winter","F8-R10","SW","fringe","southern",9,2016-12-19 13:48:00,"12/19/16","13:46",3.048,30,12.8139595,1593333,3.269,0.752,13.59,0.8227,60.1,4.4,436.9,-15.6,7.269550749,0.8324,52.5,4.1,452.4,-15.4,8.617142857,0.3,-0.2,-2.23,-3.87,2016-12-19 13:46:00,1612480,"MSL","2016-12-19 23:48:00",-0.103,2016-12-19 13:48:00,3.151,1.7537311869145,"2-4m","<4m",31.8168634761176,3730305.99948439,5.02957993627965,2.52364069532232,0.107849899978606,0.892150100021394,"DC","D"
"91","winter","HIMB","SE","patch","southern",1,2016-12-19 14:00:00,"12/19/16","14:00",0.6096,25,7.01172025,1155000,2.027,0.472,12.19,0.4256,21.7,5.1,172.4,-14.8,7.944700461,1.5001,92.1,5,813.6,-14.3,8.833876221,0.1,-0.5,-2.5,-4.31,2016-12-19 14:00:00,1612480,"MSL","2016-12-20 00:00:00",-0.096,2016-12-19 14:00:00,0.7056,11.1092690218279,"<2m","<4m",43.4629433483174,4118104.96860596,3.70989657591516,2.16363636363636,0.0374003650670684,0.962599634932932,"DC","D"
"92","winter","HIMB","SE","patch","southern",10,2016-12-19 14:18:00,"12/19/16","14:18",4.572,40,18.157877,590833,5.401,1.24,11.49,0.742,30.5,5.4,218.6,-16.6,7.167213115,0.9918,43.3,4.3,325.5,-17.1,7.517321016,1.1,0.5,-2.75,-4.27,2016-12-19 14:18:00,1612480,"MSL","2016-12-20 00:18:00",-0.092,2016-12-19 14:18:00,4.664,3.51885155879653,"4-6m",">4m",25.3113290722258,1301546.43078593,8.13259687115405,11.2400627588506,1,0,"C","C"
"93","winter","HIMB","SE","patch","southern",11,2016-12-19 14:18:00,"12/19/16","14:20",6.4008,25,10.398737,5e+05,2.951,1.738,10.49,0.5829,28.3,5,197.2,-17.6,6.96819788,0.9051,68.8,4.2,469.7,-18,6.827034884,0.8,0.4,-2.1,-4.54,2016-12-19 14:20:00,1612480,"MSL","2016-12-20 00:18:00",-0.092,2016-12-19 14:18:00,6.4928,2.06885031024144,">6m",">4m",25.2194088570564,1202069.0589636,7.12939204895748,9.378,1,0,"C","C"
"94","winter","HIMB","SE","patch","southern",12,2016-12-19 14:24:00,"12/19/16","14:22",6.4008,20,14.460875,1045000,6.563,1.913,11.29,1.0533,49,5,333.7,-17.6,6.810204082,1.3432,103.3,4.1,725.4,-18.1,7.022265247,0.9,0.5,-3.07,-4.49,2016-12-19 14:22:00,1612480,"MSL","2016-12-20 00:24:00",-0.099,2016-12-19 14:24:00,6.4998,2.06464856375815,">6m",">4m",15.6145461460665,1445279.0719787,9.20875967913421,8.111004784689,0.999517600679474,0.000482399320526411,"CD","C"
"95","winter","HIMB","SE","patch","southern",13,2016-12-19 14:24:00,"12/19/16","14:24",5.7912,22.5,8.8507125,645000,3.135,0.837,11.99,1.0174,29.3,5.7,205.4,-16.4,7.010238908,0.9652,69.8,5.3,502.6,-16.6,7.200573066,0.4,0.2,-0.58,-3.27,2016-12-19 14:24:00,1612480,"MSL","2016-12-20 00:24:00",-0.099,2016-12-19 14:24:00,5.8902,2.46454506834581,"4-6m",">4m",30.4805969010969,1639698.49884967,5.26279479618166,6.15813953488372,0.29329414097881,0.70670585902119,"DC","D"
"96","winter","HIMB","SE","patch","southern",14,2016-12-19 14:24:00,"12/19/16","14:26",5.4864,20,9.1702065,1007500,4.275,0.726,12.39,1.417,67.7,5.4,545,-16.7,8.050221566,1.0989,74.6,5.1,592.2,-16.7,7.938337802,0.3,0,-1.81,-3.13,2016-12-19 14:26:00,1612480,"MSL","2016-12-20 00:24:00",-0.099,2016-12-19 14:24:00,5.5854,2.69266346265957,"4-6m",">4m",27.0222922460906,2197333.28796903,5.85838855291863,4.96377171215881,0.0657046367416714,0.934295363258329,"DC","D"
"97","winter","HIMB","SE","patch","southern",15,2016-12-19 14:30:00,"12/19/16","14:28",4.572,20,11.486538,815833,4.985,0.895,11.99,1.1958,53.4,5.4,355.4,-17,6.655430712,1.1176,85.3,4.6,585,-17.4,6.858147714,0.8,0.4,-3.77,-4.47,2016-12-19 14:28:00,1612480,"MSL","2016-12-20 00:30:00",-0.105,2016-12-19 14:30:00,4.677,3.50559078643659,"4-6m",">4m",20.8766122568871,1420502.85299191,6.54334595245321,7.20735738809291,0.999437632802434,0.000562367197565793,"CD","C"
"98","winter","HIMB","SE","patch","southern",2,2016-12-19 14:00:00,"12/19/16","14:02",0.3048,35,10.5546805,767500,2.931,0.528,11.39,1.2967,62.5,5.5,431.9,-14.7,6.9104,1.119,81.2,5.1,571.8,-14.4,7.041871921,0.4,-0.3,-0.47,-2.94,2016-12-19 14:02:00,1612480,"MSL","2016-12-20 00:00:00",-0.096,2016-12-19 14:00:00,0.4008,12.1375434258176,"<2m","<4m",37.7699732360444,2545079.40813557,4.68188199022225,4.50684039087948,0.0380546159727706,0.961945384027229,"DC","D"
"99","winter","HIMB","SE","patch","southern",3,2016-12-19 14:06:00,"12/19/16","14:04",0.9144,20,10.84564825,2200000,5.091,1.233,12.49,1.3029,55.2,5.1,442.3,-15.7,8.012681159,0.8795,62.2,5.2,494.9,-15.8,7.95659164,-0.1,0.1,-2.57,-4.1,2016-12-19 14:04:00,1612480,"MSL","2016-12-20 00:06:00",-0.092,2016-12-19 14:06:00,1.0064,10.1799279083697,"<2m","<4m",23.032279329177,4056926.7032978,7.36472301143917,2.87454545454545,0.0141841980249613,0.985815801975039,"DC","D"
"100","winter","HIMB","SE","patch","southern",4,2016-12-19 14:06:00,"12/19/16","14:06",0.3048,30,12.1141155,1201667,2.144,0.289,12.09,1.189,65.4,5.6,446.6,-17.2,6.828746177,0.5699,47.8,5.4,304,-17.1,6.359832636,0.2,-0.1,-2.94,-4.58,2016-12-19 14:06:00,1612480,"MSL","2016-12-20 00:06:00",-0.092,2016-12-19 14:06:00,0.3968,12.1516521325164,"<2m","<4m",29.9402791726726,2975868.11022233,2.8596940182715,2.02468737179268,0.0636377673745455,0.936362232625455,"DC","D"
"101","winter","HIMB","SE","patch","southern",5,2016-12-19 14:06:00,"12/19/16","14:08",1.524,17.5,9.0104595,1260000,3.987,0.929,10.69,1.4884,60.8,4.3,517.4,-17.1,8.509868421,0.6138,38.2,4.2,336.4,-17,8.806282723,0.1,-0.1,-2.27,-4.28,2016-12-19 14:08:00,1612480,"MSL","2016-12-20 00:06:00",-0.092,2016-12-19 14:06:00,1.616,8.52813519425077,"<2m","<4m",20.7619822274325,2447155.9968723,5.79129200086855,3.9015873015873,0.150122771407601,0.849877228592399,"DC","D"
"102","winter","HIMB","SE","patch","southern",6,2016-12-19 14:12:00,"12/19/16","14:10",2.4384,35,16.1534325,1253333,3.553,0.532,12.89,1.1094,52,5.6,387.6,-15.5,7.453846154,0.8388,58.2,4.7,441.7,-15.6,7.589347079,0.9,0.1,-3.47,-4.6,2016-12-19 14:10:00,1612480,"MSL","2016-12-20 00:12:00",-0.092,2016-12-19 14:12:00,2.5304,6.53910238858961,"2-4m","<4m",27.9290485164686,2715624.37271459,4.70569618392252,3.2593093774759,0.7356052682125,0.2643947317875,"CD","C"
"103","winter","HIMB","SE","patch","southern",7,2016-12-19 14:12:00,"12/19/16","14:12",3.048,30,16.2675375,971667,5.481,1.211,11.99,1.4145,53.2,5.1,375.4,-16,7.056390977,1.4,59.9,4.5,438.8,-16.7,7.325542571,0.6,0.7,-2.18,-4.61,2016-12-19 14:12:00,1612480,"MSL","2016-12-20 00:12:00",-0.092,2016-12-19 14:12:00,3.14,5.47806916914316,"2-4m","<4m",22.1115211813712,1791912.88171304,7.71428208095417,6.88713314335055,1,0,"C","C"
"104","winter","HIMB","SE","patch","southern",8,2016-12-19 14:12:00,"12/19/16","14:14",3.048,32.5,23.946804,950000,8.372,2.132,14.39,0.785,34,5,268,-16.4,7.882352941,1.0366,71.7,4.8,588.7,-16.8,8.210599721,0.2,0.4,-1.61,-4.33,2016-12-19 14:14:00,1612480,"MSL","2016-12-20 00:12:00",-0.092,2016-12-19 14:12:00,3.14,5.47806916914316,"2-4m","<4m",19.5297460153764,1289316.10247447,11.2654967689216,11.0568421052632,0.99832068702662,0.00167931297337951,"CD","C"
"105","winter","HIMB","SE","patch","southern",9,2016-12-19 14:18:00,"12/19/16","14:16",3.9624,20,10.3492915,1080000,3.483,0.565,12.89,1.473,81.3,5.1,536.8,-17.8,6.602706027,0.9707,73.2,4.7,487,-17.8,6.653005464,0.4,0,-1.44,-3.78,2016-12-19 14:16:00,1612480,"MSL","2016-12-20 00:18:00",-0.092,2016-12-19 14:18:00,4.0544,4.20040892561744,"4-6m",">4m",24.9099177465433,2087099.39226275,4.57486218206338,3.74814814814815,0.0334097887552879,0.966590211244712,"DC","D"
"106","winter","R42","NE","patch","northern",1,2016-12-19 11:30:00,"12/19/16","11:30",0.3048,37.5,13.045973,687083,1.712,0.339,11.79,0.4677,37.7,2.9,241.4,-15.1,6.403183024,0.5662,43.6,2.7,280.8,-15.3,6.440366972,0.2,0.2,-1.25,-3.73,2016-12-19 11:30:00,1612480,"MSL","2016-12-19 21:30:00",0.06,2016-12-19 11:30:00,0.2448,13.476054072715,"<2m","<4m",33.8897681299816,1974985.8826168,2.68643862562033,2.98508331598948,0.930559017299344,0.0694409827006555,"CD","C"
"107","winter","R42","NE","patch","northern",10,2016-12-19 11:48:00,"12/19/16","11:48",3.3528,20,10.7296415,1295000,7.445,1.716,14.99,0.9381,59.2,3.95,445.1,-15.6,7.518581081,0.5234,33.9,3.1,290.4,-16.1,8.566371681,0.85,0.5,-3.46,-3.66,2016-12-19 11:48:00,1612480,"MSL","2016-12-19 21:48:00",0.034,2016-12-19 11:48:00,3.3188,6.94765360933138,"2-4m","<4m",27.9412876935357,2413873.7533775,10.6436157226222,7.07413127413127,1,0,"C","C"
"108","winter","R42","NE","patch","northern",11,2016-12-19 11:48:00,"12/19/16","11:50",6.096,25,13.920778,1405000,4.874,0.784,13.99,0.7351,52.5,4.2,367.5,-16.9,7,0.8108,52,3.6,397.6,-16.8,7.646153846,0.6,-0.1,-3.71,-3.9,2016-12-19 11:50:00,1612480,"MSL","2016-12-19 21:48:00",0.034,2016-12-19 11:48:00,6.062,3.84659316183827,">6m",">4m",25.1243141726705,2523206.67709808,6.28196728458711,4.0270462633452,0.0772461153243137,0.922753884675686,"DC","D"
"109","winter","R42","NE","patch","northern",12,2016-12-19 11:54:00,"12/19/16","11:52",6.4008,25,21.596241,1275000,7.331,1.461,13.79,0.7138,48.1,4.3,314,-15.9,6.528066528,0.7065,51,3.1,374.1,-17,7.335294118,1.2,1.1,-2.84,-3.77,2016-12-19 11:52:00,1612480,"MSL","2016-12-19 21:54:00",0.023,2016-12-19 11:54:00,6.3778,3.59349927386955,">6m",">4m",15.9634262277403,1475951.30096946,9.02226654958148,6.8956862745098,0.989278061263367,0.0107219387366334,"CD","C"
"110","winter","R42","NE","patch","northern",13,2016-12-19 11:54:00,"12/19/16","11:54",6.096,15,11.425682,1802500,8.123,1.29,11.69,0.7302,46.25,4.2,309.5,-15.7,6.691891892,0.7108,48.7,3.5,382,-16.2,7.843942505,0.7,0.5,-2.94,-3.63,2016-12-19 11:54:00,1612480,"MSL","2016-12-19 21:54:00",0.023,2016-12-19 11:54:00,6.073,3.83748474187075,">6m",">4m",15.3470051065661,2366379.52990465,9.81655317258086,5.22219140083218,1,0,"C","C"
"111","winter","R42","NE","patch","northern",14,2016-12-19 11:54:00,"12/19/16","11:56",7.62,17.5,8.4171135,850000,5.766,1.023,12.39,0.4702,36.7,4.4,235.4,-15.9,6.414168937,0.8267,54.2,3.4,435.8,-16.4,8.040590406,1,0.5,-2.35,-3.72,2016-12-19 11:56:00,1612480,"MSL","2016-12-19 21:54:00",0.023,2016-12-19 11:54:00,7.597,2.76312899634349,">6m",">4m",25.7600185621829,1767232.91185274,7.89291678685336,7.98705882352941,1,0,"C","C"
"112","winter","R42","NE","patch","northern",15,2016-12-19 12:00:00,"12/19/16","11:58",5.4864,25,14.04249,1238000,4.896,1.116,12.15,0.5169,38.7,4.4,249,-14.4,6.434108527,0.682,48.4,3.4,350.4,-15.3,7.239669421,1,0.9,-2.58,-3.84,2016-12-19 11:58:00,1612480,"MSL","2016-12-19 22:00:00",0.009,2016-12-19 12:00:00,5.4774,4.36309300349143,"4-6m",">4m",21.630779156688,2204025.06962796,6.88282712254023,4.8562197092084,1,0,"C","C"
"113","winter","R42","NE","patch","northern",2,2016-12-19 11:30:00,"12/19/16","11:32",0.3048,15,5.07193525,1400000,3.122,0.584,10.99,0.7153,49.5,3.8,364.9,-15.3,7.371717172,0.883,55.3,3.6,452.6,-14.9,8.184448463,0.2,-0.4,-1.76,-3.89,2016-12-19 11:32:00,1612480,"MSL","2016-12-19 21:30:00",0.06,2016-12-19 11:30:00,0.2448,13.476054072715,"<2m","<4m",32.5023865397335,4140431.40633548,4.8491513866428,2.64714285714286,0.0402911577601672,0.959708842239833,"DC","D"
"114","winter","R42","NE","patch","northern",3,2016-12-19 11:36:00,"12/19/16","11:34",0.3048,17.5,5.2754225,786667,3.343,0.67,10.09,0.4169,32,3.6,203.9,-13.8,6.371875,0.5686,39.5,3.2,274.1,-14,6.939240506,0.4,0.2,-2.19,-3.89,2016-12-19 11:34:00,1612480,"MSL","2016-12-19 21:36:00",0.043,2016-12-19 11:36:00,0.2618,13.4267701672795,"<2m","<4m",33.4712527764364,2609586.72030534,5.56557079883175,5.10126902488601,1,0,"C","C"
"115","winter","R42","NE","patch","northern",4,2016-12-19 11:36:00,"12/19/16","11:36",0.6096,22.5,8.086209,940000,4.335,0.902,10.19,0.5439,34.2,3.8,222.2,-14,6.497076023,0.7377,53.2,2.7,383.1,-14,7.20112782,1.1,0,-3.07,-3.65,2016-12-19 11:36:00,1612480,"MSL","2016-12-19 21:36:00",0.043,2016-12-19 11:36:00,0.5666,12.5731024595582,"<2m","<4m",28.3538305774684,2615564.3516016,6.84482877143047,5.57127659574468,1,0,"C","C"
"116","winter","R42","NE","patch","northern",5,2016-12-19 11:36:00,"12/19/16","11:38",0.6096,20,5.477008,963750,3.689,1.033,13.39,0.9452,58.9,3.8,434.7,-15.1,7.380305603,0.5416,36.2,3.2,289.1,-15.3,7.986187845,0.6,0.2,-2.59,-3.86,2016-12-19 11:38:00,1612480,"MSL","2016-12-19 21:36:00",0.043,2016-12-19 11:36:00,0.5666,12.5731024595582,"<2m","<4m",48.895309263744,3519257.22949464,7.46113252199011,4.89961089494163,0.650725595972586,0.349274404027414,"CD","C"
"117","winter","R42","NE","patch","northern",6,2016-12-19 11:42:00,"12/19/16","11:40",3.048,27.5,13.9093675,1663333,5.587,1.313,12.82,0.7038,49.2,4,354.3,-14.3,7.201219512,0.7646,47.4,3.6,384.9,-14.4,8.120253165,0.4,0.1,-2.67,-3.64,2016-12-19 11:40:00,1612480,"MSL","2016-12-19 21:42:00",0.035,2016-12-19 11:42:00,3.013,7.4209730990084,"2-4m","<4m",25.3462280006621,3288550.50382413,8.18291243095705,4.1482974245085,0.661073521832348,0.338926478167651,"CD","C"
"118","winter","R42","NE","patch","northern",7,2016-12-19 11:42:00,"12/19/16","11:42",2.1336,25,10.4633965,1568333,4.185,0.589,11.39,0.6752,44.5,3.9,291.9,-15.3,6.559550562,0.7781,51.7,3.3,391.1,-15,7.564796905,0.6,-0.3,-2.84,-4.25,2016-12-19 11:42:00,1612480,"MSL","2016-12-19 21:42:00",0.035,2016-12-19 11:42:00,2.0986,9.03749683213766,"2-4m","<4m",27.2139166283147,3747189.07001183,5.5922868212535,3.04399639617352,0.141016904851185,0.858983095148815,"DC","D"
"119","winter","R42","NE","patch","northern",8,2016-12-19 11:42:00,"12/19/16","11:44",3.6576,25,9.942317,440000,3.563,1.163,10.79,0.2562,20.1,3.8,133.9,-14.5,6.661691542,0.4353,30,3.2,223.2,-14.8,7.44,0.6,0.3,-1.84,-3.68,2016-12-19 11:44:00,1612480,"MSL","2016-12-19 21:42:00",0.035,2016-12-19 11:42:00,3.6226,6.50732738524674,"2-4m","<4m",27.1315026467171,1106381.94296159,6.48736863560074,10.7409090909091,1,0,"C","C"
"120","winter","R42","NE","patch","northern",9,2016-12-19 11:48:00,"12/19/16","11:46",3.6576,27.5,20.850755,1098750,5.25,1.065,14.39,0.8828,62,3.7,404.4,-15.7,6.522580645,0.7214,50.4,2.9,378.2,-16.3,7.503968254,0.8,0.6,-3.76,-4,2016-12-19 11:46:00,1612480,"MSL","2016-12-19 21:48:00",0.034,2016-12-19 11:48:00,3.6236,6.50592507321829,"2-4m","<4m",18.9789290603626,1449138.17269447,6.6546253960588,5.74744027303754,0.981458386256509,0.0185416137434908,"CD","C"
