"","timestamp","Rf44.mid","Rf42.mid","HIMB.mid"
"1",2016-11-08 12:00:00,454.85228,465.57081,374.16357
"2",2016-11-08 12:15:00,825.86746,544.30778,234.82383
"3",2016-11-08 12:30:00,777.17856,445.31565,202.16385
"4",2016-11-08 12:45:00,796.65412,433.00369,31.94688
"5",2016-11-08 13:00:00,666.31768,434.49304,191.8239
"6",2016-11-08 13:15:00,612.32774,388.12461,287.66454
"7",2016-11-08 13:30:00,818.89544,404.30888,377.51514
"8",2016-11-08 13:45:00,608.00624,298.36645,179.20203
"9",2016-11-08 14:00:00,817.22446,284.06869,191.25342
"10",2016-11-08 14:15:00,637.68054,294.79201,279.24996
"11",2016-11-08 14:30:00,582.76868,333.21724,199.45407
"12",2016-11-08 14:45:00,416.93832,290.72112,206.87031
"13",2016-11-08 15:00:00,235.9539,139.30387,299.78724
"14",2016-11-08 15:15:00,117.2567,75.65898,156.73938
"15",2016-11-08 15:30:00,81.99326,62.94986,116.9484
"16",2016-11-08 15:45:00,100.20118,70.29732,111.9567
"17",2016-11-08 16:00:00,104.5803,61.26193,85.64331
"18",2016-11-08 16:15:00,110.11182,57.19104,89.92191
"19",2016-11-08 16:30:00,61.30768,11.41835,102.90033
"20",2016-11-08 16:45:00,120.82914,16.68072,91.56204
"21",2016-11-08 17:00:00,91.27008,7.84391,47.13591
"22",2016-11-08 17:15:00,72.71644,4.46805,36.43941
"23",2016-11-08 17:30:00,25.3528,0.89361,24.88719
"24",2016-11-08 17:45:00,7.14488,0,15.11772
"25",2016-11-08 18:00:00,1.26764,0,5.63349
"26",2016-11-08 18:15:00,0,0,0.49917
"27",2016-11-08 18:30:00,0,0,0
"28",2016-11-08 18:45:00,0,0,0
"29",2016-11-08 19:00:00,0,0,0
"30",2016-11-08 19:15:00,0,0,0
"31",2016-11-08 19:30:00,0,0,0
"32",2016-11-08 19:45:00,0,0,0
"33",2016-11-08 20:00:00,0,0,0
"34",2016-11-08 20:15:00,0,0,0
"35",2016-11-08 20:30:00,0,0,0
"36",2016-11-08 20:45:00,0,0,0
"37",2016-11-08 21:00:00,0,0,0
"38",2016-11-08 21:15:00,0,0,0
"39",2016-11-08 21:30:00,0,0,0
"40",2016-11-08 21:45:00,0,0,0
"41",2016-11-08 22:00:00,0,0,0
"42",2016-11-08 22:15:00,0,0,0
"43",2016-11-08 22:30:00,0,0,0
"44",2016-11-08 22:45:00,0,0,0
"45",2016-11-08 23:00:00,0,0,0
"46",2016-11-08 23:15:00,0,0,0
"47",2016-11-08 23:30:00,0,0,0
"48",2016-11-08 23:45:00,0,0,0
"49",2016-11-09 00:00:00,0,0,0
"50",2016-11-09 00:15:00,0,0,0
"51",2016-11-09 00:30:00,0,0,0
"52",2016-11-09 00:45:00,0,0,0
"53",2016-11-09 01:00:00,0,0,0
"54",2016-11-09 01:15:00,0,0,0
"55",2016-11-09 01:30:00,0,0,0
"56",2016-11-09 01:45:00,0,0,0
"57",2016-11-09 02:00:00,0,0,0
"58",2016-11-09 02:15:00,0,0,0
"59",2016-11-09 02:30:00,0,0,0
"60",2016-11-09 02:45:00,0,0,0
"61",2016-11-09 03:00:00,0,0,0
"62",2016-11-09 03:15:00,0,0,0
"63",2016-11-09 03:30:00,0,0,0
"64",2016-11-09 03:45:00,0,0,0
"65",2016-11-09 04:00:00,0,0,0
"66",2016-11-09 04:15:00,0,0,0
"67",2016-11-09 04:30:00,0,0,0
"68",2016-11-09 04:45:00,0,0,0
"69",2016-11-09 05:00:00,0,0,0
"70",2016-11-09 05:15:00,0,0,0
"71",2016-11-09 05:30:00,0,0,0
"72",2016-11-09 05:45:00,0,0,0
"73",2016-11-09 06:00:00,0,0,0
"74",2016-11-09 06:15:00,0,0,0
"75",2016-11-09 06:30:00,0,0,0
"76",2016-11-09 06:45:00,1.26764,0,1.78275
"77",2016-11-09 07:00:00,9.91064,0.69503,11.05305
"78",2016-11-09 07:15:00,22.93276,5.56024,24.88719
"79",2016-11-09 07:30:00,38.3173,14.69492,51.27189
"80",2016-11-09 07:45:00,53.35612,28.49623,80.72292
"81",2016-11-09 08:00:00,70.23878,49.84358,118.80246
"82",2016-11-09 08:15:00,96.8016,73.07744,152.03292
"83",2016-11-09 08:30:00,159.8955,96.11272,192.67962
"84",2016-11-09 08:45:00,251.2232,122.92102,234.96645
"85",2016-11-09 09:00:00,327.05112,148.14068,278.109
"86",2016-11-09 09:15:00,385.7659,169.28945,322.03596
"87",2016-11-09 09:30:00,458.9433,186.46662,368.10222
"88",2016-11-09 09:45:00,532.06308,192.92047,414.95289
"89",2016-11-09 10:00:00,597.8075,223.99824,464.79858
"90",2016-11-09 10:15:00,657.84754,252.39518,510.00912
"91",2016-11-09 10:30:00,715.17944,285.9552,548.23128
"92",2016-11-09 10:45:00,761.79402,303.23166,577.89624
"93",2016-11-09 11:00:00,810.65578,323.18895,618.61425
"94",2016-11-09 11:15:00,840.9639,341.45831,655.19628
"95",2016-11-09 11:30:00,882.21982,375.51478,681.79491
"96",2016-11-09 11:45:00,917.13754,392.79124,712.17297
"97",2016-11-09 12:00:00,966.17216,406.39397,729.64392
"98",2016-11-09 12:15:00,986.91536,398.25219,690.06687
"99",2016-11-09 12:30:00,991.00638,399.34438,780.8445
"100",2016-11-09 12:45:00,609.6196,236.40949,765.94071
"101",2016-11-09 13:00:00,837.39146,286.65023,778.77651
"102",2016-11-09 13:15:00,548.77288,193.71479,348.42066
"103",2016-11-09 13:30:00,784.15058,150.72222,308.62968
"104",2016-11-09 13:45:00,532.92738,130.36777,423.65271
"105",2016-11-09 14:00:00,310.2837,92.73686,287.09406
"106",2016-11-09 14:15:00,322.84486,98.69426,353.6976
"107",2016-11-09 14:30:00,325.43776,100.18361,270.40752
"108",2016-11-09 14:45:00,247.82362,90.75106,475.70901
"109",2016-11-09 15:00:00,205.81864,72.87886,309.69933
"110",2016-11-09 15:15:00,171.7076,71.88596,242.02614
"111",2016-11-09 15:30:00,168.30802,61.36122,209.08092
"112",2016-11-09 15:45:00,160.41408,54.90737,177.84714
"113",2016-11-09 16:00:00,133.79364,49.645,144.0462
"114",2016-11-09 16:15:00,126.13018,42.09896,147.54039
"115",2016-11-09 16:30:00,92.65296,35.64511,94.05789
"116",2016-11-09 16:45:00,80.32228,26.8083,68.24367
"117",2016-11-09 17:00:00,63.0939,21.54593,58.11765
"118",2016-11-09 17:15:00,25.69852,10.42545,32.65998
"119",2016-11-09 17:30:00,16.1336,6.05669,26.95518
"120",2016-11-09 17:45:00,10.71732,2.38296,13.47759
"121",2016-11-09 18:00:00,3.05386,0,4.63515
"122",2016-11-09 18:15:00,0.17286,0,0.49917
"123",2016-11-09 18:30:00,0,0,0
"124",2016-11-09 18:45:00,0,0,0
"125",2016-11-09 19:00:00,0,0,0
"126",2016-11-09 19:15:00,0,0,0
"127",2016-11-09 19:30:00,0,0,0
"128",2016-11-09 19:45:00,0,0,0
"129",2016-11-09 20:00:00,0,0,0
"130",2016-11-09 20:15:00,0,0,0
"131",2016-11-09 20:30:00,0,0,0
"132",2016-11-09 20:45:00,0,0,0
"133",2016-11-09 21:00:00,0,0,0
"134",2016-11-09 21:15:00,0,0,0
"135",2016-11-09 21:30:00,0,0,0
"136",2016-11-09 21:45:00,0,0,0
"137",2016-11-09 22:00:00,0,0,0
"138",2016-11-09 22:15:00,0,0,0
"139",2016-11-09 22:30:00,0,0,0
"140",2016-11-09 22:45:00,0,0,0
"141",2016-11-09 23:00:00,0,0,0
"142",2016-11-09 23:15:00,0,0,0
"143",2016-11-09 23:30:00,0,0,0
"144",2016-11-09 23:45:00,0,0,0
"145",2016-11-10 00:00:00,0,0,0
"146",2016-11-10 00:15:00,0,0,0
"147",2016-11-10 00:30:00,0,0,0
"148",2016-11-10 00:45:00,0,0,0
"149",2016-11-10 01:00:00,0,0,0
"150",2016-11-10 01:15:00,0,0,0
"151",2016-11-10 01:30:00,0,0,0
"152",2016-11-10 01:45:00,0,0,0
"153",2016-11-10 02:00:00,0,0,0
"154",2016-11-10 02:15:00,0,0,0
"155",2016-11-10 02:30:00,0,0,0
"156",2016-11-10 02:45:00,0,0,0
"157",2016-11-10 03:00:00,0,0,0
"158",2016-11-10 03:15:00,0,0,0
"159",2016-11-10 03:30:00,0,0,0
"160",2016-11-10 03:45:00,0,0,0
"161",2016-11-10 04:00:00,0,0,0
"162",2016-11-10 04:15:00,0,0,0
"163",2016-11-10 04:30:00,0,0,0
"164",2016-11-10 04:45:00,0,0,0
"165",2016-11-10 05:00:00,0,0,0
"166",2016-11-10 05:15:00,0,0,0
"167",2016-11-10 05:30:00,0,0,0
"168",2016-11-10 05:45:00,0,0,0
"169",2016-11-10 06:00:00,0,0,0
"170",2016-11-10 06:15:00,0,0,0
"171",2016-11-10 06:30:00,0,0,0
"172",2016-11-10 06:45:00,1.32526,0,2.06799
"173",2016-11-10 07:00:00,9.33444,0.89361,11.76615
"174",2016-11-10 07:15:00,21.49226,6.75172,29.02317
"175",2016-11-10 07:30:00,35.09058,17.27646,53.55381
"176",2016-11-10 07:45:00,48.86176,32.46783,62.32494
"177",2016-11-10 08:00:00,68.51018,53.02086,74.66157
"178",2016-11-10 08:15:00,99.16402,72.68028,150.25017
"179",2016-11-10 08:30:00,149.35104,89.361,201.66468
"180",2016-11-10 08:45:00,230.82572,114.1835,239.45898
"181",2016-11-10 09:00:00,324.74632,143.07689,280.74747
"182",2016-11-10 09:15:00,347.90956,152.11228,332.3046
"183",2016-11-10 09:30:00,458.6552,183.09076,339.72084
"184",2016-11-10 09:45:00,511.89608,215.16143,422.44044
"185",2016-11-10 10:00:00,558.10732,247.52997,453.5316
"186",2016-11-10 10:15:00,612.5006,265.79933,496.46022
"187",2016-11-10 10:30:00,678.93646,293.8984,536.67906
"188",2016-11-10 10:45:00,723.93768,306.01178,579.25113
"189",2016-11-10 11:00:00,771.47418,323.38753,613.05207
"190",2016-11-10 11:15:00,813.07582,357.444,649.49148
"191",2016-11-10 11:30:00,851.56598,361.11773,670.38531
"192",2016-11-10 11:45:00,876.80354,371.94034,696.27084
"193",2016-11-10 12:00:00,900.48536,403.21669,707.68044
"194",2016-11-10 12:15:00,915.69704,407.98261,720.44493
"195",2016-11-10 12:30:00,909.47408,383.16011,735.49134
"196",2016-11-10 12:45:00,923.70622,360.62128,732.78156
"197",2016-11-10 13:00:00,912.75842,335.20304,723.29733
"198",2016-11-10 13:15:00,901.81062,290.9197,719.87445
"199",2016-11-10 13:30:00,873.74968,223.79966,698.41014
"200",2016-11-10 13:45:00,857.9618,145.55914,677.58762
"201",2016-11-10 14:00:00,817.39732,90.3539,593.2992
"202",2016-11-10 14:15:00,786.68586,78.93555,490.89804
"203",2016-11-10 14:30:00,727.85584,63.64489,496.46022
"204",2016-11-10 14:45:00,682.39366,49.94287,481.69905
"205",2016-11-10 15:00:00,507.6322,43.09186,422.36913
"206",2016-11-10 15:15:00,519.21382,39.12026,324.4605
"207",2016-11-10 15:30:00,393.2565,36.53872,240.52863
"208",2016-11-10 15:45:00,312.93422,47.06346,184.6929
"209",2016-11-10 16:00:00,235.55056,50.6379,168.79077
"210",2016-11-10 16:15:00,193.25748,41.00677,169.07601
"211",2016-11-10 16:30:00,266.7806,22.34025,115.59351
"212",2016-11-10 16:45:00,130.10596,18.66652,87.78261
"213",2016-11-10 17:00:00,58.59954,16.8793,59.1873
"214",2016-11-10 17:15:00,45.92314,13.60273,54.05298
"215",2016-11-10 17:30:00,39.52732,10.52474,28.80924
"216",2016-11-10 17:45:00,20.51272,3.77302,15.26034
"217",2016-11-10 18:00:00,5.4739,0,6.13266
"218",2016-11-10 18:15:00,0.17286,0,0.64179
"219",2016-11-10 18:30:00,0,0,0
"220",2016-11-10 18:45:00,0,0,0
"221",2016-11-10 19:00:00,0,0,0
"222",2016-11-10 19:15:00,0,0,0
"223",2016-11-10 19:30:00,0,0,0
"224",2016-11-10 19:45:00,0,0,0
"225",2016-11-10 20:00:00,0,0,0
"226",2016-11-10 20:15:00,0,0,0
"227",2016-11-10 20:30:00,0,0,0
"228",2016-11-10 20:45:00,0,0,0
"229",2016-11-10 21:00:00,0,0,0
"230",2016-11-10 21:15:00,0,0,0
"231",2016-11-10 21:30:00,0,0,0
"232",2016-11-10 21:45:00,0,0,0
"233",2016-11-10 22:00:00,0,0,0
"234",2016-11-10 22:15:00,0,0,0
"235",2016-11-10 22:30:00,0,0,0
"236",2016-11-10 22:45:00,0,0,0
"237",2016-11-10 23:00:00,0,0,0
"238",2016-11-10 23:15:00,0,0,0
"239",2016-11-10 23:30:00,0,0,0
"240",2016-11-10 23:45:00,0,0,0
"241",2016-11-11 00:00:00,0,0,0
"242",2016-11-11 00:15:00,0,0,0
"243",2016-11-11 00:30:00,0,0,0
"244",2016-11-11 00:45:00,0,0,0
"245",2016-11-11 01:00:00,0,0,0
"246",2016-11-11 01:15:00,0,0,0
"247",2016-11-11 01:30:00,0,0,0
"248",2016-11-11 01:45:00,0,0,0
"249",2016-11-11 02:00:00,0,0,0
"250",2016-11-11 02:15:00,0,0,0
"251",2016-11-11 02:30:00,0,0,0
"252",2016-11-11 02:45:00,0,0,0
"253",2016-11-11 03:00:00,0,0,0
"254",2016-11-11 03:15:00,0,0,0
"255",2016-11-11 03:30:00,0,0,0
"256",2016-11-11 03:45:00,0,0,0
"257",2016-11-11 04:00:00,0,0,0
"258",2016-11-11 04:15:00,0,0,0
"259",2016-11-11 04:30:00,0,0,0
"260",2016-11-11 04:45:00,0,0,0
"261",2016-11-11 05:00:00,0,0,0
"262",2016-11-11 05:15:00,0,0,0
"263",2016-11-11 05:30:00,0,0,0
"264",2016-11-11 05:45:00,0,0,0
"265",2016-11-11 06:00:00,0,0,0
"266",2016-11-11 06:15:00,0,0,0
"267",2016-11-11 06:30:00,0,0,0
"268",2016-11-11 06:45:00,1.26764,0,1.92537
"269",2016-11-11 07:00:00,9.10396,0.79432,10.6965
"270",2016-11-11 07:15:00,22.1837,6.35456,23.46099
"271",2016-11-11 07:30:00,36.3006,15.58853,49.34652
"272",2016-11-11 07:45:00,50.59036,30.7799,83.64663
"273",2016-11-11 08:00:00,68.62542,51.92867,116.66316
"274",2016-11-11 08:15:00,100.31642,75.85756,142.62
"275",2016-11-11 08:30:00,170.61282,100.77935,216.92502
"276",2016-11-11 08:45:00,230.24952,118.65155,252.65133
"277",2016-11-11 09:00:00,300.2002,147.84281,299.78724
"278",2016-11-11 09:15:00,338.40226,162.33915,350.06079
"279",2016-11-11 09:30:00,427.5404,198.08355,335.58486
"280",2016-11-11 09:45:00,486.3128,224.09753,430.42716
"281",2016-11-11 10:00:00,542.26182,252.89163,489.1866
"282",2016-11-11 10:15:00,586.68684,278.80632,499.52655
"283",2016-11-11 10:30:00,625.98368,294.39485,392.06238
"284",2016-11-11 10:45:00,679.28218,323.6854,360.89991
"285",2016-11-11 11:00:00,701.92684,336.29523,355.48035
"286",2016-11-11 11:15:00,742.37608,356.05394,516.21309
"287",2016-11-11 11:30:00,770.20654,376.11052,529.19151
"288",2016-11-11 11:45:00,810.1372,396.46497,591.23121
"289",2016-11-11 12:00:00,822.12216,404.90462,440.76711
"290",2016-11-11 12:15:00,839.06244,398.45077,563.70555
"291",2016-11-11 12:30:00,857.27036,396.66355,461.51832
"292",2016-11-11 12:45:00,868.85198,381.96863,554.43525
"293",2016-11-11 13:00:00,870.69582,357.94045,716.52288
"294",2016-11-11 13:15:00,854.56222,314.7493,799.45641
"295",2016-11-11 13:30:00,602.01376,218.33871,823.77312
"296",2016-11-11 13:45:00,808.9848,133.44576,746.75832
"297",2016-11-11 14:00:00,791.1226,95.71556,634.08852
"298",2016-11-11 14:15:00,746.29424,69.99945,520.77693
"299",2016-11-11 14:30:00,710.28174,52.6237,547.94604
"300",2016-11-11 14:45:00,665.97196,43.6876,508.86816
"301",2016-11-11 15:00:00,626.09892,40.11316,430.64109
"302",2016-11-11 15:15:00,585.82254,35.14866,351.5583
"303",2016-11-11 15:30:00,461.5362,31.27635,258.42744
"304",2016-11-11 15:45:00,278.13174,26.70901,189.39936
"305",2016-11-11 16:00:00,351.42438,24.72321,153.17388
"306",2016-11-11 16:15:00,355.86112,23.23386,143.61834
"307",2016-11-11 16:30:00,264.93676,16.18427,135.98817
"308",2016-11-11 16:45:00,110.28468,14.69492,104.18391
"309",2016-11-11 17:00:00,66.43586,13.9006,93.20217
"310",2016-11-11 17:15:00,51.2818,12.01409,54.98001
"311",2016-11-11 17:30:00,34.80248,8.53894,43.64172
"312",2016-11-11 17:45:00,16.76742,3.57444,17.61357
"313",2016-11-11 18:00:00,5.41628,0,6.63183
"314",2016-11-11 18:15:00,0.40334,0,0.7131
"315",2016-11-11 18:30:00,0,0,0
"316",2016-11-11 18:45:00,0,0,0
"317",2016-11-11 19:00:00,0,0,0
"318",2016-11-11 19:15:00,0,0,0
"319",2016-11-11 19:30:00,0,0,0
"320",2016-11-11 19:45:00,0,0,0
"321",2016-11-11 20:00:00,0,0,0
"322",2016-11-11 20:15:00,0,0,0
"323",2016-11-11 20:30:00,0,0,0
"324",2016-11-11 20:45:00,0,0,0
"325",2016-11-11 21:00:00,0,0,0
"326",2016-11-11 21:15:00,0,0,0
"327",2016-11-11 21:30:00,0,0,0
"328",2016-11-11 21:45:00,0,0,0
"329",2016-11-11 22:00:00,0,0,0
"330",2016-11-11 22:15:00,0,0,0
"331",2016-11-11 22:30:00,0,0,0
"332",2016-11-11 22:45:00,0,0,0
"333",2016-11-11 23:00:00,0,0,0
"334",2016-11-11 23:15:00,0,0,0
"335",2016-11-11 23:30:00,0,0,0
"336",2016-11-11 23:45:00,0,0,0
"337",2016-11-12 00:00:00,0,0,0
"338",2016-11-12 00:15:00,0,0,0
"339",2016-11-12 00:30:00,0,0,0
"340",2016-11-12 00:45:00,0,0,0
"341",2016-11-12 01:00:00,0,0,0
"342",2016-11-12 01:15:00,0,0,0
"343",2016-11-12 01:30:00,0,0,0
"344",2016-11-12 01:45:00,0,0,0
"345",2016-11-12 02:00:00,0,0,0
"346",2016-11-12 02:15:00,0,0,0
"347",2016-11-12 02:30:00,0,0,0
"348",2016-11-12 02:45:00,0,0,0
"349",2016-11-12 03:00:00,0,0,0
"350",2016-11-12 03:15:00,0,0,0
"351",2016-11-12 03:30:00,0,0,0
"352",2016-11-12 03:45:00,0,0,0
"353",2016-11-12 04:00:00,0,0,0
"354",2016-11-12 04:15:00,0,0,0
"355",2016-11-12 04:30:00,0,0,0
"356",2016-11-12 04:45:00,0,0,0
"357",2016-11-12 05:00:00,0,0,0
"358",2016-11-12 05:15:00,0,0,0
"359",2016-11-12 05:30:00,0,0,0
"360",2016-11-12 05:45:00,0,0,0
"361",2016-11-12 06:00:00,0,0,0
"362",2016-11-12 06:15:00,0,0,0
"363",2016-11-12 06:30:00,0,0,0
"364",2016-11-12 06:45:00,1.09478,0,1.78275
"365",2016-11-12 07:00:00,7.95156,0.9929,10.33995
"366",2016-11-12 07:15:00,21.66512,7.44675,24.38802
"367",2016-11-12 07:30:00,34.22628,16.08498,38.07954
"368",2016-11-12 07:45:00,41.71688,21.64522,50.41617
"369",2016-11-12 08:00:00,66.5511,28.29765,84.8589
"370",2016-11-12 08:15:00,84.4133,44.38263,192.18045
"371",2016-11-12 08:30:00,116.6805,87.47449,207.36948
"372",2016-11-12 08:45:00,218.03408,130.76493,248.8719
"373",2016-11-12 09:00:00,255.5447,157.8711,290.16039
"374",2016-11-12 09:15:00,318.23526,185.07656,274.61481
"375",2016-11-12 09:30:00,409.62058,209.30332,328.38255
"376",2016-11-12 09:45:00,483.48942,233.43079,342.288
"377",2016-11-12 10:00:00,527.28062,263.71424,500.38227
"378",2016-11-12 10:15:00,500.94828,249.51577,511.50663
"379",2016-11-12 10:30:00,374.12666,164.72211,341.07573
"380",2016-11-12 10:45:00,518.34952,157.07678,548.08866
"381",2016-11-12 11:00:00,690.46046,301.74231,754.4598
"382",2016-11-12 11:15:00,756.60822,277.0191,735.49134
"383",2016-11-12 11:30:00,748.42618,275.82762,785.97882
"384",2016-11-12 11:45:00,781.44244,403.51456,817.42653
"385",2016-11-12 12:00:00,822.87122,416.12439,809.22588
"386",2016-11-12 12:15:00,848.33926,416.62084,748.25583
"387",2016-11-12 12:30:00,857.55846,394.67775,734.63562
"388",2016-11-12 12:45:00,856.17558,381.37289,732.49632
"389",2016-11-12 13:00:00,860.32422,348.90506,711.24594
"390",2016-11-12 13:15:00,840.90628,290.42325,703.68708
"391",2016-11-12 13:30:00,813.53678,206.42391,696.41346
"392",2016-11-12 13:45:00,729.52682,135.82872,667.17636
"393",2016-11-12 14:00:00,378.10244,87.3752,460.09212
"394",2016-11-12 14:15:00,303.13882,74.07034,386.28627
"395",2016-11-12 14:30:00,330.1626,97.3042,284.95476
"396",2016-11-12 14:45:00,279.91796,91.74396,211.57677
"397",2016-11-12 15:00:00,242.23448,87.3752,200.09586
"398",2016-11-12 15:15:00,201.67,79.432,232.39929
"399",2016-11-12 15:30:00,164.5051,66.62359,221.061
"400",2016-11-12 15:45:00,141.97568,57.98536,187.5453
"401",2016-11-12 16:00:00,118.52434,47.55991,150.10755
"402",2016-11-12 16:15:00,104.81078,43.78689,154.52877
"403",2016-11-12 16:30:00,84.87426,33.36144,90.63501
"404",2016-11-12 16:45:00,62.92104,28.69481,86.9982
"405",2016-11-12 17:00:00,45.92314,20.05658,64.8921
"406",2016-11-12 17:15:00,27.71522,11.02119,37.65168
"407",2016-11-12 17:30:00,16.07598,6.45385,25.45767
"408",2016-11-12 17:45:00,8.643,1.88651,13.19235
"409",2016-11-12 18:00:00,2.47766,0,3.28026
"410",2016-11-12 18:15:00,0.23048,0,0.28524
"411",2016-11-12 18:30:00,0,0,0
"412",2016-11-12 18:45:00,0,0,0
"413",2016-11-12 19:00:00,0,0,0
"414",2016-11-12 19:15:00,0,0,0
"415",2016-11-12 19:30:00,0,0,0
"416",2016-11-12 19:45:00,0,0,0
"417",2016-11-12 20:00:00,0,0,0
"418",2016-11-12 20:15:00,0,0,0
"419",2016-11-12 20:30:00,0,0,0
"420",2016-11-12 20:45:00,0,0,0
"421",2016-11-12 21:00:00,0,0,0
"422",2016-11-12 21:15:00,0,0,0
"423",2016-11-12 21:30:00,0,0,0
"424",2016-11-12 21:45:00,0,0,0
"425",2016-11-12 22:00:00,0,0,0
"426",2016-11-12 22:15:00,0,0,0
"427",2016-11-12 22:30:00,0,0,0
"428",2016-11-12 22:45:00,0,0,0
"429",2016-11-12 23:00:00,0,0,0
"430",2016-11-12 23:15:00,0,0,0
"431",2016-11-12 23:30:00,0,0,0
"432",2016-11-12 23:45:00,0,0,0
"433",2016-11-13 00:00:00,0,0,0
"434",2016-11-13 00:15:00,0,0,0
"435",2016-11-13 00:30:00,0,0,0
"436",2016-11-13 00:45:00,0,0,0
"437",2016-11-13 01:00:00,0,0,0
"438",2016-11-13 01:15:00,0,0,0
"439",2016-11-13 01:30:00,0,0,0
"440",2016-11-13 01:45:00,0,0,0
"441",2016-11-13 02:00:00,0,0,0
"442",2016-11-13 02:15:00,0,0,0
"443",2016-11-13 02:30:00,0,0,0
"444",2016-11-13 02:45:00,0,0,0
"445",2016-11-13 03:00:00,0,0,0
"446",2016-11-13 03:15:00,0,0,0
"447",2016-11-13 03:30:00,0,0,0
"448",2016-11-13 03:45:00,0,0,0
"449",2016-11-13 04:00:00,0,0,0
"450",2016-11-13 04:15:00,0,0,0
"451",2016-11-13 04:30:00,0,0,0
"452",2016-11-13 04:45:00,0,0,0
"453",2016-11-13 05:00:00,0,0,0
"454",2016-11-13 05:15:00,0,0,0
"455",2016-11-13 05:30:00,0,0,0
"456",2016-11-13 05:45:00,0,0,0
"457",2016-11-13 06:00:00,0,0,0
"458",2016-11-13 06:15:00,0,0,0
"459",2016-11-13 06:30:00,0,0,0
"460",2016-11-13 06:45:00,0.63382,0,1.21227
"461",2016-11-13 07:00:00,6.22296,0.39716,9.62685
"462",2016-11-13 07:15:00,19.36032,4.36876,23.81754
"463",2016-11-13 07:30:00,36.99204,13.70202,66.88878
"464",2016-11-13 07:45:00,93.28678,47.06346,96.62505
"465",2016-11-13 08:00:00,86.25714,51.33293,136.77258
"466",2016-11-13 08:15:00,103.88886,60.36832,168.07767
"467",2016-11-13 08:30:00,155.574,63.34702,210.93498
"468",2016-11-13 08:45:00,207.02866,98.59497,148.3248
"469",2016-11-13 09:00:00,285.96806,150.82151,252.50871
"470",2016-11-13 09:15:00,254.6804,132.0557,261.49377
"471",2016-11-13 09:30:00,263.66912,140.79322,272.19027
"472",2016-11-13 09:45:00,397.578,214.66498,273.75909
"473",2016-11-13 10:00:00,396.48322,268.083,248.65797
"474",2016-11-13 10:15:00,431.22808,234.12582,333.08901
"475",2016-11-13 10:30:00,337.59558,153.40305,252.29478
"476",2016-11-13 10:45:00,356.89828,181.89928,374.94798
"477",2016-11-13 11:00:00,586.11064,317.728,321.10893
"478",2016-11-13 11:15:00,429.90282,212.57989,343.50027
"479",2016-11-13 11:30:00,579.081,285.85591,316.18854
"480",2016-11-13 11:45:00,594.81126,258.94832,314.04924
"481",2016-11-13 12:00:00,425.63894,168.89229,312.69435
"482",2016-11-13 12:15:00,594.58078,323.78469,305.63466
"483",2016-11-13 12:30:00,524.28438,250.01222,336.65451
"484",2016-11-13 12:45:00,349.63816,195.00556,264.06093
"485",2016-11-13 13:00:00,482.74036,221.61528,436.34589
"486",2016-11-13 13:15:00,391.06694,209.5019,614.26434
"487",2016-11-13 13:30:00,731.14018,219.53019,316.47378
"488",2016-11-13 13:45:00,323.42106,112.89273,303.35274
"489",2016-11-13 14:00:00,315.98808,98.19781,326.02932
"490",2016-11-13 14:15:00,259.11714,88.96384,352.84188
"491",2016-11-13 14:30:00,250.9351,77.94265,246.16212
"492",2016-11-13 14:45:00,242.98354,57.29033,195.74595
"493",2016-11-13 15:00:00,206.51008,69.503,248.80059
"494",2016-11-13 15:15:00,257.90712,39.716,199.81062
"495",2016-11-13 15:30:00,360.4131,60.36832,162.80073
"496",2016-11-13 15:45:00,329.64402,32.66641,123.58023
"497",2016-11-13 16:00:00,310.5718,37.13446,151.74768
"498",2016-11-13 16:15:00,185.36354,47.46062,105.18225
"499",2016-11-13 16:30:00,109.30514,30.28345,82.86222
"500",2016-11-13 16:45:00,54.04756,15.19137,59.9004
"501",2016-11-13 17:00:00,37.91396,11.51764,59.47254
"502",2016-11-13 17:15:00,25.00708,8.63823,37.93692
"503",2016-11-13 17:30:00,16.4217,5.56024,23.38968
"504",2016-11-13 17:45:00,11.12066,2.48225,15.04641
"505",2016-11-13 18:00:00,3.91816,0,6.20397
"506",2016-11-13 18:15:00,0.23048,0,0.57048
"507",2016-11-13 18:30:00,0,0,0
"508",2016-11-13 18:45:00,0,0,0
"509",2016-11-13 19:00:00,0,0,0
"510",2016-11-13 19:15:00,0,0,0
"511",2016-11-13 19:30:00,0,0,0
"512",2016-11-13 19:45:00,0,0,0
"513",2016-11-13 20:00:00,0,0,0
"514",2016-11-13 20:15:00,0,0,0
"515",2016-11-13 20:30:00,0,0,0
"516",2016-11-13 20:45:00,0,0,0
"517",2016-11-13 21:00:00,0,0,0
"518",2016-11-13 21:15:00,0,0,0
"519",2016-11-13 21:30:00,0,0,0
"520",2016-11-13 21:45:00,0,0,0
"521",2016-11-13 22:00:00,0,0,0
"522",2016-11-13 22:15:00,0,0,0
"523",2016-11-13 22:30:00,0,0,0
"524",2016-11-13 22:45:00,0,0,0
"525",2016-11-13 23:00:00,0,0,0
"526",2016-11-13 23:15:00,0,0,0
"527",2016-11-13 23:30:00,0,0,0
"528",2016-11-13 23:45:00,0,0,0
"529",2016-11-14 00:00:00,0,0,0
"530",2016-11-14 00:15:00,0,0,0
"531",2016-11-14 00:30:00,0,0,0
"532",2016-11-14 00:45:00,0,0,0
"533",2016-11-14 01:00:00,0,0,0
"534",2016-11-14 01:15:00,0,0,0
"535",2016-11-14 01:30:00,0,0,0
"536",2016-11-14 01:45:00,0,0,0
"537",2016-11-14 02:00:00,0,0,0
"538",2016-11-14 02:15:00,0,0,0
"539",2016-11-14 02:30:00,0,0,0
"540",2016-11-14 02:45:00,0,0,0
"541",2016-11-14 03:00:00,0,0,0
"542",2016-11-14 03:15:00,0,0,0
"543",2016-11-14 03:30:00,0,0,0
"544",2016-11-14 03:45:00,0,0,0
"545",2016-11-14 04:00:00,0,0,0
"546",2016-11-14 04:15:00,0,0,0
"547",2016-11-14 04:30:00,0,0,0
"548",2016-11-14 04:45:00,0,0,0
"549",2016-11-14 05:00:00,0,0,0
"550",2016-11-14 05:15:00,0,0,0
"551",2016-11-14 05:30:00,0,0,0
"552",2016-11-14 05:45:00,0,0,0
"553",2016-11-14 06:00:00,0,0,0
"554",2016-11-14 06:15:00,0,0,0
"555",2016-11-14 06:30:00,0,0,0
"556",2016-11-14 06:45:00,0.2881,0,1.14096
"557",2016-11-14 07:00:00,3.7453,0.09929,8.34327
"558",2016-11-14 07:15:00,12.15782,5.26237,20.82252
"559",2016-11-14 07:30:00,18.78412,10.82261,45.78102
"560",2016-11-14 07:45:00,28.75238,21.24806,105.32487
"561",2016-11-14 08:00:00,51.22418,46.07056,121.9401
"562",2016-11-14 08:15:00,85.50808,60.5669,147.82563
"563",2016-11-14 08:30:00,102.16026,96.60917,161.80239
"564",2016-11-14 08:45:00,124.22872,123.51676,179.77251
"565",2016-11-14 09:00:00,142.66712,119.74374,289.58991
"566",2016-11-14 09:15:00,173.32096,137.41736,330.23661
"567",2016-11-14 09:30:00,199.71092,159.36045,335.65617
"568",2016-11-14 09:45:00,190.95268,140.09819,339.79215
"569",2016-11-14 10:00:00,185.99736,229.26061,443.76213
"570",2016-11-14 10:15:00,174.07002,198.58,301.85523
"571",2016-11-14 10:30:00,311.20562,304.22456,317.54343
"572",2016-11-14 10:45:00,269.89208,261.82773,349.27638
"573",2016-11-14 11:00:00,499.8535,397.35858,222.41589
"574",2016-11-14 11:15:00,469.71824,448.29435,330.09399
"575",2016-11-14 11:30:00,340.07324,237.60097,340.00608
"576",2016-11-14 11:45:00,525.37916,339.67109,399.97779
"577",2016-11-14 12:00:00,478.18838,433.00369,327.88338
"578",2016-11-14 12:15:00,345.72,243.75695,433.35087
"579",2016-11-14 12:30:00,453.64226,339.77038,273.75909
"580",2016-11-14 12:45:00,426.21514,307.799,560.35398
"581",2016-11-14 13:00:00,508.4965,312.26705,288.44895
"582",2016-11-14 13:15:00,647.13022,313.16066,632.23446
"583",2016-11-14 13:30:00,494.43722,162.43844,495.17664
"584",2016-11-14 13:45:00,490.74954,150.9208,138.05616
"585",2016-11-14 14:00:00,526.12822,98.39639,231.18702
"586",2016-11-14 14:15:00,457.38756,71.19093,448.39728
"587",2016-11-14 14:30:00,424.6594,59.27613,253.8636
"588",2016-11-14 14:45:00,399.99804,51.43222,338.50857
"589",2016-11-14 15:00:00,382.5968,49.84358,277.46721
"590",2016-11-14 15:15:00,373.78094,50.04216,200.16717
"591",2016-11-14 15:30:00,199.48044,45.57411,100.61841
"592",2016-11-14 15:45:00,266.60774,30.38274,121.29831
"593",2016-11-14 16:00:00,173.09048,25.02108,111.67146
"594",2016-11-14 16:15:00,171.93808,26.11327,114.45255
"595",2016-11-14 16:30:00,82.16612,24.62392,120.01473
"596",2016-11-14 16:45:00,100.60452,27.99978,77.87052
"597",2016-11-14 17:00:00,52.7223,26.60972,73.4493
"598",2016-11-14 17:15:00,28.69476,12.60983,37.43775
"599",2016-11-14 17:30:00,16.47932,8.14178,27.38304
"600",2016-11-14 17:45:00,9.39206,3.37586,16.4013
"601",2016-11-14 18:00:00,3.11148,0.09929,5.77611
"602",2016-11-14 18:15:00,0.17286,0,0.57048
"603",2016-11-14 18:30:00,0,0,0
"604",2016-11-14 18:45:00,0,0,0
"605",2016-11-14 19:00:00,0,0,0
"606",2016-11-14 19:15:00,0,0,0
"607",2016-11-14 19:30:00,0,0,0
"608",2016-11-14 19:45:00,0,0,0
"609",2016-11-14 20:00:00,0,0,0
"610",2016-11-14 20:15:00,0,0,0
"611",2016-11-14 20:30:00,0,0,0
"612",2016-11-14 20:45:00,0,0,0
"613",2016-11-14 21:00:00,0,0,0
"614",2016-11-14 21:15:00,0,0,0
"615",2016-11-14 21:30:00,0,0,0
"616",2016-11-14 21:45:00,0,0,0
"617",2016-11-14 22:00:00,0,0,0
"618",2016-11-14 22:15:00,0,0,0
"619",2016-11-14 22:30:00,0,0,0
"620",2016-11-14 22:45:00,0,0,0
"621",2016-11-14 23:00:00,0,0,0
"622",2016-11-14 23:15:00,0,0,0
"623",2016-11-14 23:30:00,0,0,0
"624",2016-11-14 23:45:00,0,0,0
"625",2016-11-15 00:00:00,0,0,0
"626",2016-11-15 00:15:00,0,0,0
"627",2016-11-15 00:30:00,0,0,0
"628",2016-11-15 00:45:00,0,0,0
"629",2016-11-15 01:00:00,0,0,0
"630",2016-11-15 01:15:00,0,0,0
"631",2016-11-15 01:30:00,0,0,0
"632",2016-11-15 01:45:00,0,0,0
"633",2016-11-15 02:00:00,0,0,0
"634",2016-11-15 02:15:00,0,0,0
"635",2016-11-15 02:30:00,0,0,0
"636",2016-11-15 02:45:00,0,0,0
"637",2016-11-15 03:00:00,0,0,0
"638",2016-11-15 03:15:00,0,0,0
"639",2016-11-15 03:30:00,0,0,0
"640",2016-11-15 03:45:00,0,0,0
"641",2016-11-15 04:00:00,0,0,0
"642",2016-11-15 04:15:00,0,0,0
"643",2016-11-15 04:30:00,0,0,0
"644",2016-11-15 04:45:00,0,0,0
"645",2016-11-15 05:00:00,0,0,0
"646",2016-11-15 05:15:00,0,0,0
"647",2016-11-15 05:30:00,0,0,0
"648",2016-11-15 05:45:00,0,0,0
"649",2016-11-15 06:00:00,0,0,0
"650",2016-11-15 06:15:00,0,0,0
"651",2016-11-15 06:30:00,0,0,0
"652",2016-11-15 06:45:00,0.05762,0,0.64179
"653",2016-11-15 07:00:00,2.13194,0,5.91873
"654",2016-11-15 07:15:00,7.83632,3.77302,18.32667
"655",2016-11-15 07:30:00,12.3883,9.53184,39.36312
"656",2016-11-15 07:45:00,22.06846,21.34735,65.6052
"657",2016-11-15 08:00:00,28.06094,38.82239,66.96009
"658",2016-11-15 08:15:00,30.19288,40.21245,79.51065
"659",2016-11-15 08:30:00,46.78744,46.56701,129.49896
"660",2016-11-15 08:45:00,79.5156,74.76537,173.78247
"661",2016-11-15 09:00:00,119.5615,98.69426,145.18716
"662",2016-11-15 09:15:00,100.2588,75.55969,139.0545
"663",2016-11-15 09:30:00,96.57112,70.4959,171.50055
"664",2016-11-15 09:45:00,133.1022,98.89284,229.19034
"665",2016-11-15 10:00:00,100.37404,86.3823,191.39604
"666",2016-11-15 10:15:00,190.146,161.94199,340.64787
"667",2016-11-15 10:30:00,149.00532,122.52386,326.67111
"668",2016-11-15 10:45:00,150.84916,107.63036,326.31456
"669",2016-11-15 11:00:00,224.25704,252.69305,503.4486
"670",2016-11-15 11:15:00,310.05322,238.296,524.41374
"671",2016-11-15 11:30:00,166.98276,135.13369,462.73059
"672",2016-11-15 11:45:00,390.54836,397.25929,534.96762
"673",2016-11-15 12:00:00,409.102,392.89053,548.94438
"674",2016-11-15 12:15:00,425.8118,402.32308,600.28758
"675",2016-11-15 12:30:00,414.92162,324.6783,583.24449
"676",2016-11-15 12:45:00,386.57258,284.56514,532.82832
"677",2016-11-15 13:00:00,246.38312,148.63713,385.85841
"678",2016-11-15 13:15:00,236.242,134.33937,285.16869
"679",2016-11-15 13:30:00,178.9101,100.97793,398.26635
"680",2016-11-15 13:45:00,169.51804,97.20491,527.48007
"681",2016-11-15 14:00:00,192.68128,66.72288,419.51673
"682",2016-11-15 14:15:00,359.5488,66.72288,390.42225
"683",2016-11-15 14:30:00,359.37594,98.69426,315.68937
"684",2016-11-15 14:45:00,70.75736,44.38263,160.23357
"685",2016-11-15 15:00:00,87.0062,64.73708,170.14566
"686",2016-11-15 15:15:00,79.97656,48.6521,118.44591
"687",2016-11-15 15:30:00,71.7369,37.43233,117.44757
"688",2016-11-15 15:45:00,50.64798,39.31884,87.28344
"689",2016-11-15 16:00:00,56.1795,42.49612,116.2353
"690",2016-11-15 16:15:00,39.52732,30.87919,82.43436
"691",2016-11-15 16:30:00,31.51814,21.8438,61.61184
"692",2016-11-15 16:45:00,24.4885,15.29066,31.09116
"693",2016-11-15 17:00:00,11.63924,6.35456,29.30841
"694",2016-11-15 17:15:00,10.3716,7.04959,16.11606
"695",2016-11-15 17:30:00,6.45344,3.37586,13.26366
"696",2016-11-15 17:45:00,2.93862,0.19858,7.27362
"697",2016-11-15 18:00:00,0.80668,0,1.99668
"698",2016-11-15 18:15:00,0,0,0.14262
"699",2016-11-15 18:30:00,0,0,0
"700",2016-11-15 18:45:00,0,0,0
"701",2016-11-15 19:00:00,0,0,0
"702",2016-11-15 19:15:00,0,0,0
"703",2016-11-15 19:30:00,0,0,0
"704",2016-11-15 19:45:00,0,0,0
"705",2016-11-15 20:00:00,0,0,0
"706",2016-11-15 20:15:00,0,0,0
"707",2016-11-15 20:30:00,0,0,0
"708",2016-11-15 20:45:00,0,0,0
"709",2016-11-15 21:00:00,0,0,0
"710",2016-11-15 21:15:00,0,0,0
"711",2016-11-15 21:30:00,0,0,0
"712",2016-11-15 21:45:00,0,0,0
"713",2016-11-15 22:00:00,0,0,0
"714",2016-11-15 22:15:00,0,0,0
"715",2016-11-15 22:30:00,0,0,0
"716",2016-11-15 22:45:00,0,0,0
"717",2016-11-15 23:00:00,0,0,0
"718",2016-11-15 23:15:00,0,0,0
"719",2016-11-15 23:30:00,0,0,0
"720",2016-11-15 23:45:00,0,0,0
"721",2016-11-16 00:00:00,0,0,0
"722",2016-11-16 00:15:00,0,0,0
"723",2016-11-16 00:30:00,0,0,0
"724",2016-11-16 00:45:00,0,0,0
"725",2016-11-16 01:00:00,0,0,0
"726",2016-11-16 01:15:00,0,0,0
"727",2016-11-16 01:30:00,0,0,0
"728",2016-11-16 01:45:00,0,0,0
"729",2016-11-16 02:00:00,0,0,0
"730",2016-11-16 02:15:00,0,0,0
"731",2016-11-16 02:30:00,0,0,0
"732",2016-11-16 02:45:00,0,0,0
"733",2016-11-16 03:00:00,0,0,0
"734",2016-11-16 03:15:00,0,0,0
"735",2016-11-16 03:30:00,0,0,0
"736",2016-11-16 03:45:00,0,0,0
"737",2016-11-16 04:00:00,0,0,0
"738",2016-11-16 04:15:00,0,0,0
"739",2016-11-16 04:30:00,0,0,0
"740",2016-11-16 04:45:00,0,0,0
"741",2016-11-16 05:00:00,0,0,0
"742",2016-11-16 05:15:00,0,0,0
"743",2016-11-16 05:30:00,0,0,0
"744",2016-11-16 05:45:00,0,0,0
"745",2016-11-16 06:00:00,0,0,0
"746",2016-11-16 06:15:00,0,0,0
"747",2016-11-16 06:30:00,0,0,0
"748",2016-11-16 06:45:00,0,0,0.78441
"749",2016-11-16 07:00:00,1.78622,0,6.63183
"750",2016-11-16 07:15:00,6.39582,3.07799,18.32667
"751",2016-11-16 07:30:00,12.15782,9.73042,37.72299
"752",2016-11-16 07:45:00,18.09268,18.26936,60.18564
"753",2016-11-16 08:00:00,25.3528,30.58132,84.35973
"754",2016-11-16 08:15:00,34.572,43.88618,115.5222
"755",2016-11-16 08:30:00,47.93984,61.5598,141.33642
"756",2016-11-16 08:45:00,69.83544,82.21212,182.12574
"757",2016-11-16 09:00:00,96.68636,114.38208,215.3562
"758",2016-11-16 09:15:00,120.88676,136.22588,248.23011
"759",2016-11-16 09:30:00,147.56482,165.21856,279.60651
"760",2016-11-16 09:45:00,172.62952,185.27514,320.53845
"761",2016-11-16 10:00:00,197.46374,219.53019,357.40572
"762",2016-11-16 10:15:00,227.71424,248.32429,400.47696
"763",2016-11-16 10:30:00,250.30128,272.15389,432.28122
"764",2016-11-16 10:45:00,241.02446,250.2108,451.89147
"765",2016-11-16 11:00:00,240.5635,218.23942,460.80522
"766",2016-11-16 11:15:00,259.17476,265.30288,523.27278
"767",2016-11-16 11:30:00,327.97304,317.62871,514.8582
"768",2016-11-16 11:45:00,330.62356,343.64269,554.57787
"769",2016-11-16 12:00:00,329.24068,350.79157,406.68093
"770",2016-11-16 12:15:00,319.5029,312.36634,379.93968
"771",2016-11-16 12:30:00,154.24874,143.87121,340.79049
"772",2016-11-16 12:45:00,174.8767,139.10529,415.30944
"773",2016-11-16 13:00:00,176.8934,155.28956,375.30453
"774",2016-11-16 13:15:00,169.57566,144.66553,282.60153
"775",2016-11-16 13:30:00,247.07456,137.0202,418.80363
"776",2016-11-16 13:45:00,240.79398,99.58787,484.12359
"777",2016-11-16 14:00:00,253.64324,85.78656,342.288
"778",2016-11-16 14:15:00,222.9894,66.22643,334.30128
"779",2016-11-16 14:30:00,197.9247,53.21944,288.02109
"780",2016-11-16 14:45:00,189.97314,43.58831,198.88359
"781",2016-11-16 15:00:00,163.75604,39.41813,233.75418
"782",2016-11-16 15:15:00,186.51594,31.37564,201.66468
"783",2016-11-16 15:30:00,174.53098,28.49623,172.42758
"784",2016-11-16 15:45:00,140.82328,29.68771,124.22202
"785",2016-11-16 16:00:00,52.54944,27.50333,103.25688
"786",2016-11-16 16:15:00,34.16866,26.11327,77.44266
"787",2016-11-16 16:30:00,21.72274,15.78711,61.89708
"788",2016-11-16 16:45:00,29.0981,22.63812,71.16738
"789",2016-11-16 17:00:00,21.78036,19.95729,43.92696
"790",2016-11-16 17:15:00,14.28976,8.43965,37.93692
"791",2016-11-16 17:30:00,10.42922,6.55314,23.38968
"792",2016-11-16 17:45:00,3.68768,1.09219,12.97842
"793",2016-11-16 18:00:00,0.97954,0,3.99336
"794",2016-11-16 18:15:00,0,0,0.21393
"795",2016-11-16 18:30:00,0,0,0
"796",2016-11-16 18:45:00,0,0,0
"797",2016-11-16 19:00:00,0,0,0
"798",2016-11-16 19:15:00,0,0,0
"799",2016-11-16 19:30:00,0,0,0
"800",2016-11-16 19:45:00,0,0,0
"801",2016-11-16 20:00:00,0,0,0
"802",2016-11-16 20:15:00,0,0,0
"803",2016-11-16 20:30:00,0,0,0
"804",2016-11-16 20:45:00,0,0,0
"805",2016-11-16 21:00:00,0,0,0
"806",2016-11-16 21:15:00,0,0,0
"807",2016-11-16 21:30:00,0,0,0
"808",2016-11-16 21:45:00,0,0,0
"809",2016-11-16 22:00:00,0,0,0
"810",2016-11-16 22:15:00,0,0,0
"811",2016-11-16 22:30:00,0,0,0
"812",2016-11-16 22:45:00,0,0,0
"813",2016-11-16 23:00:00,0,0,0
"814",2016-11-16 23:15:00,0,0,0
"815",2016-11-16 23:30:00,0,0,0
"816",2016-11-16 23:45:00,0,0,0
"817",2016-11-17 00:00:00,0,0,0
"818",2016-11-17 00:15:00,0,0,0
"819",2016-11-17 00:30:00,0,0,0
"820",2016-11-17 00:45:00,0,0,0
"821",2016-11-17 01:00:00,0,0,0
"822",2016-11-17 01:15:00,0,0,0
"823",2016-11-17 01:30:00,0,0,0
"824",2016-11-17 01:45:00,0,0,0
"825",2016-11-17 02:00:00,0,0,0
"826",2016-11-17 02:15:00,0,0,0
"827",2016-11-17 02:30:00,0,0,0
"828",2016-11-17 02:45:00,0,0,0
"829",2016-11-17 03:00:00,0,0,0
"830",2016-11-17 03:15:00,0,0,0
"831",2016-11-17 03:30:00,0,0,0
"832",2016-11-17 03:45:00,0,0,0
"833",2016-11-17 04:00:00,0,0,0
"834",2016-11-17 04:15:00,0,0,0
"835",2016-11-17 04:30:00,0,0,0
"836",2016-11-17 04:45:00,0,0,0
"837",2016-11-17 05:00:00,0,0,0
"838",2016-11-17 05:15:00,0,0,0
"839",2016-11-17 05:30:00,0,0,0
"840",2016-11-17 05:45:00,0,0,0
"841",2016-11-17 06:00:00,0,0,0
"842",2016-11-17 06:15:00,0,0,0
"843",2016-11-17 06:30:00,0,0,0
"844",2016-11-17 06:45:00,0,0,0.28524
"845",2016-11-17 07:00:00,0.2881,0,4.13598
"846",2016-11-17 07:15:00,1.7286,1.78722,16.54392
"847",2016-11-17 07:30:00,5.4739,8.83681,36.51072
"848",2016-11-17 07:45:00,14.1169,27.10617,69.81249
"849",2016-11-17 08:00:00,17.80458,37.82949,112.74111
"850",2016-11-17 08:15:00,35.4363,66.32572,123.65154
"851",2016-11-17 08:30:00,26.2171,48.25494,161.30322
"852",2016-11-17 08:45:00,28.00332,53.21944,138.19878
"853",2016-11-17 09:00:00,42.40832,75.06324,166.79409
"854",2016-11-17 09:15:00,53.35612,93.43189,249.44238
"855",2016-11-17 09:30:00,74.73314,143.77192,281.6745
"856",2016-11-17 09:45:00,94.61204,168.19726,294.29637
"857",2016-11-17 10:00:00,84.7014,150.32506,285.24
"858",2016-11-17 10:15:00,65.57156,116.66575,266.84202
"859",2016-11-17 10:30:00,68.62542,136.52375,290.37432
"860",2016-11-17 10:45:00,50.87846,108.92113,410.0325
"861",2016-11-17 11:00:00,73.00454,126.29688,263.20521
"862",2016-11-17 11:15:00,57.96572,110.2119,379.15527
"863",2016-11-17 11:30:00,101.46882,179.81419,503.59122
"864",2016-11-17 11:45:00,83.549,157.37465,543.31089
"865",2016-11-17 12:00:00,100.77738,218.63658,383.79042
"866",2016-11-17 12:15:00,154.19112,265.89862,294.29637
"867",2016-11-17 12:30:00,194.29464,99.29,224.55519
"868",2016-11-17 12:45:00,229.15474,103.65876,281.03271
"869",2016-11-17 13:00:00,255.94804,81.91425,265.91499
"870",2016-11-17 13:15:00,153.44206,52.72299,223.55685
"871",2016-11-17 13:30:00,180.86918,77.54549,243.38103
"872",2016-11-17 13:45:00,192.50842,68.70868,249.51369
"873",2016-11-17 14:00:00,445.86356,116.46717,290.2317
"874",2016-11-17 14:15:00,396.48322,95.02053,204.30315
"875",2016-11-17 14:30:00,516.5633,103.36089,318.39915
"876",2016-11-17 14:45:00,517.7157,100.38219,357.61965
"877",2016-11-17 15:00:00,432.95668,145.36056,236.25003
"878",2016-11-17 15:15:00,346.81478,352.08234,226.90842
"879",2016-11-17 15:30:00,461.01762,383.35869,167.93505
"880",2016-11-17 15:45:00,445.28736,365.88365,137.55699
"881",2016-11-17 16:00:00,378.90912,306.60752,113.66814
"882",2016-11-17 16:15:00,313.51042,261.1327,97.05291
"883",2016-11-17 16:30:00,195.6199,206.02675,82.36305
"884",2016-11-17 16:45:00,181.44538,164.12637,67.45926
"885",2016-11-17 17:00:00,44.6555,73.17673,42.57207
"886",2016-11-17 17:15:00,34.05342,39.21955,28.02483
"887",2016-11-17 17:30:00,25.12232,27.90049,21.03645
"888",2016-11-17 17:45:00,14.46262,15.38995,12.8358
"889",2016-11-17 18:00:00,5.01294,3.67373,4.49253
"890",2016-11-17 18:15:00,0.34572,0,0.35655
"891",2016-11-17 18:30:00,0,0,0
"892",2016-11-17 18:45:00,0,0,0
"893",2016-11-17 19:00:00,0,0,0
"894",2016-11-17 19:15:00,0,0,0
"895",2016-11-17 19:30:00,0,0,0
"896",2016-11-17 19:45:00,0,0,0
"897",2016-11-17 20:00:00,0,0,0
"898",2016-11-17 20:15:00,0,0,0
"899",2016-11-17 20:30:00,0,0,0
"900",2016-11-17 20:45:00,0,0,0
"901",2016-11-17 21:00:00,0,0,0
"902",2016-11-17 21:15:00,0,0,0
"903",2016-11-17 21:30:00,0,0,0
"904",2016-11-17 21:45:00,0,0,0
"905",2016-11-17 22:00:00,0,0,0
"906",2016-11-17 22:15:00,0,0,0
"907",2016-11-17 22:30:00,0,0,0
"908",2016-11-17 22:45:00,0,0,0
"909",2016-11-17 23:00:00,0,0,0
"910",2016-11-17 23:15:00,0,0,0
"911",2016-11-17 23:30:00,0,0,0
"912",2016-11-17 23:45:00,0,0,0
"913",2016-11-18 00:00:00,0,0,0
"914",2016-11-18 00:15:00,0,0,0
"915",2016-11-18 00:30:00,0,0,0
"916",2016-11-18 00:45:00,0,0,0
"917",2016-11-18 01:00:00,0,0,0
"918",2016-11-18 01:15:00,0,0,0
"919",2016-11-18 01:30:00,0,0,0
"920",2016-11-18 01:45:00,0,0,0
"921",2016-11-18 02:00:00,0,0,0
"922",2016-11-18 02:15:00,0,0,0
"923",2016-11-18 02:30:00,0,0,0
"924",2016-11-18 02:45:00,0,0,0
"925",2016-11-18 03:00:00,0,0,0
"926",2016-11-18 03:15:00,0,0,0
"927",2016-11-18 03:30:00,0,0,0
"928",2016-11-18 03:45:00,0,0,0
"929",2016-11-18 04:00:00,0,0,0
"930",2016-11-18 04:15:00,0,0,0
"931",2016-11-18 04:30:00,0,0,0
"932",2016-11-18 04:45:00,0,0,0
"933",2016-11-18 05:00:00,0,0,0
"934",2016-11-18 05:15:00,0,0,0
"935",2016-11-18 05:30:00,0,0,0
"936",2016-11-18 05:45:00,0,0,0
"937",2016-11-18 06:00:00,0,0,0
"938",2016-11-18 06:15:00,0,0,0
"939",2016-11-18 06:30:00,0,0,0
"940",2016-11-18 06:45:00,0.11524,0,0.35655
"941",2016-11-18 07:00:00,2.76576,0,3.99336
"942",2016-11-18 07:15:00,7.43298,2.58154,8.62851
"943",2016-11-18 07:30:00,25.58328,29.38984,31.66164
"944",2016-11-18 07:45:00,39.64256,44.6805,39.00657
"945",2016-11-18 08:00:00,64.59202,69.70158,65.46258
"946",2016-11-18 08:15:00,89.5991,103.06302,123.00975
"947",2016-11-18 08:30:00,131.31598,144.46695,112.52718
"948",2016-11-18 08:45:00,124.97778,142.9776,92.41776
"949",2016-11-18 09:00:00,111.03374,131.16209,165.51051
"950",2016-11-18 09:15:00,186.17022,256.66465,301.71261
"951",2016-11-18 09:30:00,270.64114,450.7766,177.34797
"952",2016-11-18 09:45:00,193.3151,313.35924,291.44397
"953",2016-11-18 10:00:00,179.65916,419.30167,393.41727
"954",2016-11-18 10:15:00,294.32296,542.91772,399.62124
"955",2016-11-18 10:30:00,307.9789,511.3435,463.44369
"956",2016-11-18 10:45:00,385.13208,581.24366,432.92301
"957",2016-11-18 11:00:00,389.39596,629.89576,483.19656
"958",2016-11-18 11:15:00,447.18882,662.66146,532.40046
"959",2016-11-18 11:30:00,467.81678,685.101,532.18653
"960",2016-11-18 11:45:00,489.59714,715.08658,559.21302
"961",2016-11-18 12:00:00,477.03598,679.34218,548.65914
"962",2016-11-18 12:15:00,638.94818,738.41973,503.37729
"963",2016-11-18 12:30:00,554.0163,662.16501,363.60969
"964",2016-11-18 12:45:00,701.63874,779.22792,631.8066
"965",2016-11-18 13:00:00,453.23892,533.98162,546.9477
"966",2016-11-18 13:15:00,701.92684,698.20728,682.4367
"967",2016-11-18 13:30:00,478.64934,732.7602,664.25265
"968",2016-11-18 13:45:00,642.69348,718.8596,535.96596
"969",2016-11-18 14:00:00,436.52912,511.3435,313.0509
"970",2016-11-18 14:15:00,334.88744,448.59222,226.55187
"971",2016-11-18 14:30:00,592.0455,547.78293,177.77583
"972",2016-11-18 14:45:00,497.37584,534.67665,146.96991
"973",2016-11-18 15:00:00,470.06396,533.78304,199.24014
"974",2016-11-18 15:15:00,408.5258,495.95355,186.1191
"975",2016-11-18 15:30:00,226.33136,324.18185,174.49557
"976",2016-11-18 15:45:00,171.64998,249.11861,158.3082
"977",2016-11-18 16:00:00,164.15938,289.82751,151.46244
"978",2016-11-18 16:15:00,209.7368,239.09032,119.01639
"979",2016-11-18 16:30:00,79.45798,98.99213,92.41776
"980",2016-11-18 16:45:00,141.11138,213.4735,122.22534
"981",2016-11-18 17:00:00,50.59036,99.09142,75.23205
"982",2016-11-18 17:15:00,36.93442,58.5811,44.85399
"983",2016-11-18 17:30:00,26.73568,34.7515,32.51736
"984",2016-11-18 17:45:00,13.77118,18.26936,15.26034
"985",2016-11-18 18:00:00,2.53528,2.08509,3.77943
"986",2016-11-18 18:15:00,0.05762,0,0.28524
"987",2016-11-18 18:30:00,0,0,0
"988",2016-11-18 18:45:00,0,0,0
"989",2016-11-18 19:00:00,0,0,0
"990",2016-11-18 19:15:00,0,0,0
"991",2016-11-18 19:30:00,0,0,0
"992",2016-11-18 19:45:00,0,0,0
"993",2016-11-18 20:00:00,0,0,0
"994",2016-11-18 20:15:00,0,0,0
"995",2016-11-18 20:30:00,0,0,0
"996",2016-11-18 20:45:00,0,0,0
"997",2016-11-18 21:00:00,0,0,0
"998",2016-11-18 21:15:00,0,0,0
"999",2016-11-18 21:30:00,0,0,0
"1000",2016-11-18 21:45:00,0,0,0
"1001",2016-11-18 22:00:00,0,0,0
"1002",2016-11-18 22:15:00,0,0,0
"1003",2016-11-18 22:30:00,0,0,0
"1004",2016-11-18 22:45:00,0,0,0
"1005",2016-11-18 23:00:00,0,0,0
"1006",2016-11-18 23:15:00,0,0,0
"1007",2016-11-18 23:30:00,0,0,0
"1008",2016-11-18 23:45:00,0,0,0
"1009",2016-11-19 00:00:00,0,0,0
"1010",2016-11-19 00:15:00,0,0,0
"1011",2016-11-19 00:30:00,0,0,0
"1012",2016-11-19 00:45:00,0,0,0
"1013",2016-11-19 01:00:00,0,0,0
"1014",2016-11-19 01:15:00,0,0,0
"1015",2016-11-19 01:30:00,0,0,0
"1016",2016-11-19 01:45:00,0,0,0
"1017",2016-11-19 02:00:00,0,0,0
"1018",2016-11-19 02:15:00,0,0,0
"1019",2016-11-19 02:30:00,0,0,0
"1020",2016-11-19 02:45:00,0,0,0
"1021",2016-11-19 03:00:00,0,0,0
"1022",2016-11-19 03:15:00,0,0,0
"1023",2016-11-19 03:30:00,0,0,0
"1024",2016-11-19 03:45:00,0,0,0
"1025",2016-11-19 04:00:00,0,0,0
"1026",2016-11-19 04:15:00,0,0,0
"1027",2016-11-19 04:30:00,0,0,0
"1028",2016-11-19 04:45:00,0,0,0
"1029",2016-11-19 05:00:00,0,0,0
"1030",2016-11-19 05:15:00,0,0,0
"1031",2016-11-19 05:30:00,0,0,0
"1032",2016-11-19 05:45:00,0,0,0
"1033",2016-11-19 06:00:00,0,0,0
"1034",2016-11-19 06:15:00,0,0,0
"1035",2016-11-19 06:30:00,0,0,0
"1036",2016-11-19 06:45:00,0,0,0.21393
"1037",2016-11-19 07:00:00,1.1524,0.29787,2.42454
"1038",2016-11-19 07:15:00,5.87724,7.14888,13.97676
"1039",2016-11-19 07:30:00,14.1169,21.04948,44.06958
"1040",2016-11-19 07:45:00,34.16866,50.04216,42.92862
"1041",2016-11-19 08:00:00,77.4989,93.72976,67.88712
"1042",2016-11-19 08:15:00,89.48386,107.13391,107.6781
"1043",2016-11-19 08:30:00,188.18692,236.21091,132.20874
"1044",2016-11-19 08:45:00,114.89428,147.14778,96.76767
"1045",2016-11-19 09:00:00,97.32018,133.54505,137.27175
"1046",2016-11-19 09:15:00,211.92636,311.86989,150.39279
"1047",2016-11-19 09:30:00,146.87338,217.64368,207.72603
"1048",2016-11-19 09:45:00,184.9602,224.79256,152.03292
"1049",2016-11-19 10:00:00,151.71346,253.09021,436.13196
"1050",2016-11-19 10:15:00,256.46662,371.74176,375.73239
"1051",2016-11-19 10:30:00,216.13262,339.96896,334.15866
"1052",2016-11-19 10:45:00,169.28756,257.45897,241.17042
"1053",2016-11-19 11:00:00,300.37306,452.26595,147.68301
"1054",2016-11-19 11:15:00,170.32472,259.54406,165.93837
"1055",2016-11-19 11:30:00,159.49216,262.91992,323.39085
"1056",2016-11-19 11:45:00,297.95302,428.9328,331.09233
"1057",2016-11-19 12:00:00,111.7828,199.07645,210.3645
"1058",2016-11-19 12:15:00,244.76976,358.93335,209.6514
"1059",2016-11-19 12:30:00,156.03496,245.84204,329.88006
"1060",2016-11-19 12:45:00,153.38444,229.65777,203.2335
"1061",2016-11-19 13:00:00,184.384,309.28835,241.0278
"1062",2016-11-19 13:15:00,169.51804,296.18207,363.32445
"1063",2016-11-19 13:30:00,241.1397,373.52898,329.59482
"1064",2016-11-19 13:45:00,199.82616,311.86989,189.82722
"1065",2016-11-19 14:00:00,143.70428,233.3315,194.31975
"1066",2016-11-19 14:15:00,190.26124,295.48704,224.91174
"1067",2016-11-19 14:30:00,177.70008,298.96219,208.72437
"1068",2016-11-19 14:45:00,113.62664,195.30343,148.53873
"1069",2016-11-19 15:00:00,88.38908,163.43134,138.55533
"1070",2016-11-19 15:15:00,88.10098,159.06258,164.15562
"1071",2016-11-19 15:30:00,116.21954,208.40971,159.09261
"1072",2016-11-19 15:45:00,47.13316,81.71567,96.2685
"1073",2016-11-19 16:00:00,48.63128,87.57378,68.60022
"1074",2016-11-19 16:15:00,31.86386,64.5385,53.4825
"1075",2016-11-19 16:30:00,27.54236,50.83648,44.49744
"1076",2016-11-19 16:45:00,26.5052,53.81518,39.07788
"1077",2016-11-19 17:00:00,14.405,27.20546,27.88221
"1078",2016-11-19 17:15:00,13.5407,27.20546,17.8275
"1079",2016-11-19 17:30:00,6.74154,12.9077,14.90379
"1080",2016-11-19 17:45:00,3.1691,4.36876,5.99004
"1081",2016-11-19 18:00:00,0.46096,0,1.78275
"1082",2016-11-19 18:15:00,0,0,0.07131
"1083",2016-11-19 18:30:00,0,0,0
"1084",2016-11-19 18:45:00,0,0,0
"1085",2016-11-19 19:00:00,0,0,0
"1086",2016-11-19 19:15:00,0,0,0
"1087",2016-11-19 19:30:00,0,0,0
"1088",2016-11-19 19:45:00,0,0,0
"1089",2016-11-19 20:00:00,0,0,0
"1090",2016-11-19 20:15:00,0,0,0
"1091",2016-11-19 20:30:00,0,0,0
"1092",2016-11-19 20:45:00,0,0,0
"1093",2016-11-19 21:00:00,0,0,0
"1094",2016-11-19 21:15:00,0,0,0
"1095",2016-11-19 21:30:00,0,0,0
"1096",2016-11-19 21:45:00,0,0,0
"1097",2016-11-19 22:00:00,0,0,0
"1098",2016-11-19 22:15:00,0,0,0
"1099",2016-11-19 22:30:00,0,0,0
"1100",2016-11-19 22:45:00,0,0,0
"1101",2016-11-19 23:00:00,0,0,0
"1102",2016-11-19 23:15:00,0,0,0
"1103",2016-11-19 23:30:00,0,0,0
"1104",2016-11-19 23:45:00,0,0,0
"1105",2016-11-20 00:00:00,0,0,0
"1106",2016-11-20 00:15:00,0,0,0
"1107",2016-11-20 00:30:00,0,0,0
"1108",2016-11-20 00:45:00,0,0,0
"1109",2016-11-20 01:00:00,0,0,0
"1110",2016-11-20 01:15:00,0,0,0
"1111",2016-11-20 01:30:00,0,0,0
"1112",2016-11-20 01:45:00,0,0,0
"1113",2016-11-20 02:00:00,0,0,0
"1114",2016-11-20 02:15:00,0,0,0
"1115",2016-11-20 02:30:00,0,0,0
"1116",2016-11-20 02:45:00,0,0,0
"1117",2016-11-20 03:00:00,0,0,0
"1118",2016-11-20 03:15:00,0,0,0
"1119",2016-11-20 03:30:00,0,0,0
"1120",2016-11-20 03:45:00,0,0,0
"1121",2016-11-20 04:00:00,0,0,0
"1122",2016-11-20 04:15:00,0,0,0
"1123",2016-11-20 04:30:00,0,0,0
"1124",2016-11-20 04:45:00,0,0,0
"1125",2016-11-20 05:00:00,0,0,0
"1126",2016-11-20 05:15:00,0,0,0
"1127",2016-11-20 05:30:00,0,0,0
"1128",2016-11-20 05:45:00,0,0,0
"1129",2016-11-20 06:00:00,0,0,0
"1130",2016-11-20 06:15:00,0,0,0
"1131",2016-11-20 06:30:00,0,0,0
"1132",2016-11-20 06:45:00,0,0,0.14262
"1133",2016-11-20 07:00:00,0.80668,0,2.49585
"1134",2016-11-20 07:15:00,3.68768,8.34036,16.11606
"1135",2016-11-20 07:30:00,10.02588,23.23386,22.67658
"1136",2016-11-20 07:45:00,15.78788,34.85079,44.71137
"1137",2016-11-20 08:00:00,28.40666,70.19803,47.0646
"1138",2016-11-20 08:15:00,52.54944,104.05592,86.64165
"1139",2016-11-20 08:30:00,56.52522,134.83582,111.74277
"1140",2016-11-20 08:45:00,77.90224,171.67241,130.4973
"1141",2016-11-20 09:00:00,80.49514,182.59431,136.13079
"1142",2016-11-20 09:15:00,129.0688,307.50113,246.51867
"1143",2016-11-20 09:30:00,78.24796,418.80522,248.94321
"1144",2016-11-20 09:45:00,158.51262,450.57802,291.37266
"1145",2016-11-20 10:00:00,234.97436,476.39342,342.00276
"1146",2016-11-20 10:15:00,166.75228,377.99703,259.06923
"1147",2016-11-20 10:30:00,160.52932,448.09577,300.28641
"1148",2016-11-20 10:45:00,225.75516,519.08812,380.93802
"1149",2016-11-20 11:00:00,265.85868,566.05229,441.76545
"1150",2016-11-20 11:15:00,297.6073,598.91728,513.14676
"1151",2016-11-20 11:30:00,320.02148,635.35671,574.18812
"1152",2016-11-20 11:45:00,330.56594,651.73956,540.17325
"1153",2016-11-20 12:00:00,339.49704,700.68953,600.21627
"1154",2016-11-20 12:15:00,283.60564,542.42127,589.7337
"1155",2016-11-20 12:30:00,316.50666,637.14393,580.32078
"1156",2016-11-20 12:45:00,385.36256,698.90231,617.90115
"1157",2016-11-20 13:00:00,372.97426,653.82465,634.73031
"1158",2016-11-20 13:15:00,350.38722,563.86791,503.16336
"1159",2016-11-20 13:30:00,365.25318,587.10177,188.82888
"1160",2016-11-20 13:45:00,350.6177,604.27894,158.80737
"1161",2016-11-20 14:00:00,197.57898,443.72701,114.096
"1162",2016-11-20 14:15:00,316.79476,586.60532,169.0047
"1163",2016-11-20 14:30:00,124.34396,285.55804,178.06107
"1164",2016-11-20 14:45:00,152.63538,353.27382,162.30156
"1165",2016-11-20 15:00:00,172.62952,355.85536,132.13743
"1166",2016-11-20 15:15:00,146.58528,287.44455,109.96002
"1167",2016-11-20 15:30:00,141.39948,348.21003,173.35461
"1168",2016-11-20 15:45:00,132.98696,386.03952,202.23516
"1169",2016-11-20 16:00:00,129.0688,333.31653,107.6781
"1170",2016-11-20 16:15:00,98.87592,222.50889,100.19055
"1171",2016-11-20 16:30:00,35.09058,145.9563,92.27514
"1172",2016-11-20 16:45:00,43.61834,124.50966,74.59026
"1173",2016-11-20 17:00:00,21.54988,58.87897,42.00159
"1174",2016-11-20 17:15:00,17.05552,50.93577,39.00657
"1175",2016-11-20 17:30:00,10.9478,31.87209,22.74789
"1176",2016-11-20 17:45:00,4.49436,12.51054,9.2703
"1177",2016-11-20 18:00:00,0.69144,1.09219,2.21061
"1178",2016-11-20 18:15:00,0,0,0.14262
"1179",2016-11-20 18:30:00,0,0,0
"1180",2016-11-20 18:45:00,0,0,0
"1181",2016-11-20 19:00:00,0,0,0
"1182",2016-11-20 19:15:00,0,0,0
"1183",2016-11-20 19:30:00,0,0,0
"1184",2016-11-20 19:45:00,0,0,0
"1185",2016-11-20 20:00:00,0,0,0
"1186",2016-11-20 20:15:00,0,0,0
"1187",2016-11-20 20:30:00,0,0,0
"1188",2016-11-20 20:45:00,0,0,0
"1189",2016-11-20 21:00:00,0,0,0
"1190",2016-11-20 21:15:00,0,0,0
"1191",2016-11-20 21:30:00,0,0,0
"1192",2016-11-20 21:45:00,0,0,0
"1193",2016-11-20 22:00:00,0,0,0
"1194",2016-11-20 22:15:00,0,0,0
"1195",2016-11-20 22:30:00,0,0,0
"1196",2016-11-20 22:45:00,0,0,0
"1197",2016-11-20 23:00:00,0,0,0
"1198",2016-11-20 23:15:00,0,0,0
"1199",2016-11-20 23:30:00,0,0,0
"1200",2016-11-20 23:45:00,0,0,0
"1201",2016-11-21 00:00:00,0,0,0
"1202",2016-11-21 00:15:00,0,0,0
"1203",2016-11-21 00:30:00,0,0,0
"1204",2016-11-21 00:45:00,0,0,0
"1205",2016-11-21 01:00:00,0,0,0
"1206",2016-11-21 01:15:00,0,0,0
"1207",2016-11-21 01:30:00,0,0,0
"1208",2016-11-21 01:45:00,0,0,0
"1209",2016-11-21 02:00:00,0,0,0
"1210",2016-11-21 02:15:00,0,0,0
"1211",2016-11-21 02:30:00,0,0,0
"1212",2016-11-21 02:45:00,0,0,0
"1213",2016-11-21 03:00:00,0,0,0
"1214",2016-11-21 03:15:00,0,0,0
"1215",2016-11-21 03:30:00,0,0,0
"1216",2016-11-21 03:45:00,0,0,0
"1217",2016-11-21 04:00:00,0,0,0
"1218",2016-11-21 04:15:00,0,0,0
"1219",2016-11-21 04:30:00,0,0,0
"1220",2016-11-21 04:45:00,0,0,0
"1221",2016-11-21 05:00:00,0,0,0
"1222",2016-11-21 05:15:00,0,0,0
"1223",2016-11-21 05:30:00,0,0,0
"1224",2016-11-21 05:45:00,0,0,0
"1225",2016-11-21 06:00:00,0,0,0
"1226",2016-11-21 06:15:00,0,0,0
"1227",2016-11-21 06:30:00,0,0,0
"1228",2016-11-21 06:45:00,0,0,0.28524
"1229",2016-11-21 07:00:00,1.09478,0.09929,3.77943
"1230",2016-11-21 07:15:00,4.66722,7.24817,8.77113
"1231",2016-11-21 07:30:00,10.54446,18.96439,22.60527
"1232",2016-11-21 07:45:00,12.50354,25.02108,23.03313
"1233",2016-11-21 08:00:00,15.96074,30.38274,19.32501
"1234",2016-11-21 08:15:00,19.12984,36.34014,33.01653
"1235",2016-11-21 08:30:00,25.52566,50.24074,56.62014
"1236",2016-11-21 08:45:00,35.26344,75.4604,60.18564
"1237",2016-11-21 09:00:00,42.0626,90.3539,79.22541
"1238",2016-11-21 09:15:00,52.4342,116.86433,80.93685
"1239",2016-11-21 09:30:00,47.36364,106.43888,136.55865
"1240",2016-11-21 09:45:00,96.11016,209.60119,172.21365
"1241",2016-11-21 10:00:00,99.91308,231.54428,153.3165
"1242",2016-11-21 10:15:00,71.96738,165.21856,91.41942
"1243",2016-11-21 10:30:00,68.91352,148.14068,128.64324
"1244",2016-11-21 10:45:00,48.17032,108.12681,88.56702
"1245",2016-11-21 11:00:00,66.95444,161.44554,127.6449
"1246",2016-11-21 11:15:00,62.92104,151.51654,190.25508
"1247",2016-11-21 11:30:00,94.90014,221.4167,234.18204
"1248",2016-11-21 11:45:00,120.08008,283.37366,176.34963
"1249",2016-11-21 12:00:00,125.0354,283.27437,221.27493
"1250",2016-11-21 12:15:00,131.43122,320.50812,264.06093
"1251",2016-11-21 12:30:00,131.25836,310.18196,300.50034
"1252",2016-11-21 12:45:00,111.84042,243.35979,179.98644
"1253",2016-11-21 13:00:00,91.67342,185.87088,103.75605
"1254",2016-11-21 13:15:00,57.96572,131.75783,92.77431
"1255",2016-11-21 13:30:00,54.68138,127.88552,108.96168
"1256",2016-11-21 13:45:00,53.70184,140.89251,182.76753
"1257",2016-11-21 14:00:00,71.04546,193.01976,190.54032
"1258",2016-11-21 14:15:00,102.04502,263.71424,159.66309
"1259",2016-11-21 14:30:00,89.65672,244.74985,183.55194
"1260",2016-11-21 14:45:00,77.26842,211.18983,152.03292
"1261",2016-11-21 15:00:00,53.70184,150.9208,131.63826
"1262",2016-11-21 15:15:00,47.07554,138.50955,138.76926
"1263",2016-11-21 15:30:00,43.04214,125.20469,123.58023
"1264",2016-11-21 15:45:00,33.82294,93.43189,117.59019
"1265",2016-11-21 16:00:00,42.23546,104.65166,61.89708
"1266",2016-11-21 16:15:00,17.51648,42.99257,47.99163
"1267",2016-11-21 16:30:00,15.73026,49.14855,32.16081
"1268",2016-11-21 16:45:00,8.18204,27.70191,22.32003
"1269",2016-11-21 17:00:00,7.83632,22.63812,18.61191
"1270",2016-11-21 17:15:00,4.3215,13.60273,14.11938
"1271",2016-11-21 17:30:00,1.1524,9.82971,6.84576
"1272",2016-11-21 17:45:00,0.5762,0.69503,1.85406
"1273",2016-11-21 18:00:00,0,0,0.21393
"1274",2016-11-21 18:15:00,0,0,0
"1275",2016-11-21 18:30:00,0,0,0
"1276",2016-11-21 18:45:00,0,0,0
"1277",2016-11-21 19:00:00,0,0,0
"1278",2016-11-21 19:15:00,0,0,0
"1279",2016-11-21 19:30:00,0,0,0
"1280",2016-11-21 19:45:00,0,0,0
"1281",2016-11-21 20:00:00,0,0,0
"1282",2016-11-21 20:15:00,0,0,0
"1283",2016-11-21 20:30:00,0,0,0
"1284",2016-11-21 20:45:00,0,0,0
"1285",2016-11-21 21:00:00,0,0,0
"1286",2016-11-21 21:15:00,0,0,0
"1287",2016-11-21 21:30:00,0,0,0
"1288",2016-11-21 21:45:00,0,0,0
"1289",2016-11-21 22:00:00,0,0,0
"1290",2016-11-21 22:15:00,0,0,0
"1291",2016-11-21 22:30:00,0,0,0
"1292",2016-11-21 22:45:00,0,0,0
"1293",2016-11-21 23:00:00,0,0,0
"1294",2016-11-21 23:15:00,0,0,0
"1295",2016-11-21 23:30:00,0,0,0
"1296",2016-11-21 23:45:00,0,0,0
"1297",2016-11-22 00:00:00,0,0,0
"1298",2016-11-22 00:15:00,0,0,0
"1299",2016-11-22 00:30:00,0,0,0
"1300",2016-11-22 00:45:00,0,0,0
"1301",2016-11-22 01:00:00,0,0,0
"1302",2016-11-22 01:15:00,0,0,0
"1303",2016-11-22 01:30:00,0,0,0
"1304",2016-11-22 01:45:00,0,0,0
"1305",2016-11-22 02:00:00,0,0,0
"1306",2016-11-22 02:15:00,0,0,0
"1307",2016-11-22 02:30:00,0,0,0
"1308",2016-11-22 02:45:00,0,0,0
"1309",2016-11-22 03:00:00,0,0,0
"1310",2016-11-22 03:15:00,0,0,0
"1311",2016-11-22 03:30:00,0,0,0
"1312",2016-11-22 03:45:00,0,0,0
"1313",2016-11-22 04:00:00,0,0,0
"1314",2016-11-22 04:15:00,0,0,0
"1315",2016-11-22 04:30:00,0,0,0
"1316",2016-11-22 04:45:00,0,0,0
"1317",2016-11-22 05:00:00,0,0,0
"1318",2016-11-22 05:15:00,0,0,0
"1319",2016-11-22 05:30:00,0,0,0
"1320",2016-11-22 05:45:00,0,0,0
"1321",2016-11-22 06:00:00,0,0,0
"1322",2016-11-22 06:15:00,0,0,0
"1323",2016-11-22 06:30:00,0,0,0
"1324",2016-11-22 06:45:00,0,0,0
"1325",2016-11-22 07:00:00,0.17286,0,1.64013
"1326",2016-11-22 07:15:00,1.7286,3.17728,6.4179
"1327",2016-11-22 07:30:00,5.53152,15.38995,11.33829
"1328",2016-11-22 07:45:00,11.2359,32.36854,25.02981
"1329",2016-11-22 08:00:00,6.6263,20.05658,29.9502
"1330",2016-11-22 08:15:00,8.47014,26.8083,38.36478
"1331",2016-11-22 08:30:00,17.91982,66.5243,38.29347
"1332",2016-11-22 08:45:00,18.20792,62.45341,55.69311
"1333",2016-11-22 09:00:00,16.76742,47.95707,45.85233
"1334",2016-11-22 09:15:00,19.64842,72.38241,97.05291
"1335",2016-11-22 09:30:00,34.05342,133.44576,121.29831
"1336",2016-11-22 09:45:00,50.01416,192.72189,136.62996
"1337",2016-11-22 10:00:00,49.72606,177.23265,123.43761
"1338",2016-11-22 10:15:00,40.85258,145.16198,111.60015
"1339",2016-11-22 10:30:00,55.94902,190.53751,184.12242
"1340",2016-11-22 10:45:00,61.53816,216.94865,228.26331
"1341",2016-11-22 11:00:00,72.8893,265.20359,314.97627
"1342",2016-11-22 11:15:00,101.4112,330.83428,286.45227
"1343",2016-11-22 11:30:00,82.9728,286.84881,289.5186
"1344",2016-11-22 11:45:00,119.61912,365.08933,388.35426
"1345",2016-11-22 12:00:00,121.34772,412.94711,437.05899
"1346",2016-11-22 12:15:00,123.36442,418.50735,266.41416
"1347",2016-11-22 12:30:00,118.58196,430.72002,545.94936
"1348",2016-11-22 12:45:00,63.20914,237.50168,332.16198
"1349",2016-11-22 13:00:00,71.90976,244.94843,239.45898
"1350",2016-11-22 13:15:00,86.7181,304.72101,230.11737
"1351",2016-11-22 13:30:00,65.85966,244.45198,230.18868
"1352",2016-11-22 13:45:00,67.18492,258.25329,244.94985
"1353",2016-11-22 14:00:00,70.8726,247.43068,202.44909
"1354",2016-11-22 14:15:00,82.33898,241.87044,304.13715
"1355",2016-11-22 14:30:00,82.51184,345.62849,294.01113
"1356",2016-11-22 14:45:00,113.39616,400.33728,280.81878
"1357",2016-11-22 15:00:00,124.57444,456.33684,276.82542
"1358",2016-11-22 15:15:00,103.88886,371.94034,215.78406
"1359",2016-11-22 15:30:00,80.89848,286.9481,169.57518
"1360",2016-11-22 15:45:00,56.00664,208.21113,163.87038
"1361",2016-11-22 16:00:00,83.549,255.47317,147.89694
"1362",2016-11-22 16:15:00,56.64046,203.04805,120.94176
"1363",2016-11-22 16:30:00,34.62962,154.09808,104.39784
"1364",2016-11-22 16:45:00,29.04048,132.0557,73.52061
"1365",2016-11-22 17:00:00,15.15406,72.77957,59.04468
"1366",2016-11-22 17:15:00,14.17452,63.74418,42.92862
"1367",2016-11-22 17:30:00,6.10772,28.89339,21.17907
"1368",2016-11-22 17:45:00,2.99624,13.80131,9.55554
"1369",2016-11-22 18:00:00,0.2881,1.29077,2.21061
"1370",2016-11-22 18:15:00,0,0,0.07131
"1371",2016-11-22 18:30:00,0,0,0
"1372",2016-11-22 18:45:00,0,0,0
"1373",2016-11-22 19:00:00,0,0,0
"1374",2016-11-22 19:15:00,0,0,0
"1375",2016-11-22 19:30:00,0,0,0
"1376",2016-11-22 19:45:00,0,0,0
"1377",2016-11-22 20:00:00,0,0,0
"1378",2016-11-22 20:15:00,0,0,0
"1379",2016-11-22 20:30:00,0,0,0
"1380",2016-11-22 20:45:00,0,0,0
"1381",2016-11-22 21:00:00,0,0,0
"1382",2016-11-22 21:15:00,0,0,0
"1383",2016-11-22 21:30:00,0,0,0
"1384",2016-11-22 21:45:00,0,0,0
"1385",2016-11-22 22:00:00,0,0,0
"1386",2016-11-22 22:15:00,0,0,0
"1387",2016-11-22 22:30:00,0,0,0
"1388",2016-11-22 22:45:00,0,0,0
"1389",2016-11-22 23:00:00,0,0,0
"1390",2016-11-22 23:15:00,0,0,0
"1391",2016-11-22 23:30:00,0,0,0
"1392",2016-11-22 23:45:00,0,0,0
"1393",2016-11-23 00:00:00,0,0,0
"1394",2016-11-23 00:15:00,0,0,0
"1395",2016-11-23 00:30:00,0,0,0
"1396",2016-11-23 00:45:00,0,0,0
"1397",2016-11-23 01:00:00,0,0,0
"1398",2016-11-23 01:15:00,0,0,0
"1399",2016-11-23 01:30:00,0,0,0
"1400",2016-11-23 01:45:00,0,0,0
"1401",2016-11-23 02:00:00,0,0,0
"1402",2016-11-23 02:15:00,0,0,0
"1403",2016-11-23 02:30:00,0,0,0
"1404",2016-11-23 02:45:00,0,0,0
"1405",2016-11-23 03:00:00,0,0,0
"1406",2016-11-23 03:15:00,0,0,0
"1407",2016-11-23 03:30:00,0,0,0
"1408",2016-11-23 03:45:00,0,0,0
"1409",2016-11-23 04:00:00,0,0,0
"1410",2016-11-23 04:15:00,0,0,0
"1411",2016-11-23 04:30:00,0,0,0
"1412",2016-11-23 04:45:00,0,0,0
"1413",2016-11-23 05:00:00,0,0,0
"1414",2016-11-23 05:15:00,0,0,0
"1415",2016-11-23 05:30:00,0,0,0
"1416",2016-11-23 05:45:00,0,0,0
"1417",2016-11-23 06:00:00,0,0,0
"1418",2016-11-23 06:15:00,0,0,0
"1419",2016-11-23 06:30:00,0,0,0
"1420",2016-11-23 06:45:00,0,0,0.14262
"1421",2016-11-23 07:00:00,0.11524,0.89361,2.92371
"1422",2016-11-23 07:15:00,2.82338,18.36865,11.19567
"1423",2016-11-23 07:30:00,6.0501,42.19825,26.24208
"1424",2016-11-23 07:45:00,9.04634,60.07045,50.77272
"1425",2016-11-23 08:00:00,14.57786,100.87864,75.23205
"1426",2016-11-23 08:15:00,18.20792,125.1054,73.73454
"1427",2016-11-23 08:30:00,13.36784,103.46018,64.39293
"1428",2016-11-23 08:45:00,34.74486,222.31031,108.46251
"1429",2016-11-23 09:00:00,27.59998,168.793,104.89701
"1430",2016-11-23 09:15:00,51.05132,289.33106,206.37114
"1431",2016-11-23 09:30:00,46.26886,258.25329,178.77417
"1432",2016-11-23 09:45:00,71.04546,426.15268,179.98644
"1433",2016-11-23 10:00:00,61.42292,360.72057,163.15728
"1434",2016-11-23 10:15:00,73.63836,418.90451,232.32798
"1435",2016-11-23 10:30:00,69.25924,402.32308,240.95649
"1436",2016-11-23 10:45:00,113.28092,543.51346,204.94494
"1437",2016-11-23 11:00:00,61.19244,379.58567,258.1422
"1438",2016-11-23 11:15:00,83.77948,458.32264,228.12069
"1439",2016-11-23 11:30:00,83.08804,452.56382,264.48879
"1440",2016-11-23 11:45:00,123.42204,686.98751,339.50691
"1441",2016-11-23 12:00:00,118.52434,680.73224,292.65624
"1442",2016-11-23 12:15:00,88.50432,573.8962,291.80052
"1443",2016-11-23 12:30:00,75.65506,539.44257,355.05249
"1444",2016-11-23 12:45:00,48.1127,389.91183,380.29623
"1445",2016-11-23 13:00:00,69.02876,510.3506,332.94639
"1446",2016-11-23 13:15:00,83.77948,611.72569,340.43394
"1447",2016-11-23 13:30:00,89.71434,646.97364,329.02434
"1448",2016-11-23 13:45:00,82.33898,585.41384,284.95476
"1449",2016-11-23 14:00:00,92.07676,645.08713,315.33282
"1450",2016-11-23 14:15:00,80.3799,507.17332,227.4789
"1451",2016-11-23 14:30:00,78.59368,490.19473,202.16385
"1452",2016-11-23 14:45:00,64.13106,432.20937,226.69449
"1453",2016-11-23 15:00:00,40.73734,299.75651,219.70611
"1454",2016-11-23 15:15:00,45.75028,326.16765,163.22859
"1455",2016-11-23 15:30:00,35.7244,254.28169,144.68799
"1456",2016-11-23 15:45:00,40.27638,276.22478,132.77922
"1457",2016-11-23 16:00:00,29.6743,234.42369,108.67644
"1458",2016-11-23 16:15:00,24.71898,174.55182,66.96009
"1459",2016-11-23 16:30:00,13.8288,91.54538,47.34984
"1460",2016-11-23 16:45:00,12.1002,76.55259,31.3764
"1461",2016-11-23 17:00:00,7.02964,48.25494,40.29015
"1462",2016-11-23 17:15:00,11.29352,36.7373,20.25204
"1463",2016-11-23 17:30:00,5.58914,18.76581,15.04641
"1464",2016-11-23 17:45:00,7.31774,15.48924,9.76947
"1465",2016-11-23 18:00:00,0.8643,1.48935,1.78275
"1466",2016-11-23 18:15:00,0,0,0.07131
"1467",2016-11-23 18:30:00,0,0,0
"1468",2016-11-23 18:45:00,0,0,0
"1469",2016-11-23 19:00:00,0,0,0
"1470",2016-11-23 19:15:00,0,0,0
"1471",2016-11-23 19:30:00,0,0,0
"1472",2016-11-23 19:45:00,0,0,0
"1473",2016-11-23 20:00:00,0,0,0
"1474",2016-11-23 20:15:00,0,0,0
"1475",2016-11-23 20:30:00,0,0,0
"1476",2016-11-23 20:45:00,0,0,0
"1477",2016-11-23 21:00:00,0,0,0
"1478",2016-11-23 21:15:00,0,0,0
"1479",2016-11-23 21:30:00,0,0,0
"1480",2016-11-23 21:45:00,0,0,0
"1481",2016-11-23 22:00:00,0,0,0
"1482",2016-11-23 22:15:00,0,0,0
"1483",2016-11-23 22:30:00,0,0,0
"1484",2016-11-23 22:45:00,0,0,0
"1485",2016-11-23 23:00:00,0,0,0
"1486",2016-11-23 23:15:00,0,0,0
"1487",2016-11-23 23:30:00,0,0,0
"1488",2016-11-23 23:45:00,0,0,0
"1489",2016-11-24 00:00:00,0,0,0
"1490",2016-11-24 00:15:00,0,0,0
"1491",2016-11-24 00:30:00,0,0,0
"1492",2016-11-24 00:45:00,0,0,0
"1493",2016-11-24 01:00:00,0,0,0
"1494",2016-11-24 01:15:00,0,0,0
"1495",2016-11-24 01:30:00,0,0,0
"1496",2016-11-24 01:45:00,0,0,0
"1497",2016-11-24 02:00:00,0,0,0
"1498",2016-11-24 02:15:00,0,0,0
"1499",2016-11-24 02:30:00,0,0,0
"1500",2016-11-24 02:45:00,0,0,0
"1501",2016-11-24 03:00:00,0,0,0
"1502",2016-11-24 03:15:00,0,0,0
"1503",2016-11-24 03:30:00,0,0,0
"1504",2016-11-24 03:45:00,0,0,0
"1505",2016-11-24 04:00:00,0,0,0
"1506",2016-11-24 04:15:00,0,0,0
"1507",2016-11-24 04:30:00,0,0,0
"1508",2016-11-24 04:45:00,0,0,0
"1509",2016-11-24 05:00:00,0,0,0
"1510",2016-11-24 05:15:00,0,0,0
"1511",2016-11-24 05:30:00,0,0,0
"1512",2016-11-24 05:45:00,0,0,0
"1513",2016-11-24 06:00:00,0,0,0
"1514",2016-11-24 06:15:00,0,0,0
"1515",2016-11-24 06:30:00,0,0,0
"1516",2016-11-24 06:45:00,0,0,0.14262
"1517",2016-11-24 07:00:00,0.34572,0.59574,1.56882
"1518",2016-11-24 07:15:00,3.39958,15.78711,8.48589
"1519",2016-11-24 07:30:00,9.16158,46.16985,16.97178
"1520",2016-11-24 07:45:00,11.00542,59.47471,15.33165
"1521",2016-11-24 08:00:00,12.15782,55.99956,39.64836
"1522",2016-11-24 08:15:00,35.89726,158.36755,71.95179
"1523",2016-11-24 08:30:00,79.91894,248.32429,91.13418
"1524",2016-11-24 08:45:00,96.8016,279.10419,90.70632
"1525",2016-11-24 09:00:00,71.4488,239.2889,81.72126
"1526",2016-11-24 09:15:00,98.01162,390.90473,180.55692
"1527",2016-11-24 09:30:00,92.88344,305.71391,117.51888
"1528",2016-11-24 09:45:00,147.73768,548.97441,205.23018
"1529",2016-11-24 10:00:00,143.7619,545.20139,216.49716
"1530",2016-11-24 10:15:00,222.93178,714.98729,287.66454
"1531",2016-11-24 10:30:00,168.07754,550.0666,275.75577
"1532",2016-11-24 10:45:00,190.31886,576.67632,215.3562
"1533",2016-11-24 11:00:00,192.79652,582.8323,256.28814
"1534",2016-11-24 11:15:00,190.20362,562.37856,264.06093
"1535",2016-11-24 11:30:00,270.5259,748.44802,221.70279
"1536",2016-11-24 11:45:00,176.3172,553.34317,204.51708
"1537",2016-11-24 12:00:00,134.88842,474.70549,223.41423
"1538",2016-11-24 12:15:00,201.9581,692.44846,236.53527
"1539",2016-11-24 12:30:00,265.74344,765.62519,292.15707
"1540",2016-11-24 12:45:00,301.46784,937.79405,330.73578
"1541",2016-11-24 13:00:00,214.46164,695.52645,245.3064
"1542",2016-11-24 13:15:00,194.40988,707.24267,201.23682
"1543",2016-11-24 13:30:00,140.47756,530.60576,203.01957
"1544",2016-11-24 13:45:00,161.96982,597.03077,182.48229
"1545",2016-11-24 14:00:00,75.53982,289.13248,189.39936
"1546",2016-11-24 14:15:00,193.71844,689.66834,231.25833
"1547",2016-11-24 14:30:00,167.44372,578.46354,204.51708
"1548",2016-11-24 14:45:00,80.14942,345.82707,187.97316
"1549",2016-11-24 15:00:00,118.121,445.71281,185.12076
"1550",2016-11-24 15:15:00,97.03208,427.84061,192.39438
"1551",2016-11-24 15:30:00,71.67928,355.65678,117.73281
"1552",2016-11-24 15:45:00,69.02876,317.82729,87.35475
"1553",2016-11-24 16:00:00,59.9248,246.13991,98.83566
"1554",2016-11-24 16:15:00,45.40456,210.19693,71.16738
"1555",2016-11-24 16:30:00,38.43254,166.70791,62.0397
"1556",2016-11-24 16:45:00,28.06094,122.42457,49.48914
