Site Name ,RRW3
Site Number ,22
Logger ,Integrating Light Sensor
Logger Serial Number ,4322


Scan No ,Date and Time,       Integrating Light,        ,
        ,        ,RAW VALUE ,CALIBRATED VALUE,

1,08/11/2016 , 11:15:00,1670,1670
2,08/11/2016 , 11:30:00,5846,5846
3,08/11/2016 , 11:45:00,4863,4863
4,08/11/2016 , 12:00:00,4689,4689
5,08/11/2016 , 12:15:00,5482,5482
6,08/11/2016 , 12:30:00,4485,4485
7,08/11/2016 , 12:45:00,4361,4361
8,08/11/2016 , 13:00:00,4376,4376
9,08/11/2016 , 13:15:00,3909,3909
10,08/11/2016 , 13:30:00,4072,4072
11,08/11/2016 , 13:45:00,3005,3005
12,08/11/2016 , 14:00:00,2861,2861
13,08/11/2016 , 14:15:00,2969,2969
14,08/11/2016 , 14:30:00,3356,3356
15,08/11/2016 , 14:45:00,2928,2928
16,08/11/2016 , 15:00:00,1403,1403
17,08/11/2016 , 15:15:00,762,762
18,08/11/2016 , 15:30:00,634,634
19,08/11/2016 , 15:45:00,708,708
20,08/11/2016 , 16:00:00,617,617
21,08/11/2016 , 16:15:00,576,576
22,08/11/2016 , 16:30:00,115,115
23,08/11/2016 , 16:45:00,168,168
24,08/11/2016 , 17:00:00,79,79
25,08/11/2016 , 17:15:00,45,45
26,08/11/2016 , 17:30:00,9,9
27,08/11/2016 , 17:45:00,0,0
28,08/11/2016 , 18:00:00,0,0
29,08/11/2016 , 18:15:00,0,0
30,08/11/2016 , 18:30:00,0,0
31,08/11/2016 , 18:45:00,0,0
32,08/11/2016 , 19:00:00,0,0
33,08/11/2016 , 19:15:00,0,0
34,08/11/2016 , 19:30:00,0,0
35,08/11/2016 , 19:45:00,0,0
36,08/11/2016 , 20:00:00,0,0
37,08/11/2016 , 20:15:00,0,0
38,08/11/2016 , 20:30:00,0,0
39,08/11/2016 , 20:45:00,0,0
40,08/11/2016 , 21:00:00,0,0
41,08/11/2016 , 21:15:00,0,0
42,08/11/2016 , 21:30:00,0,0
43,08/11/2016 , 21:45:00,0,0
44,08/11/2016 , 22:00:00,0,0
45,08/11/2016 , 22:15:00,0,0
46,08/11/2016 , 22:30:00,0,0
47,08/11/2016 , 22:45:00,0,0
48,08/11/2016 , 23:00:00,0,0
49,08/11/2016 , 23:15:00,0,0
50,08/11/2016 , 23:30:00,0,0
51,08/11/2016 , 23:45:00,0,0
52,08/11/2016 , 24:00:00,0,0
53,09/11/2016 , 00:15:00,0,0
54,09/11/2016 , 00:30:00,0,0
55,09/11/2016 , 00:45:00,0,0
56,09/11/2016 , 01:00:00,0,0
57,09/11/2016 , 01:15:00,0,0
58,09/11/2016 , 01:30:00,0,0
59,09/11/2016 , 01:45:00,0,0
60,09/11/2016 , 02:00:00,0,0
61,09/11/2016 , 02:15:00,0,0
62,09/11/2016 , 02:30:00,0,0
63,09/11/2016 , 02:45:00,0,0
64,09/11/2016 , 03:00:00,0,0
65,09/11/2016 , 03:15:00,0,0
66,09/11/2016 , 03:30:00,0,0
67,09/11/2016 , 03:45:00,0,0
68,09/11/2016 , 04:00:00,0,0
69,09/11/2016 , 04:15:00,0,0
70,09/11/2016 , 04:30:00,0,0
71,09/11/2016 , 04:45:00,0,0
72,09/11/2016 , 05:00:00,0,0
73,09/11/2016 , 05:15:00,0,0
74,09/11/2016 , 05:30:00,0,0
75,09/11/2016 , 05:45:00,0,0
76,09/11/2016 , 06:00:00,0,0
77,09/11/2016 , 06:15:00,0,0
78,09/11/2016 , 06:30:00,0,0
79,09/11/2016 , 06:45:00,0,0
80,09/11/2016 , 07:00:00,7,7
81,09/11/2016 , 07:15:00,56,56
82,09/11/2016 , 07:30:00,148,148
83,09/11/2016 , 07:45:00,287,287
84,09/11/2016 , 08:00:00,502,502
85,09/11/2016 , 08:15:00,736,736
86,09/11/2016 , 08:30:00,968,968
87,09/11/2016 , 08:45:00,1238,1238
88,09/11/2016 , 09:00:00,1492,1492
89,09/11/2016 , 09:15:00,1705,1705
90,09/11/2016 , 09:30:00,1878,1878
91,09/11/2016 , 09:45:00,1943,1943
92,09/11/2016 , 10:00:00,2256,2256
93,09/11/2016 , 10:15:00,2542,2542
94,09/11/2016 , 10:30:00,2880,2880
95,09/11/2016 , 10:45:00,3054,3054
96,09/11/2016 , 11:00:00,3255,3255
97,09/11/2016 , 11:15:00,3439,3439
98,09/11/2016 , 11:30:00,3782,3782
99,09/11/2016 , 11:45:00,3956,3956
100,09/11/2016 , 12:00:00,4093,4093
101,09/11/2016 , 12:15:00,4011,4011
102,09/11/2016 , 12:30:00,4022,4022
103,09/11/2016 , 12:45:00,2381,2381
104,09/11/2016 , 13:00:00,2887,2887
105,09/11/2016 , 13:15:00,1951,1951
106,09/11/2016 , 13:30:00,1518,1518
107,09/11/2016 , 13:45:00,1313,1313
108,09/11/2016 , 14:00:00,934,934
109,09/11/2016 , 14:15:00,994,994
110,09/11/2016 , 14:30:00,1009,1009
111,09/11/2016 , 14:45:00,914,914
112,09/11/2016 , 15:00:00,734,734
113,09/11/2016 , 15:15:00,724,724
114,09/11/2016 , 15:30:00,618,618
115,09/11/2016 , 15:45:00,553,553
116,09/11/2016 , 16:00:00,500,500
117,09/11/2016 , 16:15:00,424,424
118,09/11/2016 , 16:30:00,359,359
119,09/11/2016 , 16:45:00,270,270
120,09/11/2016 , 17:00:00,217,217
121,09/11/2016 , 17:15:00,105,105
122,09/11/2016 , 17:30:00,61,61
123,09/11/2016 , 17:45:00,24,24
124,09/11/2016 , 18:00:00,0,0
125,09/11/2016 , 18:15:00,0,0
126,09/11/2016 , 18:30:00,0,0
127,09/11/2016 , 18:45:00,0,0
128,09/11/2016 , 19:00:00,0,0
129,09/11/2016 , 19:15:00,0,0
130,09/11/2016 , 19:30:00,0,0
131,09/11/2016 , 19:45:00,0,0
132,09/11/2016 , 20:00:00,0,0
133,09/11/2016 , 20:15:00,0,0
134,09/11/2016 , 20:30:00,0,0
135,09/11/2016 , 20:45:00,0,0
136,09/11/2016 , 21:00:00,0,0
137,09/11/2016 , 21:15:00,0,0
138,09/11/2016 , 21:30:00,0,0
139,09/11/2016 , 21:45:00,0,0
140,09/11/2016 , 22:00:00,0,0
141,09/11/2016 , 22:15:00,0,0
142,09/11/2016 , 22:30:00,0,0
143,09/11/2016 , 22:45:00,0,0
144,09/11/2016 , 23:00:00,0,0
145,09/11/2016 , 23:15:00,0,0
146,09/11/2016 , 23:30:00,0,0
147,09/11/2016 , 23:45:00,0,0
148,09/11/2016 , 24:00:00,0,0
149,10/11/2016 , 00:15:00,0,0
150,10/11/2016 , 00:30:00,0,0
151,10/11/2016 , 00:45:00,0,0
152,10/11/2016 , 01:00:00,0,0
153,10/11/2016 , 01:15:00,0,0
154,10/11/2016 , 01:30:00,0,0
155,10/11/2016 , 01:45:00,0,0
156,10/11/2016 , 02:00:00,0,0
157,10/11/2016 , 02:15:00,0,0
158,10/11/2016 , 02:30:00,0,0
159,10/11/2016 , 02:45:00,0,0
160,10/11/2016 , 03:00:00,0,0
161,10/11/2016 , 03:15:00,0,0
162,10/11/2016 , 03:30:00,0,0
163,10/11/2016 , 03:45:00,0,0
164,10/11/2016 , 04:00:00,0,0
165,10/11/2016 , 04:15:00,0,0
166,10/11/2016 , 04:30:00,0,0
167,10/11/2016 , 04:45:00,0,0
168,10/11/2016 , 05:00:00,0,0
169,10/11/2016 , 05:15:00,0,0
170,10/11/2016 , 05:30:00,0,0
171,10/11/2016 , 05:45:00,0,0
172,10/11/2016 , 06:00:00,0,0
173,10/11/2016 , 06:15:00,0,0
174,10/11/2016 , 06:30:00,0,0
175,10/11/2016 , 06:45:00,0,0
176,10/11/2016 , 07:00:00,9,9
177,10/11/2016 , 07:15:00,68,68
178,10/11/2016 , 07:30:00,174,174
179,10/11/2016 , 07:45:00,327,327
180,10/11/2016 , 08:00:00,534,534
181,10/11/2016 , 08:15:00,732,732
182,10/11/2016 , 08:30:00,900,900
183,10/11/2016 , 08:45:00,1150,1150
184,10/11/2016 , 09:00:00,1441,1441
185,10/11/2016 , 09:15:00,1532,1532
186,10/11/2016 , 09:30:00,1844,1844
187,10/11/2016 , 09:45:00,2167,2167
188,10/11/2016 , 10:00:00,2493,2493
189,10/11/2016 , 10:15:00,2677,2677
190,10/11/2016 , 10:30:00,2960,2960
191,10/11/2016 , 10:45:00,3082,3082
192,10/11/2016 , 11:00:00,3257,3257
193,10/11/2016 , 11:15:00,3600,3600
194,10/11/2016 , 11:30:00,3637,3637
195,10/11/2016 , 11:45:00,3746,3746
196,10/11/2016 , 12:00:00,4061,4061
197,10/11/2016 , 12:15:00,4109,4109
198,10/11/2016 , 12:30:00,3859,3859
199,10/11/2016 , 12:45:00,3632,3632
200,10/11/2016 , 13:00:00,3376,3376
201,10/11/2016 , 13:15:00,2930,2930
202,10/11/2016 , 13:30:00,2254,2254
203,10/11/2016 , 13:45:00,1466,1466
204,10/11/2016 , 14:00:00,910,910
205,10/11/2016 , 14:15:00,795,795
206,10/11/2016 , 14:30:00,641,641
207,10/11/2016 , 14:45:00,503,503
208,10/11/2016 , 15:00:00,434,434
209,10/11/2016 , 15:15:00,394,394
210,10/11/2016 , 15:30:00,368,368
211,10/11/2016 , 15:45:00,474,474
212,10/11/2016 , 16:00:00,510,510
213,10/11/2016 , 16:15:00,413,413
214,10/11/2016 , 16:30:00,225,225
215,10/11/2016 , 16:45:00,188,188
216,10/11/2016 , 17:00:00,170,170
217,10/11/2016 , 17:15:00,137,137
218,10/11/2016 , 17:30:00,106,106
219,10/11/2016 , 17:45:00,38,38
220,10/11/2016 , 18:00:00,0,0
221,10/11/2016 , 18:15:00,0,0
222,10/11/2016 , 18:30:00,0,0
223,10/11/2016 , 18:45:00,0,0
224,10/11/2016 , 19:00:00,0,0
225,10/11/2016 , 19:15:00,0,0
226,10/11/2016 , 19:30:00,0,0
227,10/11/2016 , 19:45:00,0,0
228,10/11/2016 , 20:00:00,0,0
229,10/11/2016 , 20:15:00,0,0
230,10/11/2016 , 20:30:00,0,0
231,10/11/2016 , 20:45:00,0,0
232,10/11/2016 , 21:00:00,0,0
233,10/11/2016 , 21:15:00,0,0
234,10/11/2016 , 21:30:00,0,0
235,10/11/2016 , 21:45:00,0,0
236,10/11/2016 , 22:00:00,0,0
237,10/11/2016 , 22:15:00,0,0
238,10/11/2016 , 22:30:00,0,0
239,10/11/2016 , 22:45:00,0,0
240,10/11/2016 , 23:00:00,0,0
241,10/11/2016 , 23:15:00,0,0
242,10/11/2016 , 23:30:00,0,0
243,10/11/2016 , 23:45:00,0,0
244,10/11/2016 , 24:00:00,0,0
245,11/11/2016 , 00:15:00,0,0
246,11/11/2016 , 00:30:00,0,0
247,11/11/2016 , 00:45:00,0,0
248,11/11/2016 , 01:00:00,0,0
249,11/11/2016 , 01:15:00,0,0
250,11/11/2016 , 01:30:00,0,0
251,11/11/2016 , 01:45:00,0,0
252,11/11/2016 , 02:00:00,0,0
253,11/11/2016 , 02:15:00,0,0
254,11/11/2016 , 02:30:00,0,0
255,11/11/2016 , 02:45:00,0,0
256,11/11/2016 , 03:00:00,0,0
257,11/11/2016 , 03:15:00,0,0
258,11/11/2016 , 03:30:00,0,0
259,11/11/2016 , 03:45:00,0,0
260,11/11/2016 , 04:00:00,0,0
261,11/11/2016 , 04:15:00,0,0
262,11/11/2016 , 04:30:00,0,0
263,11/11/2016 , 04:45:00,0,0
264,11/11/2016 , 05:00:00,0,0
265,11/11/2016 , 05:15:00,0,0
266,11/11/2016 , 05:30:00,0,0
267,11/11/2016 , 05:45:00,0,0
268,11/11/2016 , 06:00:00,0,0
269,11/11/2016 , 06:15:00,0,0
270,11/11/2016 , 06:30:00,0,0
271,11/11/2016 , 06:45:00,0,0
272,11/11/2016 , 07:00:00,8,8
273,11/11/2016 , 07:15:00,64,64
274,11/11/2016 , 07:30:00,157,157
275,11/11/2016 , 07:45:00,310,310
276,11/11/2016 , 08:00:00,523,523
277,11/11/2016 , 08:15:00,764,764
278,11/11/2016 , 08:30:00,1015,1015
279,11/11/2016 , 08:45:00,1195,1195
280,11/11/2016 , 09:00:00,1489,1489
281,11/11/2016 , 09:15:00,1635,1635
282,11/11/2016 , 09:30:00,1995,1995
283,11/11/2016 , 09:45:00,2257,2257
284,11/11/2016 , 10:00:00,2547,2547
285,11/11/2016 , 10:15:00,2808,2808
286,11/11/2016 , 10:30:00,2965,2965
287,11/11/2016 , 10:45:00,3260,3260
288,11/11/2016 , 11:00:00,3387,3387
289,11/11/2016 , 11:15:00,3586,3586
290,11/11/2016 , 11:30:00,3788,3788
291,11/11/2016 , 11:45:00,3993,3993
292,11/11/2016 , 12:00:00,4078,4078
293,11/11/2016 , 12:15:00,4013,4013
294,11/11/2016 , 12:30:00,3995,3995
295,11/11/2016 , 12:45:00,3847,3847
296,11/11/2016 , 13:00:00,3605,3605
297,11/11/2016 , 13:15:00,3170,3170
298,11/11/2016 , 13:30:00,2199,2199
299,11/11/2016 , 13:45:00,1344,1344
300,11/11/2016 , 14:00:00,964,964
301,11/11/2016 , 14:15:00,705,705
302,11/11/2016 , 14:30:00,530,530
303,11/11/2016 , 14:45:00,440,440
304,11/11/2016 , 15:00:00,404,404
305,11/11/2016 , 15:15:00,354,354
306,11/11/2016 , 15:30:00,315,315
307,11/11/2016 , 15:45:00,269,269
308,11/11/2016 , 16:00:00,249,249
309,11/11/2016 , 16:15:00,234,234
310,11/11/2016 , 16:30:00,163,163
311,11/11/2016 , 16:45:00,148,148
312,11/11/2016 , 17:00:00,140,140
313,11/11/2016 , 17:15:00,121,121
314,11/11/2016 , 17:30:00,86,86
315,11/11/2016 , 17:45:00,36,36
316,11/11/2016 , 18:00:00,0,0
317,11/11/2016 , 18:15:00,0,0
318,11/11/2016 , 18:30:00,0,0
319,11/11/2016 , 18:45:00,0,0
320,11/11/2016 , 19:00:00,0,0
321,11/11/2016 , 19:15:00,0,0
322,11/11/2016 , 19:30:00,0,0
323,11/11/2016 , 19:45:00,0,0
324,11/11/2016 , 20:00:00,0,0
325,11/11/2016 , 20:15:00,0,0
326,11/11/2016 , 20:30:00,0,0
327,11/11/2016 , 20:45:00,0,0
328,11/11/2016 , 21:00:00,0,0
329,11/11/2016 , 21:15:00,0,0
330,11/11/2016 , 21:30:00,0,0
331,11/11/2016 , 21:45:00,0,0
332,11/11/2016 , 22:00:00,0,0
333,11/11/2016 , 22:15:00,0,0
334,11/11/2016 , 22:30:00,0,0
335,11/11/2016 , 22:45:00,0,0
336,11/11/2016 , 23:00:00,0,0
337,11/11/2016 , 23:15:00,0,0
338,11/11/2016 , 23:30:00,0,0
339,11/11/2016 , 23:45:00,0,0
340,11/11/2016 , 24:00:00,0,0
341,12/11/2016 , 00:15:00,0,0
342,12/11/2016 , 00:30:00,0,0
343,12/11/2016 , 00:45:00,0,0
344,12/11/2016 , 01:00:00,0,0
345,12/11/2016 , 01:15:00,0,0
346,12/11/2016 , 01:30:00,0,0
347,12/11/2016 , 01:45:00,0,0
348,12/11/2016 , 02:00:00,0,0
349,12/11/2016 , 02:15:00,0,0
350,12/11/2016 , 02:30:00,0,0
351,12/11/2016 , 02:45:00,0,0
352,12/11/2016 , 03:00:00,0,0
353,12/11/2016 , 03:15:00,0,0
354,12/11/2016 , 03:30:00,0,0
355,12/11/2016 , 03:45:00,0,0
356,12/11/2016 , 04:00:00,0,0
357,12/11/2016 , 04:15:00,0,0
358,12/11/2016 , 04:30:00,0,0
359,12/11/2016 , 04:45:00,0,0
360,12/11/2016 , 05:00:00,0,0
361,12/11/2016 , 05:15:00,0,0
362,12/11/2016 , 05:30:00,0,0
363,12/11/2016 , 05:45:00,0,0
364,12/11/2016 , 06:00:00,0,0
365,12/11/2016 , 06:15:00,0,0
366,12/11/2016 , 06:30:00,0,0
367,12/11/2016 , 06:45:00,0,0
368,12/11/2016 , 07:00:00,10,10
369,12/11/2016 , 07:15:00,75,75
370,12/11/2016 , 07:30:00,162,162
371,12/11/2016 , 07:45:00,218,218
372,12/11/2016 , 08:00:00,285,285
373,12/11/2016 , 08:15:00,447,447
374,12/11/2016 , 08:30:00,881,881
375,12/11/2016 , 08:45:00,1317,1317
376,12/11/2016 , 09:00:00,1590,1590
377,12/11/2016 , 09:15:00,1864,1864
378,12/11/2016 , 09:30:00,2108,2108
379,12/11/2016 , 09:45:00,2351,2351
380,12/11/2016 , 10:00:00,2656,2656
381,12/11/2016 , 10:15:00,2513,2513
382,12/11/2016 , 10:30:00,1659,1659
383,12/11/2016 , 10:45:00,1582,1582
384,12/11/2016 , 11:00:00,3039,3039
385,12/11/2016 , 11:15:00,2790,2790
386,12/11/2016 , 11:30:00,2778,2778
387,12/11/2016 , 11:45:00,4064,4064
388,12/11/2016 , 12:00:00,4191,4191
389,12/11/2016 , 12:15:00,4196,4196
390,12/11/2016 , 12:30:00,3975,3975
391,12/11/2016 , 12:45:00,3841,3841
392,12/11/2016 , 13:00:00,3514,3514
393,12/11/2016 , 13:15:00,2925,2925
394,12/11/2016 , 13:30:00,2079,2079
395,12/11/2016 , 13:45:00,1368,1368
396,12/11/2016 , 14:00:00,880,880
397,12/11/2016 , 14:15:00,746,746
398,12/11/2016 , 14:30:00,980,980
399,12/11/2016 , 14:45:00,924,924
400,12/11/2016 , 15:00:00,880,880
401,12/11/2016 , 15:15:00,800,800
402,12/11/2016 , 15:30:00,671,671
403,12/11/2016 , 15:45:00,584,584
404,12/11/2016 , 16:00:00,479,479
405,12/11/2016 , 16:15:00,441,441
406,12/11/2016 , 16:30:00,336,336
407,12/11/2016 , 16:45:00,289,289
408,12/11/2016 , 17:00:00,202,202
409,12/11/2016 , 17:15:00,111,111
410,12/11/2016 , 17:30:00,65,65
411,12/11/2016 , 17:45:00,19,19
412,12/11/2016 , 18:00:00,0,0
413,12/11/2016 , 18:15:00,0,0
414,12/11/2016 , 18:30:00,0,0
415,12/11/2016 , 18:45:00,0,0
416,12/11/2016 , 19:00:00,0,0
417,12/11/2016 , 19:15:00,0,0
418,12/11/2016 , 19:30:00,0,0
419,12/11/2016 , 19:45:00,0,0
420,12/11/2016 , 20:00:00,0,0
421,12/11/2016 , 20:15:00,0,0
422,12/11/2016 , 20:30:00,0,0
423,12/11/2016 , 20:45:00,0,0
424,12/11/2016 , 21:00:00,0,0
425,12/11/2016 , 21:15:00,0,0
426,12/11/2016 , 21:30:00,0,0
427,12/11/2016 , 21:45:00,0,0
428,12/11/2016 , 22:00:00,0,0
429,12/11/2016 , 22:15:00,0,0
430,12/11/2016 , 22:30:00,0,0
431,12/11/2016 , 22:45:00,0,0
432,12/11/2016 , 23:00:00,0,0
433,12/11/2016 , 23:15:00,0,0
434,12/11/2016 , 23:30:00,0,0
435,12/11/2016 , 23:45:00,0,0
436,12/11/2016 , 24:00:00,0,0
437,13/11/2016 , 00:15:00,0,0
438,13/11/2016 , 00:30:00,0,0
439,13/11/2016 , 00:45:00,0,0
440,13/11/2016 , 01:00:00,0,0
441,13/11/2016 , 01:15:00,0,0
442,13/11/2016 , 01:30:00,0,0
443,13/11/2016 , 01:45:00,0,0
444,13/11/2016 , 02:00:00,0,0
445,13/11/2016 , 02:15:00,0,0
446,13/11/2016 , 02:30:00,0,0
447,13/11/2016 , 02:45:00,0,0
448,13/11/2016 , 03:00:00,0,0
449,13/11/2016 , 03:15:00,0,0
450,13/11/2016 , 03:30:00,0,0
451,13/11/2016 , 03:45:00,0,0
452,13/11/2016 , 04:00:00,0,0
453,13/11/2016 , 04:15:00,0,0
454,13/11/2016 , 04:30:00,0,0
455,13/11/2016 , 04:45:00,0,0
456,13/11/2016 , 05:00:00,0,0
457,13/11/2016 , 05:15:00,0,0
458,13/11/2016 , 05:30:00,0,0
459,13/11/2016 , 05:45:00,0,0
460,13/11/2016 , 06:00:00,0,0
461,13/11/2016 , 06:15:00,0,0
462,13/11/2016 , 06:30:00,0,0
463,13/11/2016 , 06:45:00,0,0
464,13/11/2016 , 07:00:00,4,4
465,13/11/2016 , 07:15:00,44,44
466,13/11/2016 , 07:30:00,138,138
467,13/11/2016 , 07:45:00,474,474
468,13/11/2016 , 08:00:00,517,517
469,13/11/2016 , 08:15:00,608,608
470,13/11/2016 , 08:30:00,638,638
471,13/11/2016 , 08:45:00,993,993
472,13/11/2016 , 09:00:00,1519,1519
473,13/11/2016 , 09:15:00,1330,1330
474,13/11/2016 , 09:30:00,1418,1418
475,13/11/2016 , 09:45:00,2162,2162
476,13/11/2016 , 10:00:00,2700,2700
477,13/11/2016 , 10:15:00,2358,2358
478,13/11/2016 , 10:30:00,1545,1545
479,13/11/2016 , 10:45:00,1832,1832
480,13/11/2016 , 11:00:00,3200,3200
481,13/11/2016 , 11:15:00,2141,2141
482,13/11/2016 , 11:30:00,2879,2879
483,13/11/2016 , 11:45:00,2608,2608
484,13/11/2016 , 12:00:00,1701,1701
485,13/11/2016 , 12:15:00,3261,3261
486,13/11/2016 , 12:30:00,2518,2518
487,13/11/2016 , 12:45:00,1964,1964
488,13/11/2016 , 13:00:00,2232,2232
489,13/11/2016 , 13:15:00,2110,2110
490,13/11/2016 , 13:30:00,2211,2211
491,13/11/2016 , 13:45:00,1137,1137
492,13/11/2016 , 14:00:00,989,989
493,13/11/2016 , 14:15:00,896,896
494,13/11/2016 , 14:30:00,785,785
495,13/11/2016 , 14:45:00,577,577
496,13/11/2016 , 15:00:00,700,700
497,13/11/2016 , 15:15:00,400,400
498,13/11/2016 , 15:30:00,608,608
499,13/11/2016 , 15:45:00,329,329
500,13/11/2016 , 16:00:00,374,374
501,13/11/2016 , 16:15:00,478,478
502,13/11/2016 , 16:30:00,305,305
503,13/11/2016 , 16:45:00,153,153
504,13/11/2016 , 17:00:00,116,116
505,13/11/2016 , 17:15:00,87,87
506,13/11/2016 , 17:30:00,56,56
507,13/11/2016 , 17:45:00,25,25
508,13/11/2016 , 18:00:00,0,0
509,13/11/2016 , 18:15:00,0,0
510,13/11/2016 , 18:30:00,0,0
511,13/11/2016 , 18:45:00,0,0
512,13/11/2016 , 19:00:00,0,0
513,13/11/2016 , 19:15:00,0,0
514,13/11/2016 , 19:30:00,0,0
515,13/11/2016 , 19:45:00,0,0
516,13/11/2016 , 20:00:00,0,0
517,13/11/2016 , 20:15:00,0,0
518,13/11/2016 , 20:30:00,0,0
519,13/11/2016 , 20:45:00,0,0
520,13/11/2016 , 21:00:00,0,0
521,13/11/2016 , 21:15:00,0,0
522,13/11/2016 , 21:30:00,0,0
523,13/11/2016 , 21:45:00,0,0
524,13/11/2016 , 22:00:00,0,0
525,13/11/2016 , 22:15:00,0,0
526,13/11/2016 , 22:30:00,0,0
527,13/11/2016 , 22:45:00,0,0
528,13/11/2016 , 23:00:00,0,0
529,13/11/2016 , 23:15:00,0,0
530,13/11/2016 , 23:30:00,0,0
531,13/11/2016 , 23:45:00,0,0
532,13/11/2016 , 24:00:00,0,0
533,14/11/2016 , 00:15:00,0,0
534,14/11/2016 , 00:30:00,0,0
535,14/11/2016 , 00:45:00,0,0
536,14/11/2016 , 01:00:00,0,0
537,14/11/2016 , 01:15:00,0,0
538,14/11/2016 , 01:30:00,0,0
539,14/11/2016 , 01:45:00,0,0
540,14/11/2016 , 02:00:00,0,0
541,14/11/2016 , 02:15:00,0,0
542,14/11/2016 , 02:30:00,0,0
543,14/11/2016 , 02:45:00,0,0
544,14/11/2016 , 03:00:00,0,0
545,14/11/2016 , 03:15:00,0,0
546,14/11/2016 , 03:30:00,0,0
547,14/11/2016 , 03:45:00,0,0
548,14/11/2016 , 04:00:00,0,0
549,14/11/2016 , 04:15:00,0,0
550,14/11/2016 , 04:30:00,0,0
551,14/11/2016 , 04:45:00,0,0
552,14/11/2016 , 05:00:00,0,0
553,14/11/2016 , 05:15:00,0,0
554,14/11/2016 , 05:30:00,0,0
555,14/11/2016 , 05:45:00,0,0
556,14/11/2016 , 06:00:00,0,0
557,14/11/2016 , 06:15:00,0,0
558,14/11/2016 , 06:30:00,0,0
559,14/11/2016 , 06:45:00,0,0
560,14/11/2016 , 07:00:00,1,1
561,14/11/2016 , 07:15:00,53,53
562,14/11/2016 , 07:30:00,109,109
563,14/11/2016 , 07:45:00,214,214
564,14/11/2016 , 08:00:00,464,464
565,14/11/2016 , 08:15:00,610,610
566,14/11/2016 , 08:30:00,973,973
567,14/11/2016 , 08:45:00,1244,1244
568,14/11/2016 , 09:00:00,1206,1206
569,14/11/2016 , 09:15:00,1384,1384
570,14/11/2016 , 09:30:00,1605,1605
571,14/11/2016 , 09:45:00,1411,1411
572,14/11/2016 , 10:00:00,2309,2309
573,14/11/2016 , 10:15:00,2000,2000
574,14/11/2016 , 10:30:00,3064,3064
575,14/11/2016 , 10:45:00,2637,2637
576,14/11/2016 , 11:00:00,4002,4002
577,14/11/2016 , 11:15:00,4515,4515
578,14/11/2016 , 11:30:00,2393,2393
579,14/11/2016 , 11:45:00,3421,3421
580,14/11/2016 , 12:00:00,4361,4361
581,14/11/2016 , 12:15:00,2455,2455
582,14/11/2016 , 12:30:00,3422,3422
583,14/11/2016 , 12:45:00,3100,3100
584,14/11/2016 , 13:00:00,3145,3145
585,14/11/2016 , 13:15:00,3154,3154
586,14/11/2016 , 13:30:00,1636,1636
587,14/11/2016 , 13:45:00,1520,1520
588,14/11/2016 , 14:00:00,991,991
589,14/11/2016 , 14:15:00,717,717
590,14/11/2016 , 14:30:00,597,597
591,14/11/2016 , 14:45:00,518,518
592,14/11/2016 , 15:00:00,502,502
593,14/11/2016 , 15:15:00,504,504
594,14/11/2016 , 15:30:00,459,459
595,14/11/2016 , 15:45:00,306,306
596,14/11/2016 , 16:00:00,252,252
597,14/11/2016 , 16:15:00,263,263
598,14/11/2016 , 16:30:00,248,248
599,14/11/2016 , 16:45:00,282,282
600,14/11/2016 , 17:00:00,268,268
601,14/11/2016 , 17:15:00,127,127
602,14/11/2016 , 17:30:00,82,82
603,14/11/2016 , 17:45:00,34,34
604,14/11/2016 , 18:00:00,1,1
605,14/11/2016 , 18:15:00,0,0
606,14/11/2016 , 18:30:00,0,0
607,14/11/2016 , 18:45:00,0,0
608,14/11/2016 , 19:00:00,0,0
609,14/11/2016 , 19:15:00,0,0
610,14/11/2016 , 19:30:00,0,0
611,14/11/2016 , 19:45:00,0,0
612,14/11/2016 , 20:00:00,0,0
613,14/11/2016 , 20:15:00,0,0
614,14/11/2016 , 20:30:00,0,0
615,14/11/2016 , 20:45:00,0,0
616,14/11/2016 , 21:00:00,0,0
617,14/11/2016 , 21:15:00,0,0
618,14/11/2016 , 21:30:00,0,0
619,14/11/2016 , 21:45:00,0,0
620,14/11/2016 , 22:00:00,0,0
621,14/11/2016 , 22:15:00,0,0
622,14/11/2016 , 22:30:00,0,0
623,14/11/2016 , 22:45:00,0,0
624,14/11/2016 , 23:00:00,0,0
625,14/11/2016 , 23:15:00,0,0
626,14/11/2016 , 23:30:00,0,0
627,14/11/2016 , 23:45:00,0,0
628,14/11/2016 , 24:00:00,0,0
629,15/11/2016 , 00:15:00,0,0
630,15/11/2016 , 00:30:00,0,0
631,15/11/2016 , 00:45:00,0,0
632,15/11/2016 , 01:00:00,0,0
633,15/11/2016 , 01:15:00,0,0
634,15/11/2016 , 01:30:00,0,0
635,15/11/2016 , 01:45:00,0,0
636,15/11/2016 , 02:00:00,0,0
637,15/11/2016 , 02:15:00,0,0
638,15/11/2016 , 02:30:00,0,0
639,15/11/2016 , 02:45:00,0,0
640,15/11/2016 , 03:00:00,0,0
641,15/11/2016 , 03:15:00,0,0
642,15/11/2016 , 03:30:00,0,0
643,15/11/2016 , 03:45:00,0,0
644,15/11/2016 , 04:00:00,0,0
645,15/11/2016 , 04:15:00,0,0
646,15/11/2016 , 04:30:00,0,0
647,15/11/2016 , 04:45:00,0,0
648,15/11/2016 , 05:00:00,0,0
649,15/11/2016 , 05:15:00,0,0
650,15/11/2016 , 05:30:00,0,0
651,15/11/2016 , 05:45:00,0,0
652,15/11/2016 , 06:00:00,0,0
653,15/11/2016 , 06:15:00,0,0
654,15/11/2016 , 06:30:00,0,0
655,15/11/2016 , 06:45:00,0,0
656,15/11/2016 , 07:00:00,0,0
657,15/11/2016 , 07:15:00,38,38
658,15/11/2016 , 07:30:00,96,96
659,15/11/2016 , 07:45:00,215,215
660,15/11/2016 , 08:00:00,391,391
661,15/11/2016 , 08:15:00,405,405
662,15/11/2016 , 08:30:00,469,469
663,15/11/2016 , 08:45:00,753,753
664,15/11/2016 , 09:00:00,994,994
665,15/11/2016 , 09:15:00,761,761
666,15/11/2016 , 09:30:00,710,710
667,15/11/2016 , 09:45:00,996,996
668,15/11/2016 , 10:00:00,870,870
669,15/11/2016 , 10:15:00,1631,1631
670,15/11/2016 , 10:30:00,1234,1234
671,15/11/2016 , 10:45:00,1084,1084
672,15/11/2016 , 11:00:00,2545,2545
673,15/11/2016 , 11:15:00,2400,2400
674,15/11/2016 , 11:30:00,1361,1361
675,15/11/2016 , 11:45:00,4001,4001
676,15/11/2016 , 12:00:00,3957,3957
677,15/11/2016 , 12:15:00,4052,4052
678,15/11/2016 , 12:30:00,3270,3270
679,15/11/2016 , 12:45:00,2866,2866
680,15/11/2016 , 13:00:00,1497,1497
681,15/11/2016 , 13:15:00,1353,1353
682,15/11/2016 , 13:30:00,1017,1017
683,15/11/2016 , 13:45:00,979,979
684,15/11/2016 , 14:00:00,672,672
685,15/11/2016 , 14:15:00,672,672
686,15/11/2016 , 14:30:00,994,994
687,15/11/2016 , 14:45:00,447,447
688,15/11/2016 , 15:00:00,652,652
689,15/11/2016 , 15:15:00,490,490
690,15/11/2016 , 15:30:00,377,377
691,15/11/2016 , 15:45:00,396,396
692,15/11/2016 , 16:00:00,428,428
693,15/11/2016 , 16:15:00,311,311
694,15/11/2016 , 16:30:00,220,220
695,15/11/2016 , 16:45:00,154,154
696,15/11/2016 , 17:00:00,64,64
697,15/11/2016 , 17:15:00,71,71
698,15/11/2016 , 17:30:00,34,34
699,15/11/2016 , 17:45:00,2,2
700,15/11/2016 , 18:00:00,0,0
701,15/11/2016 , 18:15:00,0,0
702,15/11/2016 , 18:30:00,0,0
703,15/11/2016 , 18:45:00,0,0
704,15/11/2016 , 19:00:00,0,0
705,15/11/2016 , 19:15:00,0,0
706,15/11/2016 , 19:30:00,0,0
707,15/11/2016 , 19:45:00,0,0
708,15/11/2016 , 20:00:00,0,0
709,15/11/2016 , 20:15:00,0,0
710,15/11/2016 , 20:30:00,0,0
711,15/11/2016 , 20:45:00,0,0
712,15/11/2016 , 21:00:00,0,0
713,15/11/2016 , 21:15:00,0,0
714,15/11/2016 , 21:30:00,0,0
715,15/11/2016 , 21:45:00,0,0
716,15/11/2016 , 22:00:00,0,0
717,15/11/2016 , 22:15:00,0,0
718,15/11/2016 , 22:30:00,0,0
719,15/11/2016 , 22:45:00,0,0
720,15/11/2016 , 23:00:00,0,0
721,15/11/2016 , 23:15:00,0,0
722,15/11/2016 , 23:30:00,0,0
723,15/11/2016 , 23:45:00,0,0
724,15/11/2016 , 24:00:00,0,0
725,16/11/2016 , 00:15:00,0,0
726,16/11/2016 , 00:30:00,0,0
727,16/11/2016 , 00:45:00,0,0
728,16/11/2016 , 01:00:00,0,0
729,16/11/2016 , 01:15:00,0,0
730,16/11/2016 , 01:30:00,0,0
731,16/11/2016 , 01:45:00,0,0
732,16/11/2016 , 02:00:00,0,0
733,16/11/2016 , 02:15:00,0,0
734,16/11/2016 , 02:30:00,0,0
735,16/11/2016 , 02:45:00,0,0
736,16/11/2016 , 03:00:00,0,0
737,16/11/2016 , 03:15:00,0,0
738,16/11/2016 , 03:30:00,0,0
739,16/11/2016 , 03:45:00,0,0
740,16/11/2016 , 04:00:00,0,0
741,16/11/2016 , 04:15:00,0,0
742,16/11/2016 , 04:30:00,0,0
743,16/11/2016 , 04:45:00,0,0
744,16/11/2016 , 05:00:00,0,0
745,16/11/2016 , 05:15:00,0,0
746,16/11/2016 , 05:30:00,0,0
747,16/11/2016 , 05:45:00,0,0
748,16/11/2016 , 06:00:00,0,0
749,16/11/2016 , 06:15:00,0,0
750,16/11/2016 , 06:30:00,0,0
751,16/11/2016 , 06:45:00,0,0
752,16/11/2016 , 07:00:00,0,0
753,16/11/2016 , 07:15:00,31,31
754,16/11/2016 , 07:30:00,98,98
755,16/11/2016 , 07:45:00,184,184
756,16/11/2016 , 08:00:00,308,308
757,16/11/2016 , 08:15:00,442,442
758,16/11/2016 , 08:30:00,620,620
759,16/11/2016 , 08:45:00,828,828
760,16/11/2016 , 09:00:00,1152,1152
761,16/11/2016 , 09:15:00,1372,1372
762,16/11/2016 , 09:30:00,1664,1664
763,16/11/2016 , 09:45:00,1866,1866
764,16/11/2016 , 10:00:00,2211,2211
765,16/11/2016 , 10:15:00,2501,2501
766,16/11/2016 , 10:30:00,2741,2741
767,16/11/2016 , 10:45:00,2520,2520
768,16/11/2016 , 11:00:00,2198,2198
769,16/11/2016 , 11:15:00,2672,2672
770,16/11/2016 , 11:30:00,3199,3199
771,16/11/2016 , 11:45:00,3461,3461
772,16/11/2016 , 12:00:00,3533,3533
773,16/11/2016 , 12:15:00,3146,3146
774,16/11/2016 , 12:30:00,1449,1449
775,16/11/2016 , 12:45:00,1401,1401
776,16/11/2016 , 13:00:00,1564,1564
777,16/11/2016 , 13:15:00,1457,1457
778,16/11/2016 , 13:30:00,1380,1380
779,16/11/2016 , 13:45:00,1003,1003
780,16/11/2016 , 14:00:00,864,864
781,16/11/2016 , 14:15:00,667,667
782,16/11/2016 , 14:30:00,536,536
783,16/11/2016 , 14:45:00,439,439
784,16/11/2016 , 15:00:00,397,397
785,16/11/2016 , 15:15:00,316,316
786,16/11/2016 , 15:30:00,287,287
787,16/11/2016 , 15:45:00,299,299
788,16/11/2016 , 16:00:00,277,277
789,16/11/2016 , 16:15:00,263,263
790,16/11/2016 , 16:30:00,159,159
791,16/11/2016 , 16:45:00,228,228
792,16/11/2016 , 17:00:00,201,201
793,16/11/2016 , 17:15:00,85,85
794,16/11/2016 , 17:30:00,66,66
795,16/11/2016 , 17:45:00,11,11
796,16/11/2016 , 18:00:00,0,0
797,16/11/2016 , 18:15:00,0,0
798,16/11/2016 , 18:30:00,0,0
799,16/11/2016 , 18:45:00,0,0
800,16/11/2016 , 19:00:00,0,0
801,16/11/2016 , 19:15:00,0,0
802,16/11/2016 , 19:30:00,0,0
803,16/11/2016 , 19:45:00,0,0
804,16/11/2016 , 20:00:00,0,0
805,16/11/2016 , 20:15:00,0,0
806,16/11/2016 , 20:30:00,0,0
807,16/11/2016 , 20:45:00,0,0
808,16/11/2016 , 21:00:00,0,0
809,16/11/2016 , 21:15:00,0,0
810,16/11/2016 , 21:30:00,0,0
811,16/11/2016 , 21:45:00,0,0
812,16/11/2016 , 22:00:00,0,0
813,16/11/2016 , 22:15:00,0,0
814,16/11/2016 , 22:30:00,0,0
815,16/11/2016 , 22:45:00,0,0
816,16/11/2016 , 23:00:00,0,0
817,16/11/2016 , 23:15:00,0,0
818,16/11/2016 , 23:30:00,0,0
819,16/11/2016 , 23:45:00,0,0
820,16/11/2016 , 24:00:00,0,0
821,17/11/2016 , 00:15:00,0,0
822,17/11/2016 , 00:30:00,0,0
823,17/11/2016 , 00:45:00,0,0
824,17/11/2016 , 01:00:00,0,0
825,17/11/2016 , 01:15:00,0,0
826,17/11/2016 , 01:30:00,0,0
827,17/11/2016 , 01:45:00,0,0
828,17/11/2016 , 02:00:00,0,0
829,17/11/2016 , 02:15:00,0,0
830,17/11/2016 , 02:30:00,0,0
831,17/11/2016 , 02:45:00,0,0
832,17/11/2016 , 03:00:00,0,0
833,17/11/2016 , 03:15:00,0,0
834,17/11/2016 , 03:30:00,0,0
835,17/11/2016 , 03:45:00,0,0
836,17/11/2016 , 04:00:00,0,0
837,17/11/2016 , 04:15:00,0,0
838,17/11/2016 , 04:30:00,0,0
839,17/11/2016 , 04:45:00,0,0
840,17/11/2016 , 05:00:00,0,0
841,17/11/2016 , 05:15:00,0,0
842,17/11/2016 , 05:30:00,0,0
843,17/11/2016 , 05:45:00,0,0
844,17/11/2016 , 06:00:00,0,0
845,17/11/2016 , 06:15:00,0,0
846,17/11/2016 , 06:30:00,0,0
847,17/11/2016 , 06:45:00,0,0
848,17/11/2016 , 07:00:00,0,0
849,17/11/2016 , 07:15:00,18,18
850,17/11/2016 , 07:30:00,89,89
851,17/11/2016 , 07:45:00,273,273
852,17/11/2016 , 08:00:00,381,381
853,17/11/2016 , 08:15:00,668,668
854,17/11/2016 , 08:30:00,486,486
855,17/11/2016 , 08:45:00,536,536
856,17/11/2016 , 09:00:00,756,756
857,17/11/2016 , 09:15:00,941,941
858,17/11/2016 , 09:30:00,1448,1448
859,17/11/2016 , 09:45:00,1694,1694
860,17/11/2016 , 10:00:00,1514,1514
861,17/11/2016 , 10:15:00,1175,1175
862,17/11/2016 , 10:30:00,1375,1375
863,17/11/2016 , 10:45:00,1097,1097
864,17/11/2016 , 11:00:00,1272,1272
865,17/11/2016 , 11:15:00,1110,1110
866,17/11/2016 , 11:30:00,1811,1811
867,17/11/2016 , 11:45:00,1585,1585
868,17/11/2016 , 12:00:00,2202,2202
869,17/11/2016 , 12:15:00,2678,2678
870,17/11/2016 , 12:30:00,1000,1000
871,17/11/2016 , 12:45:00,1044,1044
872,17/11/2016 , 13:00:00,825,825
873,17/11/2016 , 13:15:00,531,531
874,17/11/2016 , 13:30:00,781,781
875,17/11/2016 , 13:45:00,692,692
876,17/11/2016 , 14:00:00,1173,1173
877,17/11/2016 , 14:15:00,957,957
878,17/11/2016 , 14:30:00,1041,1041
879,17/11/2016 , 14:45:00,1011,1011
880,17/11/2016 , 15:00:00,1464,1464
881,17/11/2016 , 15:15:00,3546,3546
882,17/11/2016 , 15:30:00,3861,3861
883,17/11/2016 , 15:45:00,3685,3685
884,17/11/2016 , 16:00:00,3088,3088
885,17/11/2016 , 16:15:00,2630,2630
886,17/11/2016 , 16:30:00,2075,2075
887,17/11/2016 , 16:45:00,1653,1653
888,17/11/2016 , 17:00:00,737,737
889,17/11/2016 , 17:15:00,395,395
890,17/11/2016 , 17:30:00,281,281
891,17/11/2016 , 17:45:00,155,155
892,17/11/2016 , 18:00:00,37,37
893,17/11/2016 , 18:15:00,0,0
894,17/11/2016 , 18:30:00,0,0
895,17/11/2016 , 18:45:00,0,0
896,17/11/2016 , 19:00:00,0,0
897,17/11/2016 , 19:15:00,0,0
898,17/11/2016 , 19:30:00,0,0
899,17/11/2016 , 19:45:00,0,0
900,17/11/2016 , 20:00:00,0,0
901,17/11/2016 , 20:15:00,0,0
902,17/11/2016 , 20:30:00,0,0
903,17/11/2016 , 20:45:00,0,0
904,17/11/2016 , 21:00:00,0,0
905,17/11/2016 , 21:15:00,0,0
906,17/11/2016 , 21:30:00,0,0
907,17/11/2016 , 21:45:00,0,0
908,17/11/2016 , 22:00:00,0,0
909,17/11/2016 , 22:15:00,0,0
910,17/11/2016 , 22:30:00,0,0
911,17/11/2016 , 22:45:00,0,0
912,17/11/2016 , 23:00:00,0,0
913,17/11/2016 , 23:15:00,0,0
914,17/11/2016 , 23:30:00,0,0
915,17/11/2016 , 23:45:00,0,0
916,17/11/2016 , 24:00:00,0,0
917,18/11/2016 , 00:15:00,0,0
918,18/11/2016 , 00:30:00,0,0
919,18/11/2016 , 00:45:00,0,0
920,18/11/2016 , 01:00:00,0,0
921,18/11/2016 , 01:15:00,0,0
922,18/11/2016 , 01:30:00,0,0
923,18/11/2016 , 01:45:00,0,0
924,18/11/2016 , 02:00:00,0,0
925,18/11/2016 , 02:15:00,0,0
926,18/11/2016 , 02:30:00,0,0
927,18/11/2016 , 02:45:00,0,0
928,18/11/2016 , 03:00:00,0,0
929,18/11/2016 , 03:15:00,0,0
930,18/11/2016 , 03:30:00,0,0
931,18/11/2016 , 03:45:00,0,0
932,18/11/2016 , 04:00:00,0,0
933,18/11/2016 , 04:15:00,0,0
934,18/11/2016 , 04:30:00,0,0
935,18/11/2016 , 04:45:00,0,0
936,18/11/2016 , 05:00:00,0,0
937,18/11/2016 , 05:15:00,0,0
938,18/11/2016 , 05:30:00,0,0
939,18/11/2016 , 05:45:00,0,0
940,18/11/2016 , 06:00:00,0,0
941,18/11/2016 , 06:15:00,0,0
942,18/11/2016 , 06:30:00,0,0
943,18/11/2016 , 06:45:00,0,0
944,18/11/2016 , 07:00:00,0,0
945,18/11/2016 , 07:15:00,26,26
946,18/11/2016 , 07:30:00,296,296
947,18/11/2016 , 07:45:00,450,450
948,18/11/2016 , 08:00:00,702,702
949,18/11/2016 , 08:15:00,1038,1038
950,18/11/2016 , 08:30:00,1455,1455
951,18/11/2016 , 08:45:00,1440,1440
952,18/11/2016 , 09:00:00,1321,1321
953,18/11/2016 , 09:15:00,2585,2585
954,18/11/2016 , 09:30:00,4540,4540
955,18/11/2016 , 09:45:00,3156,3156
956,18/11/2016 , 10:00:00,4223,4223
957,18/11/2016 , 10:15:00,5468,5468
958,18/11/2016 , 10:30:00,5150,5150
959,18/11/2016 , 10:45:00,5854,5854
960,18/11/2016 , 11:00:00,6344,6344
961,18/11/2016 , 11:15:00,6674,6674
962,18/11/2016 , 11:30:00,6900,6900
963,18/11/2016 , 11:45:00,7202,7202
964,18/11/2016 , 12:00:00,6842,6842
965,18/11/2016 , 12:15:00,7437,7437
966,18/11/2016 , 12:30:00,6669,6669
967,18/11/2016 , 12:45:00,7848,7848
968,18/11/2016 , 13:00:00,5378,5378
969,18/11/2016 , 13:15:00,7032,7032
970,18/11/2016 , 13:30:00,7380,7380
971,18/11/2016 , 13:45:00,7240,7240
972,18/11/2016 , 14:00:00,5150,5150
973,18/11/2016 , 14:15:00,4518,4518
974,18/11/2016 , 14:30:00,5517,5517
975,18/11/2016 , 14:45:00,5385,5385
976,18/11/2016 , 15:00:00,5376,5376
977,18/11/2016 , 15:15:00,4995,4995
978,18/11/2016 , 15:30:00,3265,3265
979,18/11/2016 , 15:45:00,2509,2509
980,18/11/2016 , 16:00:00,2919,2919
981,18/11/2016 , 16:15:00,2408,2408
982,18/11/2016 , 16:30:00,997,997
983,18/11/2016 , 16:45:00,2150,2150
984,18/11/2016 , 17:00:00,998,998
985,18/11/2016 , 17:15:00,590,590
986,18/11/2016 , 17:30:00,350,350
987,18/11/2016 , 17:45:00,184,184
988,18/11/2016 , 18:00:00,21,21
989,18/11/2016 , 18:15:00,0,0
990,18/11/2016 , 18:30:00,0,0
991,18/11/2016 , 18:45:00,0,0
992,18/11/2016 , 19:00:00,0,0
993,18/11/2016 , 19:15:00,0,0
994,18/11/2016 , 19:30:00,0,0
995,18/11/2016 , 19:45:00,0,0
996,18/11/2016 , 20:00:00,0,0
997,18/11/2016 , 20:15:00,0,0
998,18/11/2016 , 20:30:00,0,0
999,18/11/2016 , 20:45:00,0,0
1000,18/11/2016 , 21:00:00,0,0
1001,18/11/2016 , 21:15:00,0,0
1002,18/11/2016 , 21:30:00,0,0
1003,18/11/2016 , 21:45:00,0,0
1004,18/11/2016 , 22:00:00,0,0
1005,18/11/2016 , 22:15:00,0,0
1006,18/11/2016 , 22:30:00,0,0
1007,18/11/2016 , 22:45:00,0,0
1008,18/11/2016 , 23:00:00,0,0
1009,18/11/2016 , 23:15:00,0,0
1010,18/11/2016 , 23:30:00,0,0
1011,18/11/2016 , 23:45:00,0,0
1012,18/11/2016 , 24:00:00,0,0
1013,19/11/2016 , 00:15:00,0,0
1014,19/11/2016 , 00:30:00,0,0
1015,19/11/2016 , 00:45:00,0,0
1016,19/11/2016 , 01:00:00,0,0
1017,19/11/2016 , 01:15:00,0,0
1018,19/11/2016 , 01:30:00,0,0
1019,19/11/2016 , 01:45:00,0,0
1020,19/11/2016 , 02:00:00,0,0
1021,19/11/2016 , 02:15:00,0,0
1022,19/11/2016 , 02:30:00,0,0
1023,19/11/2016 , 02:45:00,0,0
1024,19/11/2016 , 03:00:00,0,0
1025,19/11/2016 , 03:15:00,0,0
1026,19/11/2016 , 03:30:00,0,0
1027,19/11/2016 , 03:45:00,0,0
1028,19/11/2016 , 04:00:00,0,0
1029,19/11/2016 , 04:15:00,0,0
1030,19/11/2016 , 04:30:00,0,0
1031,19/11/2016 , 04:45:00,0,0
1032,19/11/2016 , 05:00:00,0,0
1033,19/11/2016 , 05:15:00,0,0
1034,19/11/2016 , 05:30:00,0,0
1035,19/11/2016 , 05:45:00,0,0
1036,19/11/2016 , 06:00:00,0,0
1037,19/11/2016 , 06:15:00,0,0
1038,19/11/2016 , 06:30:00,0,0
1039,19/11/2016 , 06:45:00,0,0
1040,19/11/2016 , 07:00:00,3,3
1041,19/11/2016 , 07:15:00,72,72
1042,19/11/2016 , 07:30:00,212,212
1043,19/11/2016 , 07:45:00,504,504
1044,19/11/2016 , 08:00:00,944,944
1045,19/11/2016 , 08:15:00,1079,1079
1046,19/11/2016 , 08:30:00,2379,2379
1047,19/11/2016 , 08:45:00,1482,1482
1048,19/11/2016 , 09:00:00,1345,1345
1049,19/11/2016 , 09:15:00,3141,3141
1050,19/11/2016 , 09:30:00,2192,2192
1051,19/11/2016 , 09:45:00,2264,2264
1052,19/11/2016 , 10:00:00,2549,2549
1053,19/11/2016 , 10:15:00,3744,3744
1054,19/11/2016 , 10:30:00,3424,3424
1055,19/11/2016 , 10:45:00,2593,2593
1056,19/11/2016 , 11:00:00,4555,4555
1057,19/11/2016 , 11:15:00,2614,2614
1058,19/11/2016 , 11:30:00,2648,2648
1059,19/11/2016 , 11:45:00,4320,4320
1060,19/11/2016 , 12:00:00,2005,2005
1061,19/11/2016 , 12:15:00,3615,3615
1062,19/11/2016 , 12:30:00,2476,2476
1063,19/11/2016 , 12:45:00,2313,2313
1064,19/11/2016 , 13:00:00,3115,3115
1065,19/11/2016 , 13:15:00,2983,2983
1066,19/11/2016 , 13:30:00,3762,3762
1067,19/11/2016 , 13:45:00,3141,3141
1068,19/11/2016 , 14:00:00,2350,2350
1069,19/11/2016 , 14:15:00,2976,2976
1070,19/11/2016 , 14:30:00,3011,3011
1071,19/11/2016 , 14:45:00,1967,1967
1072,19/11/2016 , 15:00:00,1646,1646
1073,19/11/2016 , 15:15:00,1602,1602
1074,19/11/2016 , 15:30:00,2099,2099
1075,19/11/2016 , 15:45:00,823,823
1076,19/11/2016 , 16:00:00,882,882
1077,19/11/2016 , 16:15:00,650,650
1078,19/11/2016 , 16:30:00,512,512
1079,19/11/2016 , 16:45:00,542,542
1080,19/11/2016 , 17:00:00,274,274
1081,19/11/2016 , 17:15:00,274,274
1082,19/11/2016 , 17:30:00,130,130
1083,19/11/2016 , 17:45:00,44,44
1084,19/11/2016 , 18:00:00,0,0
1085,19/11/2016 , 18:15:00,0,0
1086,19/11/2016 , 18:30:00,0,0
1087,19/11/2016 , 18:45:00,0,0
1088,19/11/2016 , 19:00:00,0,0
1089,19/11/2016 , 19:15:00,0,0
1090,19/11/2016 , 19:30:00,0,0
1091,19/11/2016 , 19:45:00,0,0
1092,19/11/2016 , 20:00:00,0,0
1093,19/11/2016 , 20:15:00,0,0
1094,19/11/2016 , 20:30:00,0,0
1095,19/11/2016 , 20:45:00,0,0
1096,19/11/2016 , 21:00:00,0,0
1097,19/11/2016 , 21:15:00,0,0
1098,19/11/2016 , 21:30:00,0,0
1099,19/11/2016 , 21:45:00,0,0
1100,19/11/2016 , 22:00:00,0,0
1101,19/11/2016 , 22:15:00,0,0
1102,19/11/2016 , 22:30:00,0,0
1103,19/11/2016 , 22:45:00,0,0
1104,19/11/2016 , 23:00:00,0,0
1105,19/11/2016 , 23:15:00,0,0
1106,19/11/2016 , 23:30:00,0,0
1107,19/11/2016 , 23:45:00,0,0
1108,19/11/2016 , 24:00:00,0,0
1109,20/11/2016 , 00:15:00,0,0
1110,20/11/2016 , 00:30:00,0,0
1111,20/11/2016 , 00:45:00,0,0
1112,20/11/2016 , 01:00:00,0,0
1113,20/11/2016 , 01:15:00,0,0
1114,20/11/2016 , 01:30:00,0,0
1115,20/11/2016 , 01:45:00,0,0
1116,20/11/2016 , 02:00:00,0,0
1117,20/11/2016 , 02:15:00,0,0
1118,20/11/2016 , 02:30:00,0,0
1119,20/11/2016 , 02:45:00,0,0
1120,20/11/2016 , 03:00:00,0,0
1121,20/11/2016 , 03:15:00,0,0
1122,20/11/2016 , 03:30:00,0,0
1123,20/11/2016 , 03:45:00,0,0
1124,20/11/2016 , 04:00:00,0,0
1125,20/11/2016 , 04:15:00,0,0
1126,20/11/2016 , 04:30:00,0,0
1127,20/11/2016 , 04:45:00,0,0
1128,20/11/2016 , 05:00:00,0,0
1129,20/11/2016 , 05:15:00,0,0
1130,20/11/2016 , 05:30:00,0,0
1131,20/11/2016 , 05:45:00,0,0
1132,20/11/2016 , 06:00:00,0,0
1133,20/11/2016 , 06:15:00,0,0
1134,20/11/2016 , 06:30:00,0,0
1135,20/11/2016 , 06:45:00,0,0
1136,20/11/2016 , 07:00:00,0,0
1137,20/11/2016 , 07:15:00,84,84
1138,20/11/2016 , 07:30:00,234,234
1139,20/11/2016 , 07:45:00,351,351
1140,20/11/2016 , 08:00:00,707,707
1141,20/11/2016 , 08:15:00,1048,1048
1142,20/11/2016 , 08:30:00,1358,1358
1143,20/11/2016 , 08:45:00,1729,1729
1144,20/11/2016 , 09:00:00,1839,1839
1145,20/11/2016 , 09:15:00,3097,3097
1146,20/11/2016 , 09:30:00,4218,4218
1147,20/11/2016 , 09:45:00,4538,4538
1148,20/11/2016 , 10:00:00,4798,4798
1149,20/11/2016 , 10:15:00,3807,3807
1150,20/11/2016 , 10:30:00,4513,4513
1151,20/11/2016 , 10:45:00,5228,5228
1152,20/11/2016 , 11:00:00,5701,5701
1153,20/11/2016 , 11:15:00,6032,6032
1154,20/11/2016 , 11:30:00,6399,6399
1155,20/11/2016 , 11:45:00,6564,6564
1156,20/11/2016 , 12:00:00,7057,7057
1157,20/11/2016 , 12:15:00,5463,5463
1158,20/11/2016 , 12:30:00,6417,6417
1159,20/11/2016 , 12:45:00,7039,7039
1160,20/11/2016 , 13:00:00,6585,6585
1161,20/11/2016 , 13:15:00,5679,5679
1162,20/11/2016 , 13:30:00,5913,5913
1163,20/11/2016 , 13:45:00,6086,6086
1164,20/11/2016 , 14:00:00,4469,4469
1165,20/11/2016 , 14:15:00,5908,5908
1166,20/11/2016 , 14:30:00,2876,2876
1167,20/11/2016 , 14:45:00,3558,3558
1168,20/11/2016 , 15:00:00,3584,3584
1169,20/11/2016 , 15:15:00,2895,2895
1170,20/11/2016 , 15:30:00,3507,3507
1171,20/11/2016 , 15:45:00,3888,3888
1172,20/11/2016 , 16:00:00,3357,3357
1173,20/11/2016 , 16:15:00,2241,2241
1174,20/11/2016 , 16:30:00,1470,1470
1175,20/11/2016 , 16:45:00,1254,1254
1176,20/11/2016 , 17:00:00,593,593
1177,20/11/2016 , 17:15:00,513,513
1178,20/11/2016 , 17:30:00,321,321
1179,20/11/2016 , 17:45:00,126,126
1180,20/11/2016 , 18:00:00,11,11
1181,20/11/2016 , 18:15:00,0,0
1182,20/11/2016 , 18:30:00,0,0
1183,20/11/2016 , 18:45:00,0,0
1184,20/11/2016 , 19:00:00,0,0
1185,20/11/2016 , 19:15:00,0,0
1186,20/11/2016 , 19:30:00,0,0
1187,20/11/2016 , 19:45:00,0,0
1188,20/11/2016 , 20:00:00,0,0
1189,20/11/2016 , 20:15:00,0,0
1190,20/11/2016 , 20:30:00,0,0
1191,20/11/2016 , 20:45:00,0,0
1192,20/11/2016 , 21:00:00,0,0
1193,20/11/2016 , 21:15:00,0,0
1194,20/11/2016 , 21:30:00,0,0
1195,20/11/2016 , 21:45:00,0,0
1196,20/11/2016 , 22:00:00,0,0
1197,20/11/2016 , 22:15:00,0,0
1198,20/11/2016 , 22:30:00,0,0
1199,20/11/2016 , 22:45:00,0,0
1200,20/11/2016 , 23:00:00,0,0
1201,20/11/2016 , 23:15:00,0,0
1202,20/11/2016 , 23:30:00,0,0
1203,20/11/2016 , 23:45:00,0,0
1204,20/11/2016 , 24:00:00,0,0
1205,21/11/2016 , 00:15:00,0,0
1206,21/11/2016 , 00:30:00,0,0
1207,21/11/2016 , 00:45:00,0,0
1208,21/11/2016 , 01:00:00,0,0
1209,21/11/2016 , 01:15:00,0,0
1210,21/11/2016 , 01:30:00,0,0
1211,21/11/2016 , 01:45:00,0,0
1212,21/11/2016 , 02:00:00,0,0
1213,21/11/2016 , 02:15:00,0,0
1214,21/11/2016 , 02:30:00,0,0
1215,21/11/2016 , 02:45:00,0,0
1216,21/11/2016 , 03:00:00,0,0
1217,21/11/2016 , 03:15:00,0,0
1218,21/11/2016 , 03:30:00,0,0
1219,21/11/2016 , 03:45:00,0,0
1220,21/11/2016 , 04:00:00,0,0
1221,21/11/2016 , 04:15:00,0,0
1222,21/11/2016 , 04:30:00,0,0
1223,21/11/2016 , 04:45:00,0,0
1224,21/11/2016 , 05:00:00,0,0
1225,21/11/2016 , 05:15:00,0,0
1226,21/11/2016 , 05:30:00,0,0
1227,21/11/2016 , 05:45:00,0,0
1228,21/11/2016 , 06:00:00,0,0
1229,21/11/2016 , 06:15:00,0,0
1230,21/11/2016 , 06:30:00,0,0
1231,21/11/2016 , 06:45:00,0,0
1232,21/11/2016 , 07:00:00,1,1
1233,21/11/2016 , 07:15:00,73,73
1234,21/11/2016 , 07:30:00,191,191
1235,21/11/2016 , 07:45:00,252,252
1236,21/11/2016 , 08:00:00,306,306
1237,21/11/2016 , 08:15:00,366,366
1238,21/11/2016 , 08:30:00,506,506
1239,21/11/2016 , 08:45:00,760,760
1240,21/11/2016 , 09:00:00,910,910
1241,21/11/2016 , 09:15:00,1177,1177
1242,21/11/2016 , 09:30:00,1072,1072
1243,21/11/2016 , 09:45:00,2111,2111
1244,21/11/2016 , 10:00:00,2332,2332
1245,21/11/2016 , 10:15:00,1664,1664
1246,21/11/2016 , 10:30:00,1492,1492
1247,21/11/2016 , 10:45:00,1089,1089
1248,21/11/2016 , 11:00:00,1626,1626
1249,21/11/2016 , 11:15:00,1526,1526
1250,21/11/2016 , 11:30:00,2230,2230
1251,21/11/2016 , 11:45:00,2854,2854
1252,21/11/2016 , 12:00:00,2853,2853
1253,21/11/2016 , 12:15:00,3228,3228
1254,21/11/2016 , 12:30:00,3124,3124
1255,21/11/2016 , 12:45:00,2451,2451
1256,21/11/2016 , 13:00:00,1872,1872
1257,21/11/2016 , 13:15:00,1327,1327
1258,21/11/2016 , 13:30:00,1288,1288
1259,21/11/2016 , 13:45:00,1419,1419
1260,21/11/2016 , 14:00:00,1944,1944
1261,21/11/2016 , 14:15:00,2656,2656
1262,21/11/2016 , 14:30:00,2465,2465
1263,21/11/2016 , 14:45:00,2127,2127
1264,21/11/2016 , 15:00:00,1520,1520
1265,21/11/2016 , 15:15:00,1395,1395
1266,21/11/2016 , 15:30:00,1261,1261
1267,21/11/2016 , 15:45:00,941,941
1268,21/11/2016 , 16:00:00,1054,1054
1269,21/11/2016 , 16:15:00,433,433
1270,21/11/2016 , 16:30:00,495,495
1271,21/11/2016 , 16:45:00,279,279
1272,21/11/2016 , 17:00:00,228,228
1273,21/11/2016 , 17:15:00,137,137
1274,21/11/2016 , 17:30:00,99,99
1275,21/11/2016 , 17:45:00,7,7
1276,21/11/2016 , 18:00:00,0,0
1277,21/11/2016 , 18:15:00,0,0
1278,21/11/2016 , 18:30:00,0,0
1279,21/11/2016 , 18:45:00,0,0
1280,21/11/2016 , 19:00:00,0,0
1281,21/11/2016 , 19:15:00,0,0
1282,21/11/2016 , 19:30:00,0,0
1283,21/11/2016 , 19:45:00,0,0
1284,21/11/2016 , 20:00:00,0,0
1285,21/11/2016 , 20:15:00,0,0
1286,21/11/2016 , 20:30:00,0,0
1287,21/11/2016 , 20:45:00,0,0
1288,21/11/2016 , 21:00:00,0,0
1289,21/11/2016 , 21:15:00,0,0
1290,21/11/2016 , 21:30:00,0,0
1291,21/11/2016 , 21:45:00,0,0
1292,21/11/2016 , 22:00:00,0,0
1293,21/11/2016 , 22:15:00,0,0
1294,21/11/2016 , 22:30:00,0,0
1295,21/11/2016 , 22:45:00,0,0
1296,21/11/2016 , 23:00:00,0,0
1297,21/11/2016 , 23:15:00,0,0
1298,21/11/2016 , 23:30:00,0,0
1299,21/11/2016 , 23:45:00,0,0
1300,21/11/2016 , 24:00:00,0,0
1301,22/11/2016 , 00:15:00,0,0
1302,22/11/2016 , 00:30:00,0,0
1303,22/11/2016 , 00:45:00,0,0
1304,22/11/2016 , 01:00:00,0,0
1305,22/11/2016 , 01:15:00,0,0
1306,22/11/2016 , 01:30:00,0,0
1307,22/11/2016 , 01:45:00,0,0
1308,22/11/2016 , 02:00:00,0,0
1309,22/11/2016 , 02:15:00,0,0
1310,22/11/2016 , 02:30:00,0,0
1311,22/11/2016 , 02:45:00,0,0
1312,22/11/2016 , 03:00:00,0,0
1313,22/11/2016 , 03:15:00,0,0
1314,22/11/2016 , 03:30:00,0,0
1315,22/11/2016 , 03:45:00,0,0
1316,22/11/2016 , 04:00:00,0,0
1317,22/11/2016 , 04:15:00,0,0
1318,22/11/2016 , 04:30:00,0,0
1319,22/11/2016 , 04:45:00,0,0
1320,22/11/2016 , 05:00:00,0,0
1321,22/11/2016 , 05:15:00,0,0
1322,22/11/2016 , 05:30:00,0,0
1323,22/11/2016 , 05:45:00,0,0
1324,22/11/2016 , 06:00:00,0,0
1325,22/11/2016 , 06:15:00,0,0
1326,22/11/2016 , 06:30:00,0,0
1327,22/11/2016 , 06:45:00,0,0
1328,22/11/2016 , 07:00:00,0,0
1329,22/11/2016 , 07:15:00,32,32
1330,22/11/2016 , 07:30:00,155,155
1331,22/11/2016 , 07:45:00,326,326
1332,22/11/2016 , 08:00:00,202,202
1333,22/11/2016 , 08:15:00,270,270
1334,22/11/2016 , 08:30:00,670,670
1335,22/11/2016 , 08:45:00,629,629
1336,22/11/2016 , 09:00:00,483,483
1337,22/11/2016 , 09:15:00,729,729
1338,22/11/2016 , 09:30:00,1344,1344
1339,22/11/2016 , 09:45:00,1941,1941
1340,22/11/2016 , 10:00:00,1785,1785
1341,22/11/2016 , 10:15:00,1462,1462
1342,22/11/2016 , 10:30:00,1919,1919
1343,22/11/2016 , 10:45:00,2185,2185
1344,22/11/2016 , 11:00:00,2671,2671
1345,22/11/2016 , 11:15:00,3332,3332
1346,22/11/2016 , 11:30:00,2889,2889
1347,22/11/2016 , 11:45:00,3677,3677
1348,22/11/2016 , 12:00:00,4159,4159
1349,22/11/2016 , 12:15:00,4215,4215
1350,22/11/2016 , 12:30:00,4338,4338
1351,22/11/2016 , 12:45:00,2392,2392
1352,22/11/2016 , 13:00:00,2467,2467
1353,22/11/2016 , 13:15:00,3069,3069
1354,22/11/2016 , 13:30:00,2462,2462
1355,22/11/2016 , 13:45:00,2601,2601
1356,22/11/2016 , 14:00:00,2492,2492
1357,22/11/2016 , 14:15:00,2436,2436
1358,22/11/2016 , 14:30:00,3481,3481
1359,22/11/2016 , 14:45:00,4032,4032
1360,22/11/2016 , 15:00:00,4596,4596
1361,22/11/2016 , 15:15:00,3746,3746
1362,22/11/2016 , 15:30:00,2890,2890
1363,22/11/2016 , 15:45:00,2097,2097
1364,22/11/2016 , 16:00:00,2573,2573
1365,22/11/2016 , 16:15:00,2045,2045
1366,22/11/2016 , 16:30:00,1552,1552
1367,22/11/2016 , 16:45:00,1330,1330
1368,22/11/2016 , 17:00:00,733,733
1369,22/11/2016 , 17:15:00,642,642
1370,22/11/2016 , 17:30:00,291,291
1371,22/11/2016 , 17:45:00,139,139
1372,22/11/2016 , 18:00:00,13,13
1373,22/11/2016 , 18:15:00,0,0
1374,22/11/2016 , 18:30:00,0,0
1375,22/11/2016 , 18:45:00,0,0
1376,22/11/2016 , 19:00:00,0,0
1377,22/11/2016 , 19:15:00,0,0
1378,22/11/2016 , 19:30:00,0,0
1379,22/11/2016 , 19:45:00,0,0
1380,22/11/2016 , 20:00:00,0,0
1381,22/11/2016 , 20:15:00,0,0
1382,22/11/2016 , 20:30:00,0,0
1383,22/11/2016 , 20:45:00,0,0
1384,22/11/2016 , 21:00:00,0,0
1385,22/11/2016 , 21:15:00,0,0
1386,22/11/2016 , 21:30:00,0,0
1387,22/11/2016 , 21:45:00,0,0
1388,22/11/2016 , 22:00:00,0,0
1389,22/11/2016 , 22:15:00,0,0
1390,22/11/2016 , 22:30:00,0,0
1391,22/11/2016 , 22:45:00,0,0
1392,22/11/2016 , 23:00:00,0,0
1393,22/11/2016 , 23:15:00,0,0
1394,22/11/2016 , 23:30:00,0,0
1395,22/11/2016 , 23:45:00,0,0
1396,22/11/2016 , 24:00:00,0,0
1397,23/11/2016 , 00:15:00,0,0
1398,23/11/2016 , 00:30:00,0,0
1399,23/11/2016 , 00:45:00,0,0
1400,23/11/2016 , 01:00:00,0,0
1401,23/11/2016 , 01:15:00,0,0
1402,23/11/2016 , 01:30:00,0,0
1403,23/11/2016 , 01:45:00,0,0
1404,23/11/2016 , 02:00:00,0,0
1405,23/11/2016 , 02:15:00,0,0
1406,23/11/2016 , 02:30:00,0,0
1407,23/11/2016 , 02:45:00,0,0
1408,23/11/2016 , 03:00:00,0,0
1409,23/11/2016 , 03:15:00,0,0
1410,23/11/2016 , 03:30:00,0,0
1411,23/11/2016 , 03:45:00,0,0
1412,23/11/2016 , 04:00:00,0,0
1413,23/11/2016 , 04:15:00,0,0
1414,23/11/2016 , 04:30:00,0,0
1415,23/11/2016 , 04:45:00,0,0
1416,23/11/2016 , 05:00:00,0,0
1417,23/11/2016 , 05:15:00,0,0
1418,23/11/2016 , 05:30:00,0,0
1419,23/11/2016 , 05:45:00,0,0
1420,23/11/2016 , 06:00:00,0,0
1421,23/11/2016 , 06:15:00,0,0
1422,23/11/2016 , 06:30:00,0,0
1423,23/11/2016 , 06:45:00,0,0
1424,23/11/2016 , 07:00:00,9,9
1425,23/11/2016 , 07:15:00,185,185
1426,23/11/2016 , 07:30:00,425,425
1427,23/11/2016 , 07:45:00,605,605
1428,23/11/2016 , 08:00:00,1016,1016
1429,23/11/2016 , 08:15:00,1260,1260
1430,23/11/2016 , 08:30:00,1042,1042
1431,23/11/2016 , 08:45:00,2239,2239
1432,23/11/2016 , 09:00:00,1700,1700
1433,23/11/2016 , 09:15:00,2914,2914
1434,23/11/2016 , 09:30:00,2601,2601
1435,23/11/2016 , 09:45:00,4292,4292
1436,23/11/2016 , 10:00:00,3633,3633
1437,23/11/2016 , 10:15:00,4219,4219
1438,23/11/2016 , 10:30:00,4052,4052
1439,23/11/2016 , 10:45:00,5474,5474
1440,23/11/2016 , 11:00:00,3823,3823
1441,23/11/2016 , 11:15:00,4616,4616
1442,23/11/2016 , 11:30:00,4558,4558
1443,23/11/2016 , 11:45:00,6919,6919
1444,23/11/2016 , 12:00:00,6856,6856
1445,23/11/2016 , 12:15:00,5780,5780
1446,23/11/2016 , 12:30:00,5433,5433
1447,23/11/2016 , 12:45:00,3927,3927
1448,23/11/2016 , 13:00:00,5140,5140
1449,23/11/2016 , 13:15:00,6161,6161
1450,23/11/2016 , 13:30:00,6516,6516
1451,23/11/2016 , 13:45:00,5896,5896
1452,23/11/2016 , 14:00:00,6497,6497
1453,23/11/2016 , 14:15:00,5108,5108
1454,23/11/2016 , 14:30:00,4937,4937
1455,23/11/2016 , 14:45:00,4353,4353
1456,23/11/2016 , 15:00:00,3019,3019
1457,23/11/2016 , 15:15:00,3285,3285
1458,23/11/2016 , 15:30:00,2561,2561
1459,23/11/2016 , 15:45:00,2782,2782
1460,23/11/2016 , 16:00:00,2361,2361
1461,23/11/2016 , 16:15:00,1758,1758
1462,23/11/2016 , 16:30:00,922,922
1463,23/11/2016 , 16:45:00,771,771
1464,23/11/2016 , 17:00:00,486,486
1465,23/11/2016 , 17:15:00,370,370
1466,23/11/2016 , 17:30:00,189,189
1467,23/11/2016 , 17:45:00,156,156
1468,23/11/2016 , 18:00:00,15,15
1469,23/11/2016 , 18:15:00,0,0
1470,23/11/2016 , 18:30:00,0,0
1471,23/11/2016 , 18:45:00,0,0
1472,23/11/2016 , 19:00:00,0,0
1473,23/11/2016 , 19:15:00,0,0
1474,23/11/2016 , 19:30:00,0,0
1475,23/11/2016 , 19:45:00,0,0
1476,23/11/2016 , 20:00:00,0,0
1477,23/11/2016 , 20:15:00,0,0
1478,23/11/2016 , 20:30:00,0,0
1479,23/11/2016 , 20:45:00,0,0
1480,23/11/2016 , 21:00:00,0,0
1481,23/11/2016 , 21:15:00,0,0
1482,23/11/2016 , 21:30:00,0,0
1483,23/11/2016 , 21:45:00,0,0
1484,23/11/2016 , 22:00:00,0,0
1485,23/11/2016 , 22:15:00,0,0
1486,23/11/2016 , 22:30:00,0,0
1487,23/11/2016 , 22:45:00,0,0
1488,23/11/2016 , 23:00:00,0,0
1489,23/11/2016 , 23:15:00,0,0
1490,23/11/2016 , 23:30:00,0,0
1491,23/11/2016 , 23:45:00,0,0
1492,23/11/2016 , 24:00:00,0,0
1493,24/11/2016 , 00:15:00,0,0
1494,24/11/2016 , 00:30:00,0,0
1495,24/11/2016 , 00:45:00,0,0
1496,24/11/2016 , 01:00:00,0,0
1497,24/11/2016 , 01:15:00,0,0
1498,24/11/2016 , 01:30:00,0,0
1499,24/11/2016 , 01:45:00,0,0
1500,24/11/2016 , 02:00:00,0,0
1501,24/11/2016 , 02:15:00,0,0
1502,24/11/2016 , 02:30:00,0,0
1503,24/11/2016 , 02:45:00,0,0
1504,24/11/2016 , 03:00:00,0,0
1505,24/11/2016 , 03:15:00,0,0
1506,24/11/2016 , 03:30:00,0,0
1507,24/11/2016 , 03:45:00,0,0
1508,24/11/2016 , 04:00:00,0,0
1509,24/11/2016 , 04:15:00,0,0
1510,24/11/2016 , 04:30:00,0,0
1511,24/11/2016 , 04:45:00,0,0
1512,24/11/2016 , 05:00:00,0,0
1513,24/11/2016 , 05:15:00,0,0
1514,24/11/2016 , 05:30:00,0,0
1515,24/11/2016 , 05:45:00,0,0
1516,24/11/2016 , 06:00:00,0,0
1517,24/11/2016 , 06:15:00,0,0
1518,24/11/2016 , 06:30:00,0,0
1519,24/11/2016 , 06:45:00,0,0
1520,24/11/2016 , 07:00:00,6,6
1521,24/11/2016 , 07:15:00,159,159
1522,24/11/2016 , 07:30:00,465,465
1523,24/11/2016 , 07:45:00,599,599
1524,24/11/2016 , 08:00:00,564,564
1525,24/11/2016 , 08:15:00,1595,1595
1526,24/11/2016 , 08:30:00,2501,2501
1527,24/11/2016 , 08:45:00,2811,2811
1528,24/11/2016 , 09:00:00,2410,2410
1529,24/11/2016 , 09:15:00,3937,3937
1530,24/11/2016 , 09:30:00,3079,3079
1531,24/11/2016 , 09:45:00,5529,5529
1532,24/11/2016 , 10:00:00,5491,5491
1533,24/11/2016 , 10:15:00,7201,7201
1534,24/11/2016 , 10:30:00,5540,5540
1535,24/11/2016 , 10:45:00,5808,5808
1536,24/11/2016 , 11:00:00,5870,5870
1537,24/11/2016 , 11:15:00,5664,5664
1538,24/11/2016 , 11:30:00,7538,7538
1539,24/11/2016 , 11:45:00,5573,5573
1540,24/11/2016 , 12:00:00,4781,4781
1541,24/11/2016 , 12:15:00,6974,6974
1542,24/11/2016 , 12:30:00,7711,7711
1543,24/11/2016 , 12:45:00,9445,9445
1544,24/11/2016 , 13:00:00,7005,7005
1545,24/11/2016 , 13:15:00,7123,7123
1546,24/11/2016 , 13:30:00,5344,5344
1547,24/11/2016 , 13:45:00,6013,6013
1548,24/11/2016 , 14:00:00,2912,2912
1549,24/11/2016 , 14:15:00,6946,6946
1550,24/11/2016 , 14:30:00,5826,5826
1551,24/11/2016 , 14:45:00,3483,3483
1552,24/11/2016 , 15:00:00,4489,4489
1553,24/11/2016 , 15:15:00,4309,4309
1554,24/11/2016 , 15:30:00,3582,3582
1555,24/11/2016 , 15:45:00,3201,3201
1556,24/11/2016 , 16:00:00,2479,2479
1557,24/11/2016 , 16:15:00,2117,2117
1558,24/11/2016 , 16:30:00,1679,1679
1559,24/11/2016 , 16:45:00,1233,1233
1560,24/11/2016 , 17:00:00,1172,1172
1561,24/11/2016 , 17:15:00,740,740
1562,24/11/2016 , 17:30:00,375,375
1563,24/11/2016 , 17:45:00,156,156
1564,24/11/2016 , 18:00:00,16,16
1565,24/11/2016 , 18:15:00,0,0
1566,24/11/2016 , 18:30:00,0,0
1567,24/11/2016 , 18:45:00,0,0
1568,24/11/2016 , 19:00:00,0,0
1569,24/11/2016 , 19:15:00,0,0
1570,24/11/2016 , 19:30:00,0,0
1571,24/11/2016 , 19:45:00,0,0
1572,24/11/2016 , 20:00:00,0,0
1573,24/11/2016 , 20:15:00,0,0
1574,24/11/2016 , 20:30:00,0,0
1575,24/11/2016 , 20:45:00,0,0
