"","timestamp","Rf44.shallow","Rf44.mid","Rf44.deep","Rf10.shallow","Rf10.mid","Rf10.deep"
"1",2016-11-08 13:00:00,1067.58663,666.31768,110.33091,290.697,177.8272,105.95562
"2",2016-11-08 13:15:00,974.38286,612.32774,110.63586,250.2522,136.2496,60.8283
"3",2016-11-08 13:30:00,1307.22174,818.89544,133.75107,409.044,227.9936,105.27975
"4",2016-11-08 13:45:00,1006.65994,608.00624,100.87746,358.2582,201.60256,90.67056
"5",2016-11-08 14:00:00,1305.66711,817.22446,138.56928,347.5725,193.59936,82.50813
"6",2016-11-08 14:15:00,1013.54473,637.68054,97.46202,259.4442,139.99744,62.64795
"7",2016-11-08 14:30:00,935.81323,582.76868,72.88305,235.4301,128.79296,58.43676
"8",2016-11-08 14:45:00,676.85629,416.93832,50.92665,240.0261,131.44768,59.52855
"9",2016-11-08 15:00:00,382.80913,235.9539,31.95876,628.1583,342.49792,156.43791
"10",2016-11-08 15:15:00,197.95622,117.2567,17.99205,231.4086,127.6608,50.79423
"11",2016-11-08 15:30:00,144.50656,81.99326,15.18651,181.0824,99.31776,38.57658
"12",2016-11-08 15:45:00,171.52751,100.20118,17.38215,127.0794,66.48512,24.12336
"13",2016-11-08 16:00:00,178.56036,104.5803,21.16353,109.2699,55.0464,21.78381
"14",2016-11-08 16:15:00,218.3885,110.11182,18.54096,105.0186,53.4848,20.58804
"15",2016-11-08 16:30:00,124.00025,61.30768,8.66058,110.0742,55.08544,21.41988
"16",2016-11-08 16:45:00,228.90076,120.82914,17.0772,110.5338,57.15456,21.57585
"17",2016-11-08 17:00:00,171.7496,91.27008,11.34414,82.8429,42.28032,15.54501
"18",2016-11-08 17:15:00,138.13998,72.71644,9.57543,56.5308,28.14784,10.86591
"19",2016-11-08 17:30:00,51.96906,25.3528,4.2693,36.3084,17.80224,7.2786
"20",2016-11-08 17:45:00,15.84242,7.14488,1.15881,21.1416,10.26752,4.00323
"21",2016-11-08 18:00:00,3.77553,1.26764,0.18297,8.043,3.66976,1.50771
"22",2016-11-08 18:15:00,0.44418,0,0,0.6894,0.15616,0.05199
"23",2016-11-08 18:30:00,0,0,0,0,0,0
"24",2016-11-08 18:45:00,0,0,0,0,0,0
"25",2016-11-08 19:00:00,0,0,0,0,0,0
"26",2016-11-08 19:15:00,0,0,0,0,0,0
"27",2016-11-08 19:30:00,0,0,0,0,0,0
"28",2016-11-08 19:45:00,0,0,0,0,0,0
"29",2016-11-08 20:00:00,0,0,0,0,0,0
"30",2016-11-08 20:15:00,0,0,0,0,0,0
"31",2016-11-08 20:30:00,0,0,0,0,0,0
"32",2016-11-08 20:45:00,0,0,0,0,0,0
"33",2016-11-08 21:00:00,0,0,0,0,0,0
"34",2016-11-08 21:15:00,0,0,0,0,0,0
"35",2016-11-08 21:30:00,0,0,0,0,0,0
"36",2016-11-08 21:45:00,0,0,0,0,0,0
"37",2016-11-08 22:00:00,0,0,0,0,0,0
"38",2016-11-08 22:15:00,0,0,0,0,0,0
"39",2016-11-08 22:30:00,0,0,0,0,0,0
"40",2016-11-08 22:45:00,0,0,0,0,0,0
"41",2016-11-08 23:00:00,0,0,0,0,0,0
"42",2016-11-08 23:15:00,0,0,0,0,0,0
"43",2016-11-08 23:30:00,0,0,0,0,0,0
"44",2016-11-08 23:45:00,0,0,0,0,0,0
"45",2016-11-09 00:00:00,0,0,0,0,0,0
"46",2016-11-09 00:15:00,0,0,0,0,0,0
"47",2016-11-09 00:30:00,0,0,0,0,0,0
"48",2016-11-09 00:45:00,0,0,0,0,0,0
"49",2016-11-09 01:00:00,0,0,0,0,0,0
"50",2016-11-09 01:15:00,0,0,0,0,0,0
"51",2016-11-09 01:30:00,0,0,0,0,0,0
"52",2016-11-09 01:45:00,0,0,0,0,0,0
"53",2016-11-09 02:00:00,0,0,0,0,0,0
"54",2016-11-09 02:15:00,0,0,0,0,0,0
"55",2016-11-09 02:30:00,0,0,0,0,0,0
"56",2016-11-09 02:45:00,0,0,0,0,0,0
"57",2016-11-09 03:00:00,0,0,0,0,0,0
"58",2016-11-09 03:15:00,0,0,0,0,0,0
"59",2016-11-09 03:30:00,0,0,0,0,0,0
"60",2016-11-09 03:45:00,0,0,0,0,0,0
"61",2016-11-09 04:00:00,0,0,0,0,0,0
"62",2016-11-09 04:15:00,0,0,0,0,0,0
"63",2016-11-09 04:30:00,0,0,0,0,0,0
"64",2016-11-09 04:45:00,0,0,0,0,0,0
"65",2016-11-09 05:00:00,0,0,0,0,0,0
"66",2016-11-09 05:15:00,0,0,0,0,0,0
"67",2016-11-09 05:30:00,0,0,0,0,0,0
"68",2016-11-09 05:45:00,0,0,0,0,0,0
"69",2016-11-09 06:00:00,0,0,0,0,0,0
"70",2016-11-09 06:15:00,0,0,0,0,0,0
"71",2016-11-09 06:30:00,0.07403,0,0,0,0,0
"72",2016-11-09 06:45:00,3.18329,1.26764,0.18297,3.447,1.09312,0.72786
"73",2016-11-09 07:00:00,18.95168,9.91064,1.64673,20.3373,9.83808,5.199
"74",2016-11-09 07:15:00,43.52964,22.93276,3.72039,51.2454,24.71232,12.78954
"75",2016-11-09 07:30:00,97.7196,38.3173,9.20949,109.155,51.25952,25.995
"76",2016-11-09 07:45:00,156.05524,53.35612,12.07602,176.6013,82.64768,41.38404
"77",2016-11-09 08:00:00,221.3497,70.23878,16.52829,254.5035,118.25216,61.08825
"78",2016-11-09 08:15:00,289.90148,96.8016,22.93224,334.9335,158.5024,81.15639
"79",2016-11-09 08:30:00,367.70701,159.8955,31.59282,422.2575,203.16416,105.64368
"80",2016-11-09 08:45:00,444.40209,251.2232,40.37538,511.9944,248.13824,129.55908
"81",2016-11-09 09:00:00,521.98553,327.05112,52.20744,600.5823,295.88416,152.95458
"82",2016-11-09 09:15:00,595.27523,385.7659,60.01416,688.9404,355.30304,183.10878
"83",2016-11-09 09:30:00,671.82225,458.9433,71.48028,780.2859,406.6016,222.15327
"84",2016-11-09 09:45:00,751.47853,532.06308,85.81293,850.8345,443.2992,239.93385
"85",2016-11-09 10:00:00,830.83869,597.8075,92.94876,927.0132,490.10816,262.28955
"86",2016-11-09 10:15:00,897.02151,657.84754,92.52183,991.8168,531.76384,295.71912
"87",2016-11-09 10:30:00,967.94225,715.17944,95.02242,1065.3528,571.85792,326.44521
"88",2016-11-09 10:45:00,1029.7573,761.79402,91.485,1113.6108,606.25216,353.22006
"89",2016-11-09 11:00:00,1082.98487,810.65578,111.24576,1175.1972,636.58624,371.15661
"90",2016-11-09 11:15:00,1130.21601,840.9639,159.06192,1215.4122,667.74016,408.27747
"91",2016-11-09 11:30:00,1186.40478,882.21982,192.05751,1065.6975,605.39328,439.15953
"92",2016-11-09 11:45:00,1247.62759,917.13754,232.61586,1165.5456,571.85792,421.22298
"93",2016-11-09 12:00:00,1302.70591,966.17216,243.22812,993.0807,532.3104,332.58003
"94",2016-11-09 12:15:00,1329.20865,986.91536,241.88634,1337.5509,734.65472,452.10504
"95",2016-11-09 12:30:00,1373.40456,991.00638,274.08906,802.1169,442.5184,281.99376
"96",2016-11-09 12:45:00,849.1241,609.6196,176.07813,1112.5767,618.43264,400.94688
"97",2016-11-09 13:00:00,1159.23577,837.39146,211.14738,1184.0445,659.69792,427.56576
"98",2016-11-09 13:15:00,782.20098,548.77288,116.00298,578.8662,320.67456,189.7635
"99",2016-11-09 13:30:00,1123.62734,784.15058,224.99211,604.6038,332.73792,202.44906
"100",2016-11-09 13:45:00,814.18194,532.92738,162.90429,596.7906,328.79488,194.18265
"101",2016-11-09 14:00:00,506.95744,310.2837,94.90044,398.4732,219.52192,122.80038
"102",2016-11-09 14:15:00,524.94673,322.84486,102.89013,581.8536,323.32928,190.02345
"103",2016-11-09 14:30:00,535.82914,325.43776,106.67151,402.2649,224.51904,121.55262
"104",2016-11-09 14:45:00,417.97338,247.82362,78.0672,419.7297,233.92768,128.15535
"105",2016-11-09 15:00:00,355.26997,205.81864,61.29495,659.4111,362.40832,215.91447
"106",2016-11-09 15:15:00,297.23045,171.7076,44.46171,360.5562,201.56352,112.8183
"107",2016-11-09 15:30:00,293.82507,168.30802,35.06925,319.8816,176.14848,94.30986
"108",2016-11-09 15:45:00,280.42564,160.41408,21.9564,264.27,143.6672,72.16212
"109",2016-11-09 16:00:00,242.74437,133.79364,18.297,248.4138,133.55584,64.20765
"110",2016-11-09 16:15:00,230.30733,126.13018,16.89423,235.7748,126.41152,65.14347
"111",2016-11-09 16:30:00,168.93646,92.65296,14.75958,132.0201,71.20896,34.98927
"112",2016-11-09 16:45:00,146.5794,80.32228,12.86889,96.1713,50.9472,24.48729
"113",2016-11-09 17:00:00,117.92979,63.0939,9.57543,89.3922,47.86304,23.3955
"114",2016-11-09 17:15:00,52.48727,25.69852,4.2693,61.7013,33.02784,16.06491
"115",2016-11-09 17:30:00,32.5732,16.1336,2.68356,35.5041,18.97344,9.30621
"116",2016-11-09 17:45:00,21.02452,10.71732,1.76871,20.3373,10.69696,5.51094
"117",2016-11-09 18:00:00,6.73673,3.05386,0.48792,8.7324,4.41152,2.18358
"118",2016-11-09 18:15:00,0.88836,0.17286,0,1.0341,0.27328,0.15597
"119",2016-11-09 18:30:00,0,0,0,0,0,0
"120",2016-11-09 18:45:00,0,0,0,0,0,0
"121",2016-11-09 19:00:00,0,0,0,0,0,0
"122",2016-11-09 19:15:00,0,0,0,0,0,0
"123",2016-11-09 19:30:00,0,0,0,0,0,0
"124",2016-11-09 19:45:00,0,0,0,0,0,0
"125",2016-11-09 20:00:00,0,0,0,0,0,0
"126",2016-11-09 20:15:00,0,0,0,0,0,0
"127",2016-11-09 20:30:00,0,0,0,0,0,0
"128",2016-11-09 20:45:00,0,0,0,0,0,0
"129",2016-11-09 21:00:00,0,0,0,0,0,0
"130",2016-11-09 21:15:00,0,0,0,0,0,0
"131",2016-11-09 21:30:00,0,0,0,0,0,0
"132",2016-11-09 21:45:00,0,0,0,0,0,0
"133",2016-11-09 22:00:00,0,0,0,0,0,0
"134",2016-11-09 22:15:00,0,0,0,0,0,0
"135",2016-11-09 22:30:00,0,0,0,0,0,0
"136",2016-11-09 22:45:00,0,0,0,0,0,0
"137",2016-11-09 23:00:00,0,0,0,0,0,0
"138",2016-11-09 23:15:00,0,0,0,0,0,0
"139",2016-11-09 23:30:00,0,0,0,0,0,0
"140",2016-11-09 23:45:00,0,0,0,0,0,0
"141",2016-11-10 00:00:00,0,0,0,0,0,0
"142",2016-11-10 00:15:00,0,0,0,0,0,0
"143",2016-11-10 00:30:00,0,0,0,0,0,0
"144",2016-11-10 00:45:00,0,0,0,0,0,0
"145",2016-11-10 01:00:00,0,0,0,0,0,0
"146",2016-11-10 01:15:00,0,0,0,0,0,0
"147",2016-11-10 01:30:00,0,0,0,0,0,0
"148",2016-11-10 01:45:00,0,0,0,0,0,0
"149",2016-11-10 02:00:00,0,0,0,0,0,0
"150",2016-11-10 02:15:00,0,0,0,0,0,0
"151",2016-11-10 02:30:00,0,0,0,0,0,0
"152",2016-11-10 02:45:00,0,0,0,0,0,0
"153",2016-11-10 03:00:00,0,0,0,0,0,0
"154",2016-11-10 03:15:00,0,0,0,0,0,0
"155",2016-11-10 03:30:00,0,0,0,0,0,0
"156",2016-11-10 03:45:00,0,0,0,0,0,0
"157",2016-11-10 04:00:00,0,0,0,0,0,0
"158",2016-11-10 04:15:00,0,0,0,0,0,0
"159",2016-11-10 04:30:00,0,0,0,0,0,0
"160",2016-11-10 04:45:00,0,0,0,0,0,0
"161",2016-11-10 05:00:00,0,0,0,0,0,0
"162",2016-11-10 05:15:00,0,0,0,0,0,0
"163",2016-11-10 05:30:00,0,0,0,0,0,0
"164",2016-11-10 05:45:00,0,0,0,0,0,0
"165",2016-11-10 06:00:00,0,0,0,0,0,0
"166",2016-11-10 06:15:00,0,0,0,0,0,0
"167",2016-11-10 06:30:00,0.07403,0,0,0,0,0
"168",2016-11-10 06:45:00,3.55344,1.32526,0.18297,3.7917,1.28832,0.88383
"169",2016-11-10 07:00:00,18.65556,9.33444,1.52475,20.3373,10.18944,5.7189
"170",2016-11-10 07:15:00,46.86099,21.49226,2.92752,53.4285,26.97664,15.02511
"171",2016-11-10 07:30:00,96.46109,35.09058,6.40395,102.0312,50.3616,27.81465
"172",2016-11-10 07:45:00,152.13165,48.86176,5.36712,165.8007,81.04704,44.86737
"173",2016-11-10 08:00:00,220.31328,68.51018,14.39364,207.969,101.93344,56.72109
"174",2016-11-10 08:15:00,296.63821,99.16402,24.27402,339.8742,165.7248,91.5024
"175",2016-11-10 08:30:00,370.00194,149.35104,28.23837,425.4747,208.864,117.34143
"176",2016-11-10 08:45:00,446.47493,230.82572,32.38569,509.5815,253.44768,144.42822
"177",2016-11-10 09:00:00,527.31569,324.74632,38.66766,603.6846,303.80928,173.95854
"178",2016-11-10 09:15:00,536.56944,347.90956,35.43519,677.5653,345.23072,202.60503
"179",2016-11-10 09:30:00,685.73989,458.6552,42.32706,680.0931,353.8976,211.13139
"180",2016-11-10 09:45:00,755.99436,511.89608,58.36743,846.9279,444.6656,267.43656
"181",2016-11-10 10:00:00,815.8106,558.10732,71.3583,909.2037,483.54944,292.23579
"182",2016-11-10 10:15:00,873.99818,612.5006,80.56779,975.0414,527.31328,324.88551
"183",2016-11-10 10:30:00,934.33263,678.93646,97.584,1037.4321,560.88768,354.41583
"184",2016-11-10 10:45:00,993.55663,723.93768,128.32296,1083.0474,596.10176,379.94292
"185",2016-11-10 11:00:00,1046.7842,771.47418,138.63027,1131.4203,626.16256,405.41802
"186",2016-11-10 11:15:00,1093.86728,813.07582,160.89162,1190.0193,653.95904,428.86551
"187",2016-11-10 11:30:00,1140.062,851.56598,169.85715,1217.0208,682.6144,446.43813
"188",2016-11-10 11:45:00,1180.55641,876.80354,133.08018,1254.8229,703.57888,464.73861
"189",2016-11-10 12:00:00,1211.42692,900.48536,149.05956,1279.6413,719.35104,477.94407
"190",2016-11-10 12:15:00,1222.60545,915.69704,171.62586,1292.7399,725.98784,480.28362
"191",2016-11-10 12:30:00,1233.3398,909.47408,200.90106,1277.8029,722.47424,478.93188
"192",2016-11-10 12:45:00,1255.32671,923.70622,211.20837,1274.7006,721.4592,480.3876
"193",2016-11-10 13:00:00,1241.4831,912.75842,214.44084,1277.4582,718.5312,469.15776
"194",2016-11-10 13:15:00,1221.495,901.81062,207.73194,1262.751,708.576,461.87916
"195",2016-11-10 13:30:00,1187.81135,873.74968,183.09198,1248.1587,700.65088,443.9946
"196",2016-11-10 13:45:00,1198.91585,857.9618,199.68126,1211.2758,685.11296,436.45605
"197",2016-11-10 14:00:00,1159.45786,817.39732,161.74548,1137.2802,635.5712,394.0842
"198",2016-11-10 14:15:00,1153.97964,786.68586,148.38867,1150.7235,634.5952,397.77549
"199",2016-11-10 14:30:00,1053.81705,727.85584,146.31501,1088.9073,603.83168,370.11681
"200",2016-11-10 14:45:00,1007.99248,682.39366,136.31265,1033.8702,565.26016,338.29893
"201",2016-11-10 15:00:00,940.99533,507.6322,130.15266,960.1044,522.9408,315.11139
"202",2016-11-10 15:15:00,762.87915,519.21382,79.95789,890.9346,481.08992,277.73058
"203",2016-11-10 15:30:00,731.49043,393.2565,88.92342,829.4631,436.0768,246.38061
"204",2016-11-10 15:45:00,528.72226,312.93422,40.98528,700.89,369.43552,197.76996
"205",2016-11-10 16:00:00,393.46945,235.55056,32.75163,336.5421,180.67712,91.76235
"206",2016-11-10 16:15:00,329.72962,193.25748,28.60431,289.6629,153.34912,78.92082
"207",2016-11-10 16:30:00,419.97219,266.7806,27.4455,315.1707,158.8928,80.79246
"208",2016-11-10 16:45:00,213.28043,130.10596,14.6376,323.3286,161.8208,81.88425
"209",2016-11-10 17:00:00,104.3823,58.59954,8.35563,120.0705,62.464,31.66191
"210",2016-11-10 17:15:00,83.13569,45.92314,5.67207,68.4804,36.22912,18.30048
"211",2016-11-10 17:30:00,70.55059,39.52732,5.06217,48.9474,25.80544,12.52959
"212",2016-11-10 17:45:00,36.2747,20.51272,2.19564,34.5849,18.1536,9.09825
"213",2016-11-10 18:00:00,10.43823,5.4739,0.67089,10.8006,5.50464,2.85945
"214",2016-11-10 18:15:00,0.81433,0.17286,0,1.0341,0.23424,0.15597
"215",2016-11-10 18:30:00,0,0,0,0,0,0
"216",2016-11-10 18:45:00,0,0,0,0,0,0
"217",2016-11-10 19:00:00,0,0,0,0,0,0
"218",2016-11-10 19:15:00,0,0,0,0,0,0
"219",2016-11-10 19:30:00,0,0,0,0,0,0
"220",2016-11-10 19:45:00,0,0,0,0,0,0
"221",2016-11-10 20:00:00,0,0,0,0,0,0
"222",2016-11-10 20:15:00,0,0,0,0,0,0
"223",2016-11-10 20:30:00,0,0,0,0,0,0
"224",2016-11-10 20:45:00,0,0,0,0,0,0
"225",2016-11-10 21:00:00,0,0,0,0,0,0
"226",2016-11-10 21:15:00,0,0,0,0,0,0
"227",2016-11-10 21:30:00,0,0,0,0,0,0
"228",2016-11-10 21:45:00,0,0,0,0,0,0
"229",2016-11-10 22:00:00,0,0,0,0,0,0
"230",2016-11-10 22:15:00,0,0,0,0,0,0
"231",2016-11-10 22:30:00,0,0,0,0,0,0
"232",2016-11-10 22:45:00,0,0,0,0,0,0
"233",2016-11-10 23:00:00,0,0,0,0,0,0
"234",2016-11-10 23:15:00,0,0,0,0,0,0
"235",2016-11-10 23:30:00,0,0,0,0,0,0
"236",2016-11-10 23:45:00,0,0,0,0,0,0
"237",2016-11-11 00:00:00,0,0,0,0,0,0
"238",2016-11-11 00:15:00,0,0,0,0,0,0
"239",2016-11-11 00:30:00,0,0,0,0,0,0
"240",2016-11-11 00:45:00,0,0,0,0,0,0
"241",2016-11-11 01:00:00,0,0,0,0,0,0
"242",2016-11-11 01:15:00,0,0,0,0,0,0
"243",2016-11-11 01:30:00,0,0,0,0,0,0
"244",2016-11-11 01:45:00,0,0,0,0,0,0
"245",2016-11-11 02:00:00,0,0,0,0,0,0
"246",2016-11-11 02:15:00,0,0,0,0,0,0
"247",2016-11-11 02:30:00,0,0,0,0,0,0
"248",2016-11-11 02:45:00,0,0,0,0,0,0
"249",2016-11-11 03:00:00,0,0,0,0,0,0
"250",2016-11-11 03:15:00,0,0,0,0,0,0
"251",2016-11-11 03:30:00,0,0,0,0,0,0
"252",2016-11-11 03:45:00,0,0,0,0,0,0
"253",2016-11-11 04:00:00,0,0,0,0,0,0
"254",2016-11-11 04:15:00,0,0,0,0,0,0
"255",2016-11-11 04:30:00,0,0,0,0,0,0
"256",2016-11-11 04:45:00,0,0,0,0,0,0
"257",2016-11-11 05:00:00,0,0,0,0,0,0
"258",2016-11-11 05:15:00,0,0,0,0,0,0
"259",2016-11-11 05:30:00,0,0,0,0,0,0
"260",2016-11-11 05:45:00,0,0,0,0,0,0
"261",2016-11-11 06:00:00,0,0,0,0,0,0
"262",2016-11-11 06:15:00,0,0,0,0,0,0
"263",2016-11-11 06:30:00,0.07403,0,0,0,0,0
"264",2016-11-11 06:45:00,3.47941,1.26764,0.12198,3.5619,1.13216,0.62388
"265",2016-11-11 07:00:00,17.84123,9.10396,1.40277,18.7287,9.09632,4.41915
"266",2016-11-11 07:15:00,47.23114,22.1837,3.96435,48.1431,23.58016,11.02188
"267",2016-11-11 07:30:00,95.42467,36.3006,7.56276,98.5842,47.47264,21.93978
"268",2016-11-11 07:45:00,152.79792,50.59036,12.62493,168.3285,80.73472,37.17285
"269",2016-11-11 08:00:00,224.08881,68.62542,17.44314,244.2774,117.12,54.95343
"270",2016-11-11 08:15:00,298.78508,100.31642,27.75045,327.9246,157.09696,75.43749
"271",2016-11-11 08:30:00,376.44255,170.61282,35.43519,365.0373,178.17856,89.9427
"272",2016-11-11 08:45:00,429.44803,230.24952,40.61934,514.752,251.30048,126.23172
"273",2016-11-11 09:00:00,537.38377,300.2002,48.97497,571.8573,282.14208,144.11628
"274",2016-11-11 09:15:00,586.3176,338.40226,50.37774,671.016,336.79808,180.9252
"275",2016-11-11 09:30:00,682.85272,427.5404,53.73219,743.9775,378.06336,208.32393
"276",2016-11-11 09:45:00,753.6254,486.3128,58.91634,830.6121,428.54208,243.3132
"277",2016-11-11 10:00:00,816.77299,542.26182,60.19713,900.5862,470.08064,274.45521
"278",2016-11-11 10:15:00,870.00056,586.68684,73.67592,974.8116,513.5712,302.84175
"279",2016-11-11 10:30:00,929.66874,625.98368,83.86125,1045.7049,559.01376,334.86759
"280",2016-11-11 10:45:00,988.59662,679.28218,93.49767,1130.1564,611.01504,369.49293
"281",2016-11-11 11:00:00,1032.7185,701.92684,96.91311,1006.2942,549.25376,334.39968
"282",2016-11-11 11:15:00,1074.24933,742.37608,109.23309,935.0562,509.97952,310.74423
"283",2016-11-11 11:30:00,1115.78016,770.20654,123.62673,891.7389,481.51936,295.40718
"284",2016-11-11 11:45:00,1151.61068,810.1372,148.08372,1167.384,650.91392,410.30508
"285",2016-11-11 12:00:00,1171.59878,822.12216,155.15856,959.0703,539.25952,341.83425
"286",2016-11-11 12:15:00,1181.00059,839.06244,168.57636,1358.0031,767.87776,473.05701
"287",2016-11-11 12:30:00,1196.54689,857.27036,169.12527,1264.9341,714.15872,453.30081
"288",2016-11-11 12:45:00,1211.94513,868.85198,188.15415,847.0428,481.5584,294.62733
"289",2016-11-11 13:00:00,1210.46453,870.69582,227.55369,1385.8089,795.47904,497.44032
"290",2016-11-11 13:15:00,1198.17555,854.56222,229.9323,1376.0424,786.96832,489.48585
"291",2016-11-11 13:30:00,1180.63044,602.01376,210.72045,1300.0935,749.88032,464.58264
"292",2016-11-11 13:45:00,1162.86324,808.9848,166.68567,1273.6665,732.1952,444.35853
"293",2016-11-11 14:00:00,1140.43215,791.1226,200.10819,1300.668,743.9072,445.71027
"294",2016-11-11 14:15:00,1080.0977,746.29424,191.81355,1280.6754,717.12576,408.95334
"295",2016-11-11 14:30:00,1030.42357,710.28174,155.76846,955.0488,528.992,305.07732
"296",2016-11-11 14:45:00,984.52497,665.97196,145.58313,947.6952,523.29216,280.84998
"297",2016-11-11 15:00:00,924.93082,626.09892,138.20334,1036.9725,569.08608,290.46813
"298",2016-11-11 15:15:00,870.66683,585.82254,109.41606,1003.5366,542.89024,262.28955
"299",2016-11-11 15:30:00,704.24739,461.5362,78.98205,945.3972,504.43584,237.95823
"300",2016-11-11 15:45:00,440.70059,278.13174,50.37774,799.9338,420.10944,190.59534
"301",2016-11-11 16:00:00,554.78082,351.42438,56.47674,813.8367,426.62912,195.37842
"302",2016-11-11 16:15:00,556.11336,355.86112,47.38923,614.8299,318.3712,152.38269
"303",2016-11-11 16:30:00,431.37281,264.93676,33.91044,232.9023,125.66976,59.52855
"304",2016-11-11 16:45:00,205.0631,110.28468,16.83324,212.6799,114.3872,56.6691
"305",2016-11-11 17:00:00,125.77697,66.43586,13.84473,173.9586,91.70496,45.28329
"306",2016-11-11 17:15:00,95.20258,51.2818,13.23483,90.5412,47.0432,23.03157
"307",2016-11-11 17:30:00,64.85028,34.80248,7.9287,62.5056,32.5984,16.1169
"308",2016-11-11 17:45:00,31.31469,16.76742,4.33029,33.5508,17.29472,8.73432
"309",2016-11-11 18:00:00,11.54868,5.41628,1.03683,11.1453,5.58272,2.75547
"310",2016-11-11 18:15:00,1.4806,0.40334,0.06099,1.3788,0.3904,0.20796
"311",2016-11-11 18:30:00,0,0,0,0,0,0
"312",2016-11-11 18:45:00,0,0,0,0,0,0
"313",2016-11-11 19:00:00,0,0,0,0,0,0
"314",2016-11-11 19:15:00,0,0,0,0,0,0
"315",2016-11-11 19:30:00,0,0,0,0,0,0
"316",2016-11-11 19:45:00,0,0,0,0,0,0
"317",2016-11-11 20:00:00,0,0,0,0,0,0
"318",2016-11-11 20:15:00,0,0,0,0,0,0
"319",2016-11-11 20:30:00,0,0,0,0,0,0
"320",2016-11-11 20:45:00,0,0,0,0,0,0
"321",2016-11-11 21:00:00,0,0,0,0,0,0
"322",2016-11-11 21:15:00,0,0,0,0,0,0
"323",2016-11-11 21:30:00,0,0,0,0,0,0
"324",2016-11-11 21:45:00,0,0,0,0,0,0
"325",2016-11-11 22:00:00,0,0,0,0,0,0
"326",2016-11-11 22:15:00,0,0,0,0,0,0
"327",2016-11-11 22:30:00,0,0,0,0,0,0
"328",2016-11-11 22:45:00,0,0,0,0,0,0
"329",2016-11-11 23:00:00,0,0,0,0,0,0
"330",2016-11-11 23:15:00,0,0,0,0,0,0
"331",2016-11-11 23:30:00,0,0,0,0,0,0
"332",2016-11-11 23:45:00,0,0,0,0,0,0
"333",2016-11-12 00:00:00,0,0,0,0,0,0
"334",2016-11-12 00:15:00,0,0,0,0,0,0
"335",2016-11-12 00:30:00,0,0,0,0,0,0
"336",2016-11-12 00:45:00,0,0,0,0,0,0
"337",2016-11-12 01:00:00,0,0,0,0,0,0
"338",2016-11-12 01:15:00,0,0,0,0,0,0
"339",2016-11-12 01:30:00,0,0,0,0,0,0
"340",2016-11-12 01:45:00,0,0,0,0,0,0
"341",2016-11-12 02:00:00,0,0,0,0,0,0
"342",2016-11-12 02:15:00,0,0,0,0,0,0
"343",2016-11-12 02:30:00,0,0,0,0,0,0
"344",2016-11-12 02:45:00,0,0,0,0,0,0
"345",2016-11-12 03:00:00,0,0,0,0,0,0
"346",2016-11-12 03:15:00,0,0,0,0,0,0
"347",2016-11-12 03:30:00,0,0,0,0,0,0
"348",2016-11-12 03:45:00,0,0,0,0,0,0
"349",2016-11-12 04:00:00,0,0,0,0,0,0
"350",2016-11-12 04:15:00,0,0,0,0,0,0
"351",2016-11-12 04:30:00,0,0,0,0,0,0
"352",2016-11-12 04:45:00,0,0,0,0,0,0
"353",2016-11-12 05:00:00,0,0,0,0,0,0
"354",2016-11-12 05:15:00,0,0,0,0,0,0
"355",2016-11-12 05:30:00,0,0,0,0,0,0
"356",2016-11-12 05:45:00,0,0,0,0,0,0
"357",2016-11-12 06:00:00,0,0,0,0,0,0
"358",2016-11-12 06:15:00,0,0,0,0,0,0
"359",2016-11-12 06:30:00,0.07403,0,0,0,0,0
"360",2016-11-12 06:45:00,2.9612,1.09478,0.06099,2.7576,0.7808,0.62388
"361",2016-11-12 07:00:00,15.91645,7.95156,0.97584,17.6946,8.94016,5.25099
"362",2016-11-12 07:15:00,42.56725,21.66512,3.17148,39.9852,21.19872,12.94551
"363",2016-11-12 07:30:00,80.54464,34.22628,5.4891,60.0927,32.63744,20.01615
"364",2016-11-12 07:45:00,93.64795,41.71688,6.03801,105.1335,58.52096,34.3134
"365",2016-11-12 08:00:00,129.10832,66.5511,8.72157,147.4167,81.71072,46.01115
"366",2016-11-12 08:15:00,172.4899,84.4133,10.24632,293.4546,155.30112,88.22703
"367",2016-11-12 08:30:00,230.9736,116.6805,11.89305,376.4124,196.01984,117.96531
"368",2016-11-12 08:45:00,428.18952,218.03408,19.39482,459.0255,239.78368,151.65483
"369",2016-11-12 09:00:00,500.96101,255.5447,15.97938,543.2472,290.22336,184.77246
"370",2016-11-12 09:15:00,568.99458,318.23526,16.28433,627.8136,338.90624,216.59034
"371",2016-11-12 09:30:00,641.61801,409.62058,19.27284,701.0049,382.7872,248.35623
"372",2016-11-12 09:45:00,708.68919,483.48942,23.05422,788.6736,433.96864,289.53231
"373",2016-11-12 10:00:00,772.50305,527.28062,33.48351,677.4504,382.04544,259.63806
"374",2016-11-12 10:15:00,744.88986,500.94828,41.04627,247.8393,145.46304,88.07106
"375",2016-11-12 10:30:00,547.45185,374.12666,31.53183,648.3807,380.99136,244.76892
"376",2016-11-12 10:45:00,733.56327,518.34952,41.04627,1054.782,615.4656,419.5593
"377",2016-11-12 11:00:00,963.42642,690.46046,65.8692,614.2554,362.4864,241.7535
"378",2016-11-12 11:15:00,1047.22838,756.60822,75.0177,455.4636,271.44512,171.30705
"379",2016-11-12 11:30:00,1035.6797,748.42618,75.99354,905.1822,540.8992,376.51158
"380",2016-11-12 11:45:00,1079.20934,781.44244,94.59549,1083.8517,639.12384,456.10827
"381",2016-11-12 12:00:00,1109.19149,822.87122,92.21688,1161.5241,687.41632,494.84082
"382",2016-11-12 12:15:00,1120.29599,848.33926,77.4573,1145.553,683.43424,495.4647
"383",2016-11-12 12:30:00,1137.98916,857.55846,74.65176,1161.9837,690.07104,508.77414
"384",2016-11-12 12:45:00,1124.88585,856.17558,77.94522,1150.4937,685.58144,504.66693
"385",2016-11-12 13:00:00,1131.47452,860.32422,87.64263,1129.8117,681.87264,489.38187
"386",2016-11-12 13:15:00,1119.92584,840.90628,79.8969,1120.275,671.6832,475.86447
"387",2016-11-12 13:30:00,1106.7485,813.53678,92.94876,1123.2624,671.60512,483.87093
"388",2016-11-12 13:45:00,1006.51188,729.52682,107.22042,1069.2594,638.4992,457.30404
"389",2016-11-12 14:00:00,545.74916,378.10244,55.56189,910.9272,537.81504,377.23944
"390",2016-11-12 14:15:00,462.02123,303.13882,43.97379,695.0301,407.49952,267.90447
"391",2016-11-12 14:30:00,513.62014,330.1626,75.20067,467.9877,279.99488,166.10805
"392",2016-11-12 14:45:00,451.80509,279.91796,81.42165,388.4769,230.41408,129.40311
"393",2016-11-12 15:00:00,393.54348,242.23448,71.90721,262.7763,154.05184,84.95166
"394",2016-11-12 15:15:00,331.50634,201.67,61.47792,263.8104,153.73952,85.99146
"395",2016-11-12 15:30:00,275.24354,164.5051,52.32942,292.4205,172.08832,98.20911
"396",2016-11-12 15:45:00,242.30019,141.97568,45.49854,253.4694,148.23488,84.2238
"397",2016-11-12 16:00:00,202.47205,118.52434,27.81144,241.4049,141.79328,78.5049
"398",2016-11-12 16:15:00,176.78364,104.81078,15.8574,210.9564,123.63968,68.67879
"399",2016-11-12 16:30:00,146.50537,84.87426,17.93106,143.9697,84.05312,45.12732
"400",2016-11-12 16:45:00,112.08142,62.92104,15.49146,144.0846,84.44352,46.63503
"401",2016-11-12 17:00:00,86.54107,45.92314,8.5386,91.4604,52.78208,29.53032
"402",2016-11-12 17:15:00,51.22876,27.71522,6.89187,49.9815,28.73344,16.01292
"403",2016-11-12 17:30:00,29.68603,16.07598,4.51326,38.0319,21.58912,11.80173
"404",2016-11-12 17:45:00,15.5463,8.643,2.07366,20.2224,11.28256,6.44676
"405",2016-11-12 18:00:00,5.10807,2.47766,0.67089,5.1705,2.69376,1.61169
"406",2016-11-12 18:15:00,0.88836,0.23048,0.06099,0.6894,0.07808,0.15597
"407",2016-11-12 18:30:00,0,0,0,0,0,0
"408",2016-11-12 18:45:00,0,0,0,0,0,0
"409",2016-11-12 19:00:00,0,0,0,0,0,0
"410",2016-11-12 19:15:00,0,0,0,0,0,0
"411",2016-11-12 19:30:00,0,0,0,0,0,0
"412",2016-11-12 19:45:00,0,0,0,0,0,0
"413",2016-11-12 20:00:00,0,0,0,0,0,0
"414",2016-11-12 20:15:00,0,0,0,0,0,0
"415",2016-11-12 20:30:00,0,0,0,0,0,0
"416",2016-11-12 20:45:00,0,0,0,0,0,0
"417",2016-11-12 21:00:00,0,0,0,0,0,0
"418",2016-11-12 21:15:00,0,0,0,0,0,0
"419",2016-11-12 21:30:00,0,0,0,0,0,0
"420",2016-11-12 21:45:00,0,0,0,0,0,0
"421",2016-11-12 22:00:00,0,0,0,0,0,0
"422",2016-11-12 22:15:00,0,0,0,0,0,0
"423",2016-11-12 22:30:00,0,0,0,0,0,0
"424",2016-11-12 22:45:00,0,0,0,0,0,0
"425",2016-11-12 23:00:00,0,0,0,0,0,0
"426",2016-11-12 23:15:00,0,0,0,0,0,0
"427",2016-11-12 23:30:00,0,0,0,0,0,0
"428",2016-11-12 23:45:00,0,0,0,0,0,0
"429",2016-11-13 00:00:00,0,0,0,0,0,0
"430",2016-11-13 00:15:00,0,0,0,0,0,0
"431",2016-11-13 00:30:00,0,0,0,0,0,0
"432",2016-11-13 00:45:00,0,0,0,0,0,0
"433",2016-11-13 01:00:00,0,0,0,0,0,0
"434",2016-11-13 01:15:00,0,0,0,0,0,0
"435",2016-11-13 01:30:00,0,0,0,0,0,0
"436",2016-11-13 01:45:00,0,0,0,0,0,0
"437",2016-11-13 02:00:00,0,0,0,0,0,0
"438",2016-11-13 02:15:00,0,0,0,0,0,0
"439",2016-11-13 02:30:00,0,0,0,0,0,0
"440",2016-11-13 02:45:00,0,0,0,0,0,0
"441",2016-11-13 03:00:00,0,0,0,0,0,0
"442",2016-11-13 03:15:00,0,0,0,0,0,0
"443",2016-11-13 03:30:00,0,0,0,0,0,0
"444",2016-11-13 03:45:00,0,0,0,0,0,0
"445",2016-11-13 04:00:00,0,0,0,0,0,0
"446",2016-11-13 04:15:00,0,0,0,0,0,0
"447",2016-11-13 04:30:00,0,0,0,0,0,0
"448",2016-11-13 04:45:00,0,0,0,0,0,0
"449",2016-11-13 05:00:00,0,0,0,0,0,0
"450",2016-11-13 05:15:00,0,0,0,0,0,0
"451",2016-11-13 05:30:00,0,0,0,0,0,0
"452",2016-11-13 05:45:00,0,0,0,0,0,0
"453",2016-11-13 06:00:00,0,0,0,0,0,0
"454",2016-11-13 06:15:00,0,0,0,0,0,0
"455",2016-11-13 06:30:00,0,0,0,0,0,0
"456",2016-11-13 06:45:00,2.07284,0.63382,0.06099,1.8384,0.46848,0.5199
"457",2016-11-13 07:00:00,12.51107,6.22296,1.46376,13.3284,6.87104,4.52313
"458",2016-11-13 07:15:00,36.49679,19.36032,4.39128,35.2743,19.55904,12.78954
"459",2016-11-13 07:30:00,69.73626,36.99204,7.25781,86.4048,46.57472,29.6343
"460",2016-11-13 07:45:00,196.25353,93.28678,20.67561,138.7992,71.40416,46.791
"461",2016-11-13 08:00:00,202.02787,86.25714,20.98056,221.6421,116.61248,76.73724
"462",2016-11-13 08:15:00,218.98074,103.88886,23.60313,325.8564,171.15136,111.51855
"463",2016-11-13 08:30:00,291.23402,155.574,30.19005,357.1092,193.91168,129.76704
"464",2016-11-13 08:45:00,347.27473,207.02866,42.02211,347.6874,190.98368,126.54366
"465",2016-11-13 09:00:00,442.03313,285.96806,53.54922,412.2612,231.1168,157.26975
"466",2016-11-13 09:15:00,389.32377,254.6804,51.10962,356.5347,207.80992,132.88644
"467",2016-11-13 09:30:00,419.67607,263.66912,57.26961,655.3896,370.99712,251.94354
"468",2016-11-13 09:45:00,575.58325,397.578,80.62878,566.3421,323.56352,222.04929
"469",2016-11-13 10:00:00,723.34713,396.48322,103.13409,455.1189,259.26464,178.79361
"470",2016-11-13 10:15:00,658.05267,431.22808,94.90044,741.9093,427.2928,297.85071
"471",2016-11-13 10:30:00,486.30307,337.59558,71.29731,481.0863,287.3344,186.38415
"472",2016-11-13 10:45:00,513.99029,356.89828,76.42047,676.6461,411.83296,283.50147
"473",2016-11-13 11:00:00,759.47377,586.11064,119.47941,834.4038,496.15936,365.02179
"474",2016-11-13 11:15:00,600.08718,429.90282,97.09608,571.2828,351.9456,228.85998
"475",2016-11-13 11:30:00,780.05411,579.081,126.92019,552.8988,336.44672,236.29455
"476",2016-11-13 11:45:00,823.87987,594.81126,134.42196,614.0256,379.42976,251.73558
"477",2016-11-13 12:00:00,631.4759,425.63894,105.75666,505.2153,310.48512,194.54658
"478",2016-11-13 12:15:00,802.18908,594.58078,140.52096,527.0463,327.07712,219.18984
"479",2016-11-13 12:30:00,762.80512,524.28438,129.05484,733.6365,455.12832,311.26413
"480",2016-11-13 12:45:00,523.24404,349.63816,81.05571,673.314,420.14848,290.31216
"481",2016-11-13 13:00:00,683.14884,482.74036,112.09962,245.5413,159.71264,93.53001
"482",2016-11-13 13:15:00,550.70917,391.06694,97.15707,583.4622,374.35456,261.14577
"483",2016-11-13 13:30:00,1048.56092,731.14018,193.46028,768.4512,489.13216,332.11212
"484",2016-11-13 13:45:00,509.91864,323.42106,86.23986,631.3755,406.44544,265.40895
"485",2016-11-13 14:00:00,486.3771,315.98808,82.82442,499.7001,321.45536,203.90478
"486",2016-11-13 14:15:00,405.53634,259.11714,68.85771,489.3591,317.0048,197.51001
"487",2016-11-13 14:30:00,390.28616,250.9351,70.19949,355.7304,229.24288,135.79788
"488",2016-11-13 14:45:00,364.00551,242.98354,66.90603,332.6355,215.07136,126.43968
"489",2016-11-13 15:00:00,320.62393,206.51008,52.87833,351.2493,225.76832,132.41853
"490",2016-11-13 15:15:00,388.58347,257.90712,69.04068,196.8237,123.99104,75.59346
"491",2016-11-13 15:30:00,532.86794,360.4131,105.57369,264.6147,166.23232,98.41707
"492",2016-11-13 15:45:00,490.37472,329.64402,105.57369,275.6451,168.0672,96.85737
"493",2016-11-13 16:00:00,473.792,310.5718,95.99826,215.3226,133.00928,75.59346
"494",2016-11-13 16:15:00,297.82269,185.36354,53.30526,144.0846,89.94816,47.93478
"495",2016-11-13 16:30:00,182.8541,109.30514,26.53065,84.1068,52.66496,29.47833
"496",2016-11-13 16:45:00,90.90884,54.04756,13.47879,81.8088,51.5328,27.81465
"497",2016-11-13 17:00:00,64.70222,37.91396,8.17266,80.7747,50.67392,27.50271
"498",2016-11-13 17:15:00,43.15949,25.00708,5.00118,56.4159,35.60448,19.70421
"499",2016-11-13 17:30:00,29.24185,16.4217,2.50059,32.5167,21.04256,11.80173
"500",2016-11-13 17:45:00,19.9881,11.12066,1.58574,21.7161,13.8592,7.85049
"501",2016-11-13 18:00:00,7.77315,3.91816,0.48792,9.0771,5.38752,3.06741
"502",2016-11-13 18:15:00,1.03642,0.23048,0,1.0341,0.35136,0.20796
"503",2016-11-13 18:30:00,0,0,0,0,0,0
"504",2016-11-13 18:45:00,0,0,0,0,0,0
"505",2016-11-13 19:00:00,0,0,0,0,0,0
"506",2016-11-13 19:15:00,0,0,0,0,0,0
"507",2016-11-13 19:30:00,0,0,0,0,0,0
"508",2016-11-13 19:45:00,0,0,0,0,0,0
"509",2016-11-13 20:00:00,0,0,0,0,0,0
"510",2016-11-13 20:15:00,0,0,0,0,0,0
"511",2016-11-13 20:30:00,0,0,0,0,0,0
"512",2016-11-13 20:45:00,0,0,0,0,0,0
"513",2016-11-13 21:00:00,0,0,0,0,0,0
"514",2016-11-13 21:15:00,0,0,0,0,0,0
"515",2016-11-13 21:30:00,0,0,0,0,0,0
"516",2016-11-13 21:45:00,0,0,0,0,0,0
"517",2016-11-13 22:00:00,0,0,0,0,0,0
"518",2016-11-13 22:15:00,0,0,0,0,0,0
"519",2016-11-13 22:30:00,0,0,0,0,0,0
"520",2016-11-13 22:45:00,0,0,0,0,0,0
"521",2016-11-13 23:00:00,0,0,0,0,0,0
"522",2016-11-13 23:15:00,0,0,0,0,0,0
"523",2016-11-13 23:30:00,0,0,0,0,0,0
"524",2016-11-13 23:45:00,0,0,0,0,0,0
"525",2016-11-14 00:00:00,0,0,0,0,0,0
"526",2016-11-14 00:15:00,0,0,0,0,0,0
"527",2016-11-14 00:30:00,0,0,0,0,0,0
"528",2016-11-14 00:45:00,0,0,0,0,0,0
"529",2016-11-14 01:00:00,0,0,0,0,0,0
"530",2016-11-14 01:15:00,0,0,0,0,0,0
"531",2016-11-14 01:30:00,0,0,0,0,0,0
"532",2016-11-14 01:45:00,0,0,0,0,0,0
"533",2016-11-14 02:00:00,0,0,0,0,0,0
"534",2016-11-14 02:15:00,0,0,0,0,0,0
"535",2016-11-14 02:30:00,0,0,0,0,0,0
"536",2016-11-14 02:45:00,0,0,0,0,0,0
"537",2016-11-14 03:00:00,0,0,0,0,0,0
"538",2016-11-14 03:15:00,0,0,0,0,0,0
"539",2016-11-14 03:30:00,0,0,0,0,0,0
"540",2016-11-14 03:45:00,0,0,0,0,0,0
"541",2016-11-14 04:00:00,0,0,0,0,0,0
"542",2016-11-14 04:15:00,0,0,0,0,0,0
"543",2016-11-14 04:30:00,0,0,0,0,0,0
"544",2016-11-14 04:45:00,0,0,0,0,0,0
"545",2016-11-14 05:00:00,0,0,0,0,0,0
"546",2016-11-14 05:15:00,0,0,0,0,0,0
"547",2016-11-14 05:30:00,0,0,0,0,0,0
"548",2016-11-14 05:45:00,0,0,0,0,0,0
"549",2016-11-14 06:00:00,0,0,0,0,0,0
"550",2016-11-14 06:15:00,0,0,0,0,0,0
"551",2016-11-14 06:30:00,0,0,0,0,0,0
"552",2016-11-14 06:45:00,1.70269,0.2881,0,1.7235,0.54656,0.41592
"553",2016-11-14 07:00:00,10.58629,3.7453,0.6099,11.7198,7.10528,3.74328
"554",2016-11-14 07:15:00,28.57558,12.15782,1.70772,33.2061,21.31584,10.60596
"555",2016-11-14 07:30:00,50.85861,18.78412,2.98851,80.8896,49.3856,24.4353
"556",2016-11-14 07:45:00,76.76911,28.75238,4.39128,161.3196,95.53088,48.29871
"557",2016-11-14 08:00:00,123.6301,51.22418,6.76989,290.1225,175.01632,90.51459
"558",2016-11-14 08:15:00,228.38255,85.50808,12.86889,253.6992,151.94368,82.09221
"559",2016-11-14 08:30:00,266.65606,102.16026,18.297,322.4094,193.8336,107.56731
"560",2016-11-14 08:45:00,301.89434,124.22872,22.38333,273.6918,170.09728,98.781
"561",2016-11-14 09:00:00,320.03169,142.66712,22.81026,295.1781,185.0496,105.69567
"562",2016-11-14 09:15:00,341.72248,173.32096,27.81144,282.9987,177.71008,103.14816
"563",2016-11-14 09:30:00,415.75248,199.71092,33.84945,544.7409,342.92736,202.60503
"564",2016-11-14 09:45:00,376.96076,190.95268,26.8356,494.4147,315.32608,181.60107
"565",2016-11-14 10:00:00,484.00814,185.99736,23.23719,306.4383,197.19104,119.16108
"566",2016-11-14 10:15:00,437.14715,174.07002,20.61462,526.4718,339.41376,206.55627
"567",2016-11-14 10:30:00,578.54445,311.20562,30.67797,838.1955,544.33472,336.84321
"568",2016-11-14 10:45:00,502.6637,269.89208,29.58015,533.8254,346.48,222.04929
"569",2016-11-14 11:00:00,792.26906,499.8535,52.93932,863.1288,562.29312,374.74392
"570",2016-11-14 11:15:00,980.52735,469.71824,62.88069,877.0317,581.18848,371.05263
"571",2016-11-14 11:30:00,559.88889,340.07324,46.77933,656.8833,429.20576,279.86217
"572",2016-11-14 11:45:00,850.08649,525.37916,91.24104,589.5519,388.29184,249.60399
"573",2016-11-14 12:00:00,793.00936,478.18838,75.74958,652.7469,430.2208,271.28382
"574",2016-11-14 12:15:00,578.61848,345.72,51.96348,547.9581,363.96992,218.56596
"575",2016-11-14 12:30:00,746.07434,453.64226,62.27079,672.165,453.41056,278.09451
"576",2016-11-14 12:45:00,732.52685,426.21514,61.47792,623.4474,416.59584,258.49428
"577",2016-11-14 13:00:00,875.10863,508.4965,92.33886,559.4481,372.48064,219.34581
"578",2016-11-14 13:15:00,1060.70184,647.13022,139.0572,878.5254,590.0896,344.90166
"579",2016-11-14 13:30:00,809.29596,494.43722,106.61052,270.8193,179.15456,100.60065
"580",2016-11-14 13:45:00,855.0465,490.74954,104.9028,313.2174,213.31456,118.5372
"581",2016-11-14 14:00:00,919.00842,526.12822,115.57605,274.4961,187.54816,108.76308
"582",2016-11-14 14:15:00,815.21836,457.38756,97.46202,336.5421,225.22176,128.9352
"583",2016-11-14 14:30:00,791.08458,424.6594,89.22837,610.3488,409.45152,235.04679
"584",2016-11-14 14:45:00,732.67491,399.99804,63.24663,465.345,310.13376,179.31351
"585",2016-11-14 15:00:00,723.05101,382.5968,52.32942,365.4969,244.11712,133.82226
"586",2016-11-14 15:15:00,719.49757,373.78094,57.9405,421.3383,280.26816,153.52647
"587",2016-11-14 15:30:00,381.69868,199.48044,35.9841,430.0707,280.81472,153.16254
"588",2016-11-14 15:45:00,488.52397,266.60774,46.84032,535.3191,343.90336,190.59534
"589",2016-11-14 16:00:00,422.63727,173.09048,32.01975,220.4931,143.35488,77.20515
"590",2016-11-14 16:15:00,427.52325,171.93808,28.84827,212.3352,132.26752,74.18973
"591",2016-11-14 16:30:00,229.34494,82.16612,17.56512,242.8986,156.08192,77.93301
"592",2016-11-14 16:45:00,281.61012,100.60452,21.3465,241.8645,152.88064,72.88998
"593",2016-11-14 17:00:00,143.69223,52.7223,12.198,110.6487,70.8576,35.04126
"594",2016-11-14 17:15:00,74.32612,28.69476,6.40395,55.8414,36.93184,17.93655
"595",2016-11-14 17:30:00,40.79053,16.47932,4.39128,47.3388,31.15392,14.71317
"596",2016-11-14 17:45:00,23.46751,9.39206,2.4396,23.2098,14.91328,7.48656
"597",2016-11-14 18:00:00,8.80957,3.11148,0.85386,8.6175,5.23136,2.65149
"598",2016-11-14 18:15:00,1.18448,0.17286,0.06099,1.0341,0.35136,0.15597
"599",2016-11-14 18:30:00,0,0,0,0,0,0
"600",2016-11-14 18:45:00,0,0,0,0,0,0
"601",2016-11-14 19:00:00,0,0,0,0,0,0
"602",2016-11-14 19:15:00,0,0,0,0,0,0
"603",2016-11-14 19:30:00,0,0,0,0,0,0
"604",2016-11-14 19:45:00,0,0,0,0,0,0
"605",2016-11-14 20:00:00,0,0,0,0,0,0
"606",2016-11-14 20:15:00,0,0,0,0,0,0
"607",2016-11-14 20:30:00,0,0,0,0,0,0
"608",2016-11-14 20:45:00,0,0,0,0,0,0
"609",2016-11-14 21:00:00,0,0,0,0,0,0
"610",2016-11-14 21:15:00,0,0,0,0,0,0
"611",2016-11-14 21:30:00,0,0,0,0,0,0
"612",2016-11-14 21:45:00,0,0,0,0,0,0
"613",2016-11-14 22:00:00,0,0,0,0,0,0
"614",2016-11-14 22:15:00,0,0,0,0,0,0
"615",2016-11-14 22:30:00,0,0,0,0,0,0
"616",2016-11-14 22:45:00,0,0,0,0,0,0
"617",2016-11-14 23:00:00,0,0,0,0,0,0
"618",2016-11-14 23:15:00,0,0,0,0,0,0
"619",2016-11-14 23:30:00,0,0,0,0,0,0
"620",2016-11-14 23:45:00,0,0,0,0,0,0
"621",2016-11-15 00:00:00,0,0,0,0,0,0
"622",2016-11-15 00:15:00,0,0,0,0,0,0
"623",2016-11-15 00:30:00,0,0,0,0,0,0
"624",2016-11-15 00:45:00,0,0,0,0,0,0
"625",2016-11-15 01:00:00,0,0,0,0,0,0
"626",2016-11-15 01:15:00,0,0,0,0,0,0
"627",2016-11-15 01:30:00,0,0,0,0,0,0
"628",2016-11-15 01:45:00,0,0,0,0,0,0
"629",2016-11-15 02:00:00,0,0,0,0,0,0
"630",2016-11-15 02:15:00,0,0,0,0,0,0
"631",2016-11-15 02:30:00,0,0,0,0,0,0
"632",2016-11-15 02:45:00,0,0,0,0,0,0
"633",2016-11-15 03:00:00,0,0,0,0,0,0
"634",2016-11-15 03:15:00,0,0,0,0,0,0
"635",2016-11-15 03:30:00,0,0,0,0,0,0
"636",2016-11-15 03:45:00,0,0,0,0,0,0
"637",2016-11-15 04:00:00,0,0,0,0,0,0
"638",2016-11-15 04:15:00,0,0,0,0,0,0
"639",2016-11-15 04:30:00,0,0,0,0,0,0
"640",2016-11-15 04:45:00,0,0,0,0,0,0
"641",2016-11-15 05:00:00,0,0,0,0,0,0
"642",2016-11-15 05:15:00,0,0,0,0,0,0
"643",2016-11-15 05:30:00,0,0,0,0,0,0
"644",2016-11-15 05:45:00,0,0,0,0,0,0
"645",2016-11-15 06:00:00,0,0,0,0,0,0
"646",2016-11-15 06:15:00,0,0,0,0,0,0
"647",2016-11-15 06:30:00,0,0,0,0,0,0
"648",2016-11-15 06:45:00,1.18448,0.05762,0,0.9192,0.15616,0.15597
"649",2016-11-15 07:00:00,8.29136,2.13194,0.48792,7.3536,4.60672,2.39154
"650",2016-11-15 07:15:00,27.68722,7.83632,1.15881,22.2906,14.48384,6.91467
"651",2016-11-15 07:30:00,42.56725,12.3883,2.25663,47.2239,30.21696,13.41342
"652",2016-11-15 07:45:00,79.58225,22.06846,5.24514,85.6005,55.90528,24.01938
"653",2016-11-15 08:00:00,127.77578,28.06094,5.79405,88.5879,56.25664,24.59127
"654",2016-11-15 08:15:00,148.43015,30.19288,5.85504,108.006,69.76448,30.46614
"655",2016-11-15 08:30:00,144.80268,46.78744,4.57425,127.1943,79.68064,34.20942
"656",2016-11-15 08:45:00,216.98193,79.5156,8.78256,310.4598,186.53312,79.49271
"657",2016-11-15 09:00:00,296.19403,119.5615,16.58928,212.9097,135.11744,57.96885
"658",2016-11-15 09:15:00,244.07691,100.2588,22.68828,145.5783,97.24864,41.64399
"659",2016-11-15 09:30:00,239.26496,96.57112,23.54214,211.7607,137.616,59.00865
"660",2016-11-15 09:45:00,320.92005,133.1022,32.01975,287.5947,184.50304,82.30017
"661",2016-11-15 10:00:00,245.70557,100.37404,22.26135,283.5732,182.23872,82.35216
"662",2016-11-15 10:15:00,439.29402,190.146,28.29936,413.5251,271.36704,121.96854
"663",2016-11-15 10:30:00,350.97623,149.00532,31.34886,426.7386,275.54432,125.97177
"664",2016-11-15 10:45:00,362.37685,150.84916,27.20154,532.7913,343.51296,153.16254
"665",2016-11-15 11:00:00,510.65894,224.25704,33.5445,714.4482,463.63904,207.33612
"666",2016-11-15 11:15:00,647.68847,310.05322,37.14291,759.0294,485.34528,218.66994
"667",2016-11-15 11:30:00,368.81746,166.98276,19.39482,381.9276,249.50464,108.60711
"668",2016-11-15 11:45:00,830.46854,390.54836,42.38805,818.088,525.36128,235.82664
"669",2016-11-15 12:00:00,868.59399,409.102,42.44904,874.2741,556.39808,259.95
"670",2016-11-15 12:15:00,884.95462,425.8118,40.13142,849.2259,547.49696,259.32612
"671",2016-11-15 12:30:00,878.29192,414.92162,37.93578,774.7707,504.592,241.80549
"672",2016-11-15 12:45:00,809.07387,386.57258,28.90926,764.7744,492.13824,243.10524
"673",2016-11-15 13:00:00,570.47518,246.38312,17.32116,760.2933,487.88288,228.96396
"674",2016-11-15 13:15:00,550.26499,236.242,16.28433,436.1604,280.15104,121.96854
"675",2016-11-15 13:30:00,465.27855,178.9101,12.62493,604.1442,398.12992,174.58242
"676",2016-11-15 13:45:00,442.03313,169.51804,11.71008,492.8061,327.27232,141.9327
"677",2016-11-15 14:00:00,476.67917,192.68128,14.57661,351.4791,237.98784,96.96135
"678",2016-11-15 14:15:00,800.2643,359.5488,31.59282,629.5371,410.97408,175.36227
"679",2016-11-15 14:30:00,832.0972,359.37594,39.33855,382.0425,251.53472,102.83622
"680",2016-11-15 14:45:00,194.84696,70.75736,10.9782,177.0609,116.69056,44.91936
"681",2016-11-15 15:00:00,240.52347,87.0062,14.39364,212.6799,138.0064,50.9502
"682",2016-11-15 15:15:00,216.38969,79.97656,13.66176,130.2966,82.7648,30.62211
"683",2016-11-15 15:30:00,192.70009,71.7369,12.8079,131.4456,85.22432,31.45395
"684",2016-11-15 15:45:00,140.36088,50.64798,10.30731,110.304,71.8336,25.31913
"685",2016-11-15 16:00:00,149.39254,56.1795,12.07602,144.4293,96.4288,33.42957
"686",2016-11-15 16:15:00,109.63843,39.52732,9.20949,96.7458,66.01664,22.30371
"687",2016-11-15 16:30:00,88.31779,31.51814,7.74573,69.9741,47.39456,15.80496
"688",2016-11-15 16:45:00,68.32969,24.4885,6.40395,42.513,30.17792,9.8781
"689",2016-11-15 17:00:00,33.16544,11.63924,3.35445,34.2402,24.82944,8.05845
"690",2016-11-15 17:15:00,30.27827,10.3716,3.0495,19.533,14.13248,4.52313
"691",2016-11-15 17:30:00,19.32183,6.45344,1.58574,15.2817,10.50176,3.17139
"692",2016-11-15 17:45:00,9.40181,2.93862,0.73188,8.6175,5.856,1.81965
"693",2016-11-15 18:00:00,3.47941,0.80668,0.18297,2.5278,1.48352,0.41592
"694",2016-11-15 18:15:00,0.44418,0,0,0.1149,0,0
"695",2016-11-15 18:30:00,0,0,0,0,0,0
"696",2016-11-15 18:45:00,0,0,0,0,0,0
"697",2016-11-15 19:00:00,0,0,0,0,0,0
"698",2016-11-15 19:15:00,0,0,0,0,0,0
"699",2016-11-15 19:30:00,0,0,0,0,0,0
"700",2016-11-15 19:45:00,0,0,0,0,0,0
"701",2016-11-15 20:00:00,0,0,0,0,0,0
"702",2016-11-15 20:15:00,0,0,0,0,0,0
"703",2016-11-15 20:30:00,0,0,0,0,0,0
"704",2016-11-15 20:45:00,0,0,0,0,0,0
"705",2016-11-15 21:00:00,0,0,0,0,0,0
"706",2016-11-15 21:15:00,0,0,0,0,0,0
"707",2016-11-15 21:30:00,0,0,0,0,0,0
"708",2016-11-15 21:45:00,0,0,0,0,0,0
"709",2016-11-15 22:00:00,0,0,0,0,0,0
"710",2016-11-15 22:15:00,0,0,0,0,0,0
"711",2016-11-15 22:30:00,0,0,0,0,0,0
"712",2016-11-15 22:45:00,0,0,0,0,0,0
"713",2016-11-15 23:00:00,0,0,0,0,0,0
"714",2016-11-15 23:15:00,0,0,0,0,0,0
"715",2016-11-15 23:30:00,0,0,0,0,0,0
"716",2016-11-15 23:45:00,0,0,0,0,0,0
"717",2016-11-16 00:00:00,0,0,0,0,0,0
"718",2016-11-16 00:15:00,0,0,0,0,0,0
"719",2016-11-16 00:30:00,0,0,0,0,0,0
"720",2016-11-16 00:45:00,0,0,0,0,0,0
"721",2016-11-16 01:00:00,0,0,0,0,0,0
"722",2016-11-16 01:15:00,0,0,0,0,0,0
"723",2016-11-16 01:30:00,0,0,0,0,0,0
"724",2016-11-16 01:45:00,0,0,0,0,0,0
"725",2016-11-16 02:00:00,0,0,0,0,0,0
"726",2016-11-16 02:15:00,0,0,0,0,0,0
"727",2016-11-16 02:30:00,0,0,0,0,0,0
"728",2016-11-16 02:45:00,0,0,0,0,0,0
"729",2016-11-16 03:00:00,0,0,0,0,0,0
"730",2016-11-16 03:15:00,0,0,0,0,0,0
"731",2016-11-16 03:30:00,0,0,0,0,0,0
"732",2016-11-16 03:45:00,0,0,0,0,0,0
"733",2016-11-16 04:00:00,0,0,0,0,0,0
"734",2016-11-16 04:15:00,0,0,0,0,0,0
"735",2016-11-16 04:30:00,0,0,0,0,0,0
"736",2016-11-16 04:45:00,0,0,0,0,0,0
"737",2016-11-16 05:00:00,0,0,0,0,0,0
"738",2016-11-16 05:15:00,0,0,0,0,0,0
"739",2016-11-16 05:30:00,0,0,0,0,0,0
"740",2016-11-16 05:45:00,0,0,0,0,0,0
"741",2016-11-16 06:00:00,0,0,0,0,0,0
"742",2016-11-16 06:15:00,0,0,0,0,0,0
"743",2016-11-16 06:30:00,0,0,0,0,0,0
"744",2016-11-16 06:45:00,1.11045,0,0,0.9192,0.1952,0.05199
"745",2016-11-16 07:00:00,8.51345,1.78622,0.36594,7.4685,4.52864,1.24776
"746",2016-11-16 07:15:00,26.42871,6.39582,1.46376,22.1757,13.74208,4.10721
"747",2016-11-16 07:30:00,52.93145,12.15782,2.98851,48.4878,28.96768,9.30621
"748",2016-11-16 07:45:00,86.68913,18.09268,5.18415,80.6598,47.31648,14.60919
"749",2016-11-16 08:00:00,124.3704,25.3528,7.80672,121.6791,71.32608,21.73182
"750",2016-11-16 08:15:00,162.94003,34.572,8.84355,161.5494,91.744,28.64649
"751",2016-11-16 08:30:00,203.13832,47.93984,10.06335,194.6406,112.24,32.70171
"752",2016-11-16 08:45:00,262.21426,69.83544,9.33147,260.5932,145.6192,43.61961
"753",2016-11-16 09:00:00,326.39827,96.68636,10.30731,306.783,174.35264,56.35716
"754",2016-11-16 09:15:00,379.69987,120.88676,12.8079,355.9602,210.26944,68.83476
"755",2016-11-16 09:30:00,438.55372,147.56482,14.39364,410.193,242.55552,80.94843
"756",2016-11-16 09:45:00,494.22428,172.62952,20.30967,462.5874,275.11488,92.95812
"757",2016-11-16 10:00:00,558.26023,197.46374,25.12788,516.5904,310.01664,102.73224
"758",2016-11-16 10:15:00,621.33379,227.71424,27.4455,575.8788,346.36288,113.70213
"759",2016-11-16 10:30:00,695.1417,250.30128,27.01857,620.8047,378.14144,122.38446
"760",2016-11-16 10:45:00,667.30642,241.02446,27.01857,567.0315,349.87648,110.79069
"761",2016-11-16 11:00:00,662.12432,240.5635,36.65499,771.0939,483.82272,150.61503
"762",2016-11-16 11:15:00,706.54232,259.17476,45.98646,715.2525,458.83712,145.10409
"763",2016-11-16 11:30:00,883.25193,327.97304,60.13614,769.9449,494.12928,153.31851
"764",2016-11-16 11:45:00,867.26145,330.62356,47.81616,745.8159,474.64832,150.92697
"765",2016-11-16 12:00:00,895.24479,329.24068,50.68269,618.5067,401.01888,114.27402
"766",2016-11-16 12:15:00,881.54924,319.5029,46.90131,476.1456,313.25696,85.7835
"767",2016-11-16 12:30:00,475.86484,154.24874,23.48115,327.9246,215.65696,61.29621
"768",2016-11-16 12:45:00,536.7175,174.8767,30.00708,381.2382,254.50176,72.786
"769",2016-11-16 13:00:00,541.97363,176.8934,26.8356,235.6599,161.93792,46.89498
"770",2016-11-16 13:15:00,509.03028,169.57566,23.54214,252.78,197.89376,47.67483
"771",2016-11-16 13:30:00,710.31785,247.07456,35.74014,244.3923,190.24192,46.53105
"772",2016-11-16 13:45:00,693.88319,240.79398,33.84945,290.0076,227.7984,57.91686
"773",2016-11-16 14:00:00,754.21764,253.64324,37.08192,289.548,244.93696,59.37258
"774",2016-11-16 14:15:00,683.22287,222.9894,35.3742,317.4687,260.7872,65.03949
"775",2016-11-16 14:30:00,607.93436,197.9247,30.79995,221.0676,185.28384,42.83976
"776",2016-11-16 14:45:00,589.2788,189.97314,29.51916,154.8852,128.94912,29.27037
"777",2016-11-16 15:00:00,505.84699,163.75604,24.09105,262.0869,218.50688,50.01438
"778",2016-11-16 15:15:00,579.06266,186.51594,26.04273,311.2641,255.1264,60.25641
"779",2016-11-16 15:30:00,547.822,174.53098,24.63996,161.6643,134.33664,30.6741
"780",2016-11-16 15:45:00,448.17762,140.82328,19.15086,263.121,209.17632,48.03876
"781",2016-11-16 16:00:00,181.3735,52.54944,9.20949,116.8533,95.29664,21.10794
"782",2016-11-16 16:15:00,124.81458,34.16866,7.07484,77.0979,65.27488,13.82934
"783",2016-11-16 16:30:00,80.54464,21.72274,4.57425,61.2417,52.78208,12.32163
"784",2016-11-16 16:45:00,104.97454,29.0981,6.34296,88.7028,76.3232,17.88456
"785",2016-11-16 17:00:00,82.24733,21.78036,4.51326,55.4967,46.69184,11.02188
"786",2016-11-16 17:15:00,52.26518,14.28976,3.29346,38.7213,32.87168,7.90248
"787",2016-11-16 17:30:00,38.42157,10.42922,2.37861,27.576,23.15072,5.40696
"788",2016-11-16 17:45:00,14.95406,3.68768,0.79287,14.2476,11.712,2.65149
"789",2016-11-16 18:00:00,5.40419,0.97954,0.18297,4.596,3.7088,0.83184
"790",2016-11-16 18:15:00,0.44418,0,0,0.2298,0.07808,0
"791",2016-11-16 18:30:00,0,0,0,0,0,0
"792",2016-11-16 18:45:00,0,0,0,0,0,0
"793",2016-11-16 19:00:00,0,0,0,0,0,0
"794",2016-11-16 19:15:00,0,0,0,0,0,0
"795",2016-11-16 19:30:00,0,0,0,0,0,0
"796",2016-11-16 19:45:00,0,0,0,0,0,0
"797",2016-11-16 20:00:00,0,0,0,0,0,0
"798",2016-11-16 20:15:00,0,0,0,0,0,0
"799",2016-11-16 20:30:00,0,0,0,0,0,0
"800",2016-11-16 20:45:00,0,0,0,0,0,0
"801",2016-11-16 21:00:00,0,0,0,0,0,0
"802",2016-11-16 21:15:00,0,0,0,0,0,0
"803",2016-11-16 21:30:00,0,0,0,0,0,0
"804",2016-11-16 21:45:00,0,0,0,0,0,0
"805",2016-11-16 22:00:00,0,0,0,0,0,0
"806",2016-11-16 22:15:00,0,0,0,0,0,0
"807",2016-11-16 22:30:00,0,0,0,0,0,0
"808",2016-11-16 22:45:00,0,0,0,0,0,0
"809",2016-11-16 23:00:00,0,0,0,0,0,0
"810",2016-11-16 23:15:00,0,0,0,0,0,0
"811",2016-11-16 23:30:00,0,0,0,0,0,0
"812",2016-11-16 23:45:00,0,0,0,0,0,0
"813",2016-11-17 00:00:00,0,0,0,0,0,0
"814",2016-11-17 00:15:00,0,0,0,0,0,0
"815",2016-11-17 00:30:00,0,0,0,0,0,0
"816",2016-11-17 00:45:00,0,0,0,0,0,0
"817",2016-11-17 01:00:00,0,0,0,0,0,0
"818",2016-11-17 01:15:00,0,0,0,0,0,0
"819",2016-11-17 01:30:00,0,0,0,0,0,0
"820",2016-11-17 01:45:00,0,0,0,0,0,0
"821",2016-11-17 02:00:00,0,0,0,0,0,0
"822",2016-11-17 02:15:00,0,0,0,0,0,0
"823",2016-11-17 02:30:00,0,0,0,0,0,0
"824",2016-11-17 02:45:00,0,0,0,0,0,0
"825",2016-11-17 03:00:00,0,0,0,0,0,0
"826",2016-11-17 03:15:00,0,0,0,0,0,0
"827",2016-11-17 03:30:00,0,0,0,0,0,0
"828",2016-11-17 03:45:00,0,0,0,0,0,0
"829",2016-11-17 04:00:00,0,0,0,0,0,0
"830",2016-11-17 04:15:00,0,0,0,0,0,0
"831",2016-11-17 04:30:00,0,0,0,0,0,0
"832",2016-11-17 04:45:00,0,0,0,0,0,0
"833",2016-11-17 05:00:00,0,0,0,0,0,0
"834",2016-11-17 05:15:00,0,0,0,0,0,0
"835",2016-11-17 05:30:00,0,0,0,0,0,0
"836",2016-11-17 05:45:00,0,0,0,0,0,0
"837",2016-11-17 06:00:00,0,0,0,0,0,0
"838",2016-11-17 06:15:00,0,0,0,0,0,0
"839",2016-11-17 06:30:00,0,0,0,0,0,0
"840",2016-11-17 06:45:00,0.44418,0,0,0.2298,0,0
"841",2016-11-17 07:00:00,5.77434,0.2881,0.06099,4.0215,2.49856,0.31194
"842",2016-11-17 07:15:00,19.2478,1.7286,0.30495,15.6264,11.28256,2.02761
"843",2016-11-17 07:30:00,46.04666,5.4739,1.09782,35.0445,25.61024,4.1592
"844",2016-11-17 07:45:00,115.78292,14.1169,2.74455,78.3618,52.39168,8.52636
"845",2016-11-17 08:00:00,146.87552,17.80458,3.35445,133.3989,90.22144,14.40123
"846",2016-11-17 08:15:00,264.43516,35.4363,5.4891,143.5101,95.2576,15.28506
"847",2016-11-17 08:30:00,195.66129,26.2171,4.02534,197.3982,134.84416,22.97958
"848",2016-11-17 08:45:00,211.50371,28.00332,5.79405,145.2336,112.35712,17.1567
"849",2016-11-17 09:00:00,272.80055,42.40832,10.3683,178.8993,145.424,20.17212
"850",2016-11-17 09:15:00,335.20784,53.35612,13.84473,270.9342,217.02336,30.41415
"851",2016-11-17 09:30:00,454.17405,74.73314,17.74809,368.9439,286.98304,45.95916
"852",2016-11-17 09:45:00,530.57301,94.61204,22.26135,358.0284,292.56576,49.33851
"853",2016-11-17 10:00:00,481.63918,84.7014,20.06571,366.9906,306.73728,51.21015
"854",2016-11-17 10:15:00,410.57038,65.57156,16.52829,302.9913,260.90432,42.37185
"855",2016-11-17 10:30:00,470.01647,68.62542,13.4178,335.0484,286.47552,45.38727
"856",2016-11-17 10:45:00,338.90934,50.87846,7.9287,492.2316,412.4576,67.74297
"857",2016-11-17 11:00:00,451.43494,73.00454,10.49028,241.4049,211.36256,32.28579
"858",2016-11-17 11:15:00,360.5261,57.96572,8.96553,459.3702,388.13568,60.93228
"859",2016-11-17 11:30:00,602.53017,101.46882,14.08869,589.2072,498.22848,77.10117
"860",2016-11-17 11:45:00,508.95625,83.549,13.66176,762.3615,616.20736,99.3009
"861",2016-11-17 12:00:00,581.1355,100.77738,19.69977,533.4807,430.2208,67.79496
"862",2016-11-17 12:15:00,853.04769,154.19112,30.19005,361.7052,302.28672,43.46364
"863",2016-11-17 12:30:00,427.81937,194.29464,9.45345,248.8734,208.90304,27.45072
"864",2016-11-17 12:45:00,434.70416,229.15474,7.44078,275.9898,231.312,32.12982
"865",2016-11-17 13:00:00,476.08693,255.94804,7.80672,177.6354,148.89856,20.38008
"866",2016-11-17 13:15:00,294.19522,153.44206,5.97702,211.7607,183.0976,24.38331
"867",2016-11-17 13:30:00,356.8246,180.86918,7.86771,241.7496,211.0112,27.13878
"868",2016-11-17 13:45:00,383.4754,192.50842,7.80672,235.3152,205.07712,29.06241
"869",2016-11-17 14:00:00,813.66373,445.86356,18.05304,297.2463,256.84416,37.69275
"870",2016-11-17 14:15:00,704.46948,396.48322,15.73542,246.0009,216.71104,32.44176
"871",2016-11-17 14:30:00,884.95462,516.5633,20.30967,420.8787,356.12288,56.72109
"872",2016-11-17 14:45:00,879.92058,517.7157,21.71244,514.5222,423.23264,65.71536
"873",2016-11-17 15:00:00,745.4821,432.95668,18.11403,277.9431,237.83168,36.08106
"874",2016-11-17 15:15:00,602.67823,346.81478,14.33265,310.5747,256.1024,42.42384
"875",2016-11-17 15:30:00,775.02007,461.01762,16.40631,400.1967,319.38624,52.14597
"876",2016-11-17 15:45:00,742.22478,445.28736,15.79641,354.5814,288.27136,50.01438
"877",2016-11-17 16:00:00,647.68847,378.90912,12.92988,307.4724,251.53472,37.69275
"878",2016-11-17 16:15:00,545.89722,313.51042,10.79523,260.823,204.25728,27.60669
"879",2016-11-17 16:30:00,359.48968,195.6199,7.44078,207.3945,159.79072,22.92759
"880",2016-11-17 16:45:00,333.35709,181.44538,7.98969,153.7362,118.17408,16.89675
"881",2016-11-17 17:00:00,86.39301,44.6555,2.37861,66.8718,53.01632,7.69452
"882",2016-11-17 17:15:00,65.22043,34.05342,1.8297,34.47,28.85056,4.88706
"883",2016-11-17 17:30:00,49.08189,25.12232,1.40277,41.0193,20.80832,3.27537
"884",2016-11-17 17:45:00,28.42752,14.46262,0.91485,24.5886,11.94624,1.97562
"885",2016-11-17 18:00:00,10.43823,5.01294,0.24396,8.7324,4.21632,0.57189
"886",2016-11-17 18:15:00,1.11045,0.34572,0,0.8043,0.1952,0
"887",2016-11-17 18:30:00,0,0,0,0,0,0
"888",2016-11-17 18:45:00,0,0,0,0,0,0
"889",2016-11-17 19:00:00,0,0,0,0,0,0
"890",2016-11-17 19:15:00,0,0,0,0,0,0
"891",2016-11-17 19:30:00,0,0,0,0,0,0
"892",2016-11-17 19:45:00,0,0,0,0,0,0
"893",2016-11-17 20:00:00,0,0,0,0,0,0
"894",2016-11-17 20:15:00,0,0,0,0,0,0
"895",2016-11-17 20:30:00,0,0,0,0,0,0
"896",2016-11-17 20:45:00,0,0,0,0,0,0
"897",2016-11-17 21:00:00,0,0,0,0,0,0
"898",2016-11-17 21:15:00,0,0,0,0,0,0
"899",2016-11-17 21:30:00,0,0,0,0,0,0
"900",2016-11-17 21:45:00,0,0,0,0,0,0
"901",2016-11-17 22:00:00,0,0,0,0,0,0
"902",2016-11-17 22:15:00,0,0,0,0,0,0
"903",2016-11-17 22:30:00,0,0,0,0,0,0
"904",2016-11-17 22:45:00,0,0,0,0,0,0
"905",2016-11-17 23:00:00,0,0,0,0,0,0
"906",2016-11-17 23:15:00,0,0,0,0,0,0
"907",2016-11-17 23:30:00,0,0,0,0,0,0
"908",2016-11-17 23:45:00,0,0,0,0,0,0
"909",2016-11-18 00:00:00,0,0,0,0,0,0
"910",2016-11-18 00:15:00,0,0,0,0,0,0
"911",2016-11-18 00:30:00,0,0,0,0,0,0
"912",2016-11-18 00:45:00,0,0,0,0,0,0
"913",2016-11-18 01:00:00,0,0,0,0,0,0
"914",2016-11-18 01:15:00,0,0,0,0,0,0
"915",2016-11-18 01:30:00,0,0,0,0,0,0
"916",2016-11-18 01:45:00,0,0,0,0,0,0
"917",2016-11-18 02:00:00,0,0,0,0,0,0
"918",2016-11-18 02:15:00,0,0,0,0,0,0
"919",2016-11-18 02:30:00,0,0,0,0,0,0
"920",2016-11-18 02:45:00,0,0,0,0,0,0
"921",2016-11-18 03:00:00,0,0,0,0,0,0
"922",2016-11-18 03:15:00,0,0,0,0,0,0
"923",2016-11-18 03:30:00,0,0,0,0,0,0
"924",2016-11-18 03:45:00,0,0,0,0,0,0
"925",2016-11-18 04:00:00,0,0,0,0,0,0
"926",2016-11-18 04:15:00,0,0,0,0,0,0
"927",2016-11-18 04:30:00,0,0,0,0,0,0
"928",2016-11-18 04:45:00,0,0,0,0,0,0
"929",2016-11-18 05:00:00,0,0,0,0,0,0
"930",2016-11-18 05:15:00,0,0,0,0,0,0
"931",2016-11-18 05:30:00,0,0,0,0,0,0
"932",2016-11-18 05:45:00,0,0,0,0,0,0
"933",2016-11-18 06:00:00,0,0,0,0,0,0
"934",2016-11-18 06:15:00,0,0,0,0,0,0
"935",2016-11-18 06:30:00,0,0,0,0,0,0
"936",2016-11-18 06:45:00,1.03642,0.11524,0,0.8043,0.03904,0.05199
"937",2016-11-18 07:00:00,7.403,2.76576,0.24396,6.4344,2.7328,1.14378
"938",2016-11-18 07:15:00,16.65675,7.43298,0.79287,12.5241,5.93408,2.39154
"939",2016-11-18 07:30:00,52.85742,25.58328,2.98851,53.6583,26.1568,10.03407
"940",2016-11-18 07:45:00,78.02762,39.64256,5.06217,62.8503,31.31008,11.69775
"941",2016-11-18 08:00:00,129.25638,64.59202,8.66058,133.5138,64.10368,24.53928
"942",2016-11-18 08:15:00,167.3078,89.5991,11.22216,179.9334,89.08928,32.90967
"943",2016-11-18 08:30:00,275.3916,131.31598,18.05304,221.0676,111.53728,40.70817
"944",2016-11-18 08:45:00,234.00883,124.97778,16.65027,330.2226,161.93792,58.07283
"945",2016-11-18 09:00:00,205.21116,111.03374,16.95522,209.6925,109.03872,38.10867
"946",2016-11-18 09:15:00,347.34876,186.17022,19.15086,485.5674,247.39648,93.78996
"947",2016-11-18 09:30:00,757.77108,270.64114,17.74809,582.543,284.016,112.2984
"948",2016-11-18 09:45:00,528.50017,193.3151,10.91721,598.8588,299.74912,108.6591
"949",2016-11-18 10:00:00,562.25785,179.65916,14.88156,620.8047,312.9056,122.80038
"950",2016-11-18 10:15:00,836.61303,294.32296,20.67561,538.3065,270.66432,105.74766
"951",2016-11-18 10:30:00,780.35023,307.9789,23.23719,711.231,366.70272,141.9327
"952",2016-11-18 10:45:00,906.1272,385.13208,31.47084,893.8071,457.27552,191.3232
"953",2016-11-18 11:00:00,958.24432,389.39596,36.16707,885.0747,453.48864,190.12743
"954",2016-11-18 11:15:00,1018.28265,447.18882,37.2039,733.5216,375.60384,153.05856
"955",2016-11-18 11:30:00,1078.83919,467.81678,36.594,683.8848,354.6784,147.96354
"956",2016-11-18 11:45:00,1166.63877,489.59714,34.39836,837.9657,435.4912,187.52793
"957",2016-11-18 12:00:00,1089.64757,477.03598,31.53183,900.7011,467.23072,209.10378
"958",2016-11-18 12:15:00,1212.6114,638.94818,40.49736,1042.3728,547.45792,247.00449
"959",2016-11-18 12:30:00,1116.07628,554.0163,38.05776,954.7041,498.77504,230.05575
"960",2016-11-18 12:45:00,1311.44145,701.63874,40.92429,1109.5893,591.88544,258.70224
"961",2016-11-18 13:00:00,857.56352,453.23892,25.24986,848.5365,445.36832,197.66598
"962",2016-11-18 13:15:00,1217.42335,701.92684,32.26371,1021.461,531.76384,222.41322
"963",2016-11-18 13:30:00,1264.28434,478.64934,35.67915,1042.7175,544.45184,226.62441
"964",2016-11-18 13:45:00,1284.49453,642.69348,36.35004,1020.8865,534.61376,212.6391
"965",2016-11-18 14:00:00,753.03316,436.52912,20.91957,818.7774,423.11552,169.22745
"966",2016-11-18 14:15:00,587.7982,334.88744,13.4178,852.4431,439.5904,170.16327
"967",2016-11-18 14:30:00,1018.50474,592.0455,22.93224,833.9442,434.04672,168.49959
"968",2016-11-18 14:45:00,866.22503,497.37584,18.84591,757.7655,386.8864,151.44687
"969",2016-11-18 15:00:00,866.37309,470.06396,17.74809,614.8299,310.48512,115.78173
"970",2016-11-18 15:15:00,941.21742,408.5258,15.55245,590.9307,299.39776,109.33497
"971",2016-11-18 15:30:00,492.00338,226.33136,9.94137,547.2687,275.93472,100.91259
"972",2016-11-18 15:45:00,404.35186,171.64998,7.68474,299.5443,151.98272,53.86164
"973",2016-11-18 16:00:00,383.77152,164.15938,7.19682,366.4161,183.80032,61.8681
"974",2016-11-18 16:15:00,463.13168,209.7368,8.84355,343.3212,183.01952,52.5099
"975",2016-11-18 16:30:00,169.97288,79.45798,3.96435,195.2151,81.67168,29.79027
"976",2016-11-18 16:45:00,349.34757,141.11138,8.29464,287.0202,131.5648,40.08429
"977",2016-11-18 17:00:00,132.14355,50.59036,3.59841,93.9882,47.58976,14.19327
"978",2016-11-18 17:15:00,93.2778,36.93442,2.92752,61.0119,30.56832,9.09825
"979",2016-11-18 17:30:00,63.59177,26.73568,1.76871,46.1898,23.38496,6.55074
"980",2016-11-18 17:45:00,32.49917,13.77118,0.54891,21.0267,9.9552,2.96343
"981",2016-11-18 18:00:00,6.88479,2.53528,0.06099,5.2854,2.22528,0.67587
"982",2016-11-18 18:15:00,0.66627,0.05762,0,0.3447,0.03904,0
"983",2016-11-18 18:30:00,0,0,0,0,0,0
"984",2016-11-18 18:45:00,0,0,0,0,0,0
"985",2016-11-18 19:00:00,0,0,0,0,0,0
"986",2016-11-18 19:15:00,0,0,0,0,0,0
"987",2016-11-18 19:30:00,0,0,0,0,0,0
"988",2016-11-18 19:45:00,0,0,0,0,0,0
"989",2016-11-18 20:00:00,0,0,0,0,0,0
"990",2016-11-18 20:15:00,0,0,0,0,0,0
"991",2016-11-18 20:30:00,0,0,0,0,0,0
"992",2016-11-18 20:45:00,0,0,0,0,0,0
"993",2016-11-18 21:00:00,0,0,0,0,0,0
"994",2016-11-18 21:15:00,0,0,0,0,0,0
"995",2016-11-18 21:30:00,0,0,0,0,0,0
"996",2016-11-18 21:45:00,0,0,0,0,0,0
"997",2016-11-18 22:00:00,0,0,0,0,0,0
"998",2016-11-18 22:15:00,0,0,0,0,0,0
"999",2016-11-18 22:30:00,0,0,0,0,0,0
"1000",2016-11-18 22:45:00,0,0,0,0,0,0
"1001",2016-11-18 23:00:00,0,0,0,0,0,0
"1002",2016-11-18 23:15:00,0,0,0,0,0,0
"1003",2016-11-18 23:30:00,0,0,0,0,0,0
"1004",2016-11-18 23:45:00,0,0,0,0,0,0
"1005",2016-11-19 00:00:00,0,0,0,0,0,0
"1006",2016-11-19 00:15:00,0,0,0,0,0,0
"1007",2016-11-19 00:30:00,0,0,0,0,0,0
"1008",2016-11-19 00:45:00,0,0,0,0,0,0
"1009",2016-11-19 01:00:00,0,0,0,0,0,0
"1010",2016-11-19 01:15:00,0,0,0,0,0,0
"1011",2016-11-19 01:30:00,0,0,0,0,0,0
"1012",2016-11-19 01:45:00,0,0,0,0,0,0
"1013",2016-11-19 02:00:00,0,0,0,0,0,0
"1014",2016-11-19 02:15:00,0,0,0,0,0,0
"1015",2016-11-19 02:30:00,0,0,0,0,0,0
"1016",2016-11-19 02:45:00,0,0,0,0,0,0
"1017",2016-11-19 03:00:00,0,0,0,0,0,0
"1018",2016-11-19 03:15:00,0,0,0,0,0,0
"1019",2016-11-19 03:30:00,0,0,0,0,0,0
"1020",2016-11-19 03:45:00,0,0,0,0,0,0
"1021",2016-11-19 04:00:00,0,0,0,0,0,0
"1022",2016-11-19 04:15:00,0,0,0,0,0,0
"1023",2016-11-19 04:30:00,0,0,0,0,0,0
"1024",2016-11-19 04:45:00,0,0,0,0,0,0
"1025",2016-11-19 05:00:00,0,0,0,0,0,0
"1026",2016-11-19 05:15:00,0,0,0,0,0,0
"1027",2016-11-19 05:30:00,0,0,0,0,0,0
"1028",2016-11-19 05:45:00,0,0,0,0,0,0
"1029",2016-11-19 06:00:00,0,0,0,0,0,0
"1030",2016-11-19 06:15:00,0,0,0,0,0,0
"1031",2016-11-19 06:30:00,0,0,0,0,0,0
"1032",2016-11-19 06:45:00,0.29612,0,0,0.2298,0,0
"1033",2016-11-19 07:00:00,3.92359,1.1524,0.06099,3.1023,1.09312,0.46791
"1034",2016-11-19 07:15:00,15.39824,5.87724,0.48792,13.3284,6.4416,2.44353
"1035",2016-11-19 07:30:00,33.23947,14.1169,1.34178,60.7821,30.37312,11.28183
"1036",2016-11-19 07:45:00,77.36135,34.16866,3.41544,76.5234,38.4544,14.76516
"1037",2016-11-19 08:00:00,183.96455,77.4989,7.56276,100.1928,51.9232,19.34028
"1038",2016-11-19 08:15:00,219.79507,89.48386,8.78256,121.2195,59.65312,21.99177
"1039",2016-11-19 08:30:00,414.71606,188.18692,17.99205,254.8482,128.20736,47.62284
"1040",2016-11-19 08:45:00,231.7139,114.89428,10.55127,150.1743,79.52448,28.80246
"1041",2016-11-19 09:00:00,199.21473,97.32018,9.39246,181.1973,96.89728,33.63753
"1042",2016-11-19 09:15:00,420.41637,211.92636,17.26017,255.5376,135.78112,47.25891
"1043",2016-11-19 09:30:00,293.8991,146.87338,10.06335,429.8409,222.29376,71.53824
"1044",2016-11-19 09:45:00,351.56847,184.9602,14.82057,257.0313,137.85024,46.37508
"1045",2016-11-19 10:00:00,305.96599,151.71346,13.96671,747.5394,396.13888,151.23891
"1046",2016-11-19 10:15:00,496.14906,256.46662,23.29818,466.7238,242.20416,91.97031
"1047",2016-11-19 10:30:00,421.52682,216.13262,19.33383,532.1019,276.55936,100.23672
"1048",2016-11-19 10:45:00,338.02098,169.28756,16.16235,314.5962,166.93504,61.08825
"1049",2016-11-19 11:00:00,578.47042,300.37306,18.78492,244.5072,130.74496,44.65941
"1050",2016-11-19 11:15:00,343.72129,170.32472,10.85622,209.6925,110.01472,37.4328
"1051",2016-11-19 11:30:00,344.09144,159.49216,8.84355,343.2063,179.50592,61.66014
"1052",2016-11-19 11:45:00,633.17859,297.95302,13.78374,424.2108,218.8192,78.86883
"1053",2016-11-19 12:00:00,268.58084,111.7828,5.91603,227.3871,122.54656,40.13628
"1054",2016-11-19 12:15:00,511.39924,244.76976,21.71244,200.6154,106.14976,37.12086
"1055",2016-11-19 12:30:00,336.0962,156.03496,18.11403,439.7223,237.32416,80.11659
"1056",2016-11-19 12:45:00,336.17023,153.38444,16.95522,303.6807,157.40928,56.30517
"1057",2016-11-19 13:00:00,405.53634,184.384,14.08869,324.3627,166.58368,63.06387
"1058",2016-11-19 13:15:00,381.18047,169.51804,7.37979,352.6281,182.62912,68.36685
"1059",2016-11-19 13:30:00,515.47089,241.1397,13.11285,412.2612,209.02016,79.59669
"1060",2016-11-19 13:45:00,442.40328,199.82616,11.34414,238.8771,121.92192,44.55543
"1061",2016-11-19 14:00:00,310.11167,143.70428,10.12434,252.6651,129.53472,47.36289
"1062",2016-11-19 14:15:00,403.31544,190.26124,11.10018,298.1655,153.54432,55.21338
"1063",2016-11-19 14:30:00,412.93934,177.70008,7.68474,290.0076,152.4512,52.14597
"1064",2016-11-19 14:45:00,268.35875,113.62664,5.12316,205.7859,113.05984,36.65295
"1065",2016-11-19 15:00:00,208.83863,88.38908,4.39128,184.6443,103.76832,32.44176
"1066",2016-11-19 15:15:00,212.16998,88.10098,4.20831,202.9134,107.28192,35.40519
"1067",2016-11-19 15:30:00,273.09667,116.21954,5.79405,208.5435,115.01184,36.34101
"1068",2016-11-19 15:45:00,112.45157,47.13316,2.68356,99.1587,60.27776,17.31267
"1069",2016-11-19 16:00:00,117.26352,48.63128,3.41544,91.5753,57.31072,16.01292
"1070",2016-11-19 16:15:00,85.06047,31.86386,2.07366,74.1105,46.49664,12.84153
"1071",2016-11-19 16:30:00,71.14283,27.54236,1.64673,55.8414,32.67648,9.30621
"1072",2016-11-19 16:45:00,71.29089,26.5052,1.64673,59.4033,33.80864,9.09825
"1073",2016-11-19 17:00:00,40.34635,14.405,0.73188,44.6961,23.58016,6.81069
"1074",2016-11-19 17:15:00,37.38515,13.5407,0.54891,35.5041,16.55296,4.83507
"1075",2016-11-19 17:30:00,18.58153,6.74154,0.24396,24.3588,11.47776,3.27537
"1076",2016-11-19 17:45:00,8.95763,3.1691,0.06099,10.1112,4.4896,1.24776
"1077",2016-11-19 18:00:00,1.99881,0.46096,0,3.1023,1.13216,0.31194
"1078",2016-11-19 18:15:00,0.22209,0,0,0.1149,0,0
"1079",2016-11-19 18:30:00,0,0,0,0,0,0
"1080",2016-11-19 18:45:00,0,0,0,0,0,0
"1081",2016-11-19 19:00:00,0,0,0,0,0,0
"1082",2016-11-19 19:15:00,0,0,0,0,0,0
"1083",2016-11-19 19:30:00,0,0,0,0,0,0
"1084",2016-11-19 19:45:00,0,0,0,0,0,0
"1085",2016-11-19 20:00:00,0,0,0,0,0,0
"1086",2016-11-19 20:15:00,0,0,0,0,0,0
"1087",2016-11-19 20:30:00,0,0,0,0,0,0
"1088",2016-11-19 20:45:00,0,0,0,0,0,0
"1089",2016-11-19 21:00:00,0,0,0,0,0,0
"1090",2016-11-19 21:15:00,0,0,0,0,0,0
"1091",2016-11-19 21:30:00,0,0,0,0,0,0
"1092",2016-11-19 21:45:00,0,0,0,0,0,0
"1093",2016-11-19 22:00:00,0,0,0,0,0,0
"1094",2016-11-19 22:15:00,0,0,0,0,0,0
"1095",2016-11-19 22:30:00,0,0,0,0,0,0
"1096",2016-11-19 22:45:00,0,0,0,0,0,0
"1097",2016-11-19 23:00:00,0,0,0,0,0,0
"1098",2016-11-19 23:15:00,0,0,0,0,0,0
"1099",2016-11-19 23:30:00,0,0,0,0,0,0
"1100",2016-11-19 23:45:00,0,0,0,0,0,0
"1101",2016-11-20 00:00:00,0,0,0,0,0,0
"1102",2016-11-20 00:15:00,0,0,0,0,0,0
"1103",2016-11-20 00:30:00,0,0,0,0,0,0
"1104",2016-11-20 00:45:00,0,0,0,0,0,0
"1105",2016-11-20 01:00:00,0,0,0,0,0,0
"1106",2016-11-20 01:15:00,0,0,0,0,0,0
"1107",2016-11-20 01:30:00,0,0,0,0,0,0
"1108",2016-11-20 01:45:00,0,0,0,0,0,0
"1109",2016-11-20 02:00:00,0,0,0,0,0,0
"1110",2016-11-20 02:15:00,0,0,0,0,0,0
"1111",2016-11-20 02:30:00,0,0,0,0,0,0
"1112",2016-11-20 02:45:00,0,0,0,0,0,0
"1113",2016-11-20 03:00:00,0,0,0,0,0,0
"1114",2016-11-20 03:15:00,0,0,0,0,0,0
"1115",2016-11-20 03:30:00,0,0,0,0,0,0
"1116",2016-11-20 03:45:00,0,0,0,0,0,0
"1117",2016-11-20 04:00:00,0,0,0,0,0,0
"1118",2016-11-20 04:15:00,0,0,0,0,0,0
"1119",2016-11-20 04:30:00,0,0,0,0,0,0
"1120",2016-11-20 04:45:00,0,0,0,0,0,0
"1121",2016-11-20 05:00:00,0,0,0,0,0,0
"1122",2016-11-20 05:15:00,0,0,0,0,0,0
"1123",2016-11-20 05:30:00,0,0,0,0,0,0
"1124",2016-11-20 05:45:00,0,0,0,0,0,0
"1125",2016-11-20 06:00:00,0,0,0,0,0,0
"1126",2016-11-20 06:15:00,0,0,0,0,0,0
"1127",2016-11-20 06:30:00,0,0,0,0,0,0
"1128",2016-11-20 06:45:00,0.51821,0,0,0.4596,0,0
"1129",2016-11-20 07:00:00,4.58986,0.80668,0,4.1364,1.7568,0.31194
"1130",2016-11-20 07:15:00,14.43585,3.68768,0.30495,27.1164,14.48384,3.1194
"1131",2016-11-20 07:30:00,35.16425,10.02588,1.03683,37.917,20.02752,4.52313
"1132",2016-11-20 07:45:00,50.19234,15.78788,1.8297,82.1535,44.3104,9.56616
"1133",2016-11-20 08:00:00,89.65033,28.40666,3.47643,95.0223,51.68896,11.48979
"1134",2016-11-20 08:15:00,153.90837,52.54944,6.34296,168.4434,93.38368,20.64003
"1135",2016-11-20 08:30:00,178.85648,56.52522,8.23365,236.8089,124.96704,29.21838
"1136",2016-11-20 08:45:00,230.89957,77.90224,10.85622,230.0298,123.48352,28.43853
"1137",2016-11-20 09:00:00,234.82316,80.49514,10.30731,256.5717,141.98848,31.7139
"1138",2016-11-20 09:15:00,354.67773,129.0688,10.85622,564.9633,288.93504,69.87456
"1139",2016-11-20 09:30:00,512.06551,78.24796,11.64909,555.1968,278.39424,69.92655
"1140",2016-11-20 09:45:00,562.628,158.51262,12.62493,662.0538,335.62688,82.92405
"1141",2016-11-20 10:00:00,597.20001,234.97436,13.53978,748.1139,377.55584,96.85737
"1142",2016-11-20 10:15:00,466.09288,166.75228,8.11167,555.8862,295.88416,71.64222
"1143",2016-11-20 10:30:00,539.6787,160.52932,5.61108,584.6112,314.93568,74.03376
"1144",2016-11-20 10:45:00,616.37378,225.75516,6.52593,776.724,406.71872,97.01334
"1145",2016-11-20 11:00:00,662.12432,265.85868,7.3188,791.0865,417.9232,110.63472
"1146",2016-11-20 11:15:00,705.95008,297.6073,9.51444,669.6372,350.42304,93.89394
"1147",2016-11-20 11:30:00,759.47377,320.02148,10.67325,657.3429,338.4768,96.07752
"1148",2016-11-20 11:45:00,771.31857,330.56594,11.10018,412.8357,214.05632,56.46114
