"","timestamp","Rf44.shallow","Rf44.mid","Rf42.shallow","Rf42.mid","Rf42.deep","HIMB.shallow","HIMB.mid","HIMB.deep"
"1",2016-10-07 14:00:00,437.81342,286.71712,413.77057,279.60064,100.6956,712.44096,446.11536,136.99365
"2",2016-10-07 14:15:00,464.39019,311.7242,523.24721,357.74187,122.9376,855.5616,519.42204,159.45333
"3",2016-10-07 14:30:00,509.10431,350.50246,480.76486,329.84138,113.8386,896.08512,529.69068,159.76527
"4",2016-10-07 14:45:00,471.5711,316.50666,448.43316,297.77071,117.276,521.10592,321.6081,89.47479
"5",2016-10-07 15:00:00,454.47017,299.39352,482.19347,318.22445,132.0366,519.34912,318.96963,90.41061
"6",2016-10-07 15:15:00,331.28425,215.84452,321.43725,214.16853,79.0602,473.78944,289.66122,89.16285
"7",2016-10-07 15:30:00,261.54799,170.95854,265.94703,175.54472,68.1414,391.14176,232.25667,74.03376
"8",2016-10-07 15:45:00,259.54918,168.19278,308.42938,176.83549,74.814,488.62464,295.86519,95.34966
"9",2016-10-07 16:00:00,248.07453,161.6241,288.12808,171.57312,65.715,420.656,258.21351,80.22057
"10",2016-10-07 16:15:00,249.11095,158.28214,239.93129,153.00589,55.8072,429.12768,265.41582,83.7039
"11",2016-10-07 16:30:00,188.99859,122.38488,185.11778,121.23309,42.6642,270.1568,168.07767,51.88602
"12",2016-10-07 16:45:00,244.15094,158.80072,239.70572,145.65843,50.3478,243.92192,151.03458,46.99896
"13",2016-10-07 17:00:00,150.87314,97.32018,146.99645,94.02763,33.363,204.99904,125.00643,38.16066
"14",2016-10-07 17:15:00,109.49037,69.89306,108.57436,69.40371,24.8706,154.91072,94.48575,27.50271
"15",2016-10-07 17:30:00,80.84076,50.18702,80.37811,50.04216,15.9738,99.552,59.54385,16.74078
"16",2016-10-07 17:45:00,55.22638,34.05342,52.18186,32.36854,10.5144,62.42496,37.29513,10.44999
"17",2016-10-07 18:00:00,29.01976,17.286,27.89549,16.8793,5.4594,40.52352,24.17409,6.86268
"18",2016-10-07 18:15:00,10.21614,5.81962,9.62432,5.16308,1.8198,12.84416,7.34493,2.02761
"19",2016-10-07 18:30:00,1.99881,0.74906,1.72937,0.19858,0.2022,2.5376,1.21227,0.20796
"20",2016-10-07 18:45:00,0,0,0.07519,0,0,0.03904,0,0
"21",2016-10-07 19:00:00,0,0,0,0,0,0,0,0
"22",2016-10-07 19:15:00,0,0,0,0,0,0,0,0
"23",2016-10-07 19:30:00,0,0,0,0,0,0,0,0
"24",2016-10-07 19:45:00,0,0,0,0,0,0,0,0
"25",2016-10-07 20:00:00,0,0,0,0,0,0,0,0
"26",2016-10-07 20:15:00,0,0,0,0,0,0,0,0
"27",2016-10-07 20:30:00,0,0,0,0,0,0,0,0
"28",2016-10-07 20:45:00,0,0,0,0,0,0,0,0
"29",2016-10-07 21:00:00,0,0,0,0,0,0,0,0
"30",2016-10-07 21:15:00,0,0,0,0,0,0,0,0
"31",2016-10-07 21:30:00,0,0,0,0,0,0,0,0
"32",2016-10-07 21:45:00,0,0,0,0,0,0,0,0
"33",2016-10-07 22:00:00,0,0,0,0,0,0,0,0
"34",2016-10-07 22:15:00,0,0,0,0,0,0,0,0
"35",2016-10-07 22:30:00,0,0,0,0,0,0,0,0
"36",2016-10-07 22:45:00,0,0,0,0,0,0,0,0
"37",2016-10-07 23:00:00,0,0,0,0,0,0,0,0
"38",2016-10-07 23:15:00,0,0,0,0,0,0,0,0
"39",2016-10-07 23:30:00,0,0,0,0,0,0,0,0
"40",2016-10-07 23:45:00,0,0,0,0,0,0,0,0
"41",2016-10-08 00:00:00,0,0,0,0,0,0,0,0
"42",2016-10-08 00:15:00,0,0,0,0,0,0,0,0
"43",2016-10-08 00:30:00,0,0,0,0,0,0,0,0
"44",2016-10-08 00:45:00,0,0,0,0,0,0,0,0
"45",2016-10-08 01:00:00,0,0,0,0,0,0,0,0
"46",2016-10-08 01:15:00,0,0,0,0,0,0,0,0
"47",2016-10-08 01:30:00,0,0,0,0,0,0,0,0
"48",2016-10-08 01:45:00,0,0,0,0,0,0,0,0
"49",2016-10-08 02:00:00,0,0,0,0,0,0,0,0
"50",2016-10-08 02:15:00,0,0,0,0,0,0,0,0
"51",2016-10-08 02:30:00,0,0,0,0,0,0,0,0
"52",2016-10-08 02:45:00,0,0,0,0,0,0,0,0
"53",2016-10-08 03:00:00,0,0,0,0,0,0,0,0
"54",2016-10-08 03:15:00,0,0,0,0,0,0,0,0
"55",2016-10-08 03:30:00,0,0,0,0,0,0,0,0
"56",2016-10-08 03:45:00,0,0,0,0,0,0,0,0
"57",2016-10-08 04:00:00,0,0,0,0,0,0,0,0
"58",2016-10-08 04:15:00,0,0,0,0,0,0,0,0
"59",2016-10-08 04:30:00,0,0,0,0,0,0,0,0
"60",2016-10-08 04:45:00,0,0,0,0,0,0,0,0
"61",2016-10-08 05:00:00,0,0,0,0,0,0,0,0
"62",2016-10-08 05:15:00,0,0,0,0,0,0,0,0
"63",2016-10-08 05:30:00,0,0,0,0,0,0,0,0
"64",2016-10-08 05:45:00,0,0,0,0,0,0,0,0
"65",2016-10-08 06:00:00,0,0,0,0,0,0,0,0
"66",2016-10-08 06:15:00,0,0,0,0,0,0,0,0
"67",2016-10-08 06:30:00,1.77672,0.69144,1.35342,0.19858,0,2.26432,1.14096,0.15597
"68",2016-10-08 06:45:00,12.43704,7.66346,10.90255,5.85811,1.6176,13.00032,7.70148,2.28756
"69",2016-10-08 07:00:00,30.50036,19.64842,27.0684,17.07788,4.6506,30.21696,17.89881,5.66691
"70",2016-10-08 07:15:00,63.88789,41.94736,54.43756,35.24795,9.5034,89.87008,47.7777,13.88133
"71",2016-10-08 07:30:00,114.7465,74.15694,98.87485,66.82217,13.143,165.88096,87.21213,25.52709
"72",2016-10-08 07:45:00,302.48658,138.40324,215.94568,131.36067,26.0838,135.2736,74.80419,24.22734
"73",2016-10-08 08:00:00,268.58084,112.01328,169.40307,108.2261,20.4222,324.26624,156.73938,45.54324
"74",2016-10-08 08:15:00,441.51492,206.91342,292.18834,216.84936,40.6422,537.07328,227.12235,64.36362
"75",2016-10-08 08:30:00,551.44947,268.68206,323.39219,269.27448,47.9214,609.4144,254.00622,71.53824
"76",2016-10-08 08:45:00,552.78201,305.55886,338.355,319.41593,56.8182,748.592,326.45718,97.01334
"77",2016-10-08 09:00:00,707.43068,455.14038,449.93696,440.05328,92.2032,854.1952,382.72077,116.19765
"78",2016-10-08 09:15:00,765.02602,514.2585,495.57729,490.09544,107.5704,983.92512,447.61287,138.44937
"79",2016-10-08 09:30:00,612.9684,413.53874,508.05883,487.61319,122.7354,616.36352,297.3627,96.96135
"80",2016-10-08 09:45:00,818.47568,545.9495,520.84113,485.42881,130.2168,1112.09344,533.68404,174.11451
"81",2016-10-08 10:00:00,821.06673,547.39,682.49963,625.42771,165.1974,1288.35904,642.21786,204.94458
"82",2016-10-08 10:15:00,1040.56568,705.15356,732.04984,668.61886,182.7888,1409.10976,702.54612,221.9973
"83",2016-10-08 10:30:00,989.33692,665.10766,847.99282,750.73169,239.2026,1520.0224,773.49957,242.16942
"84",2016-10-08 10:45:00,1240.96489,847.24448,837.31584,726.8028,236.574,1605.01248,831.18936,260.4699
"85",2016-10-08 11:00:00,1221.64306,847.8783,812.95428,690.95911,222.0156,1604.27072,844.23909,270.91989
"86",2016-10-08 11:15:00,1030.86775,707.91932,804.08186,668.32099,203.8176,1263.56864,667.17636,223.14108
"87",2016-10-08 11:30:00,1320.91729,909.64694,1004.98954,845.25577,259.2204,1048.26304,574.54467,187.52793
"88",2016-10-08 11:45:00,1256.80731,877.61022,1067.32205,864.8159,271.7568,1529.86048,856.36179,280.746
"89",2016-10-08 12:00:00,1339.943,941.5108,1055.21646,850.71672,247.2906,1753.75488,986.35992,336.3753
"90",2016-10-08 12:15:00,1220.08843,849.0307,1221.68712,930.04943,267.3084,1481.64608,840.88752,284.12535
"91",2016-10-08 12:30:00,1276.86944,866.37432,1232.89043,926.27641,288.135,793.72224,453.24636,150.82299
"92",2016-10-08 12:45:00,1281.68139,863.7238,1124.76721,830.16369,284.6976,396.88064,220.27659,71.33028
"93",2016-10-08 13:00:00,1387.10011,914.7175,1179.65591,826.58925,307.1418,407.81184,228.97641,74.44968
"94",2016-10-08 13:15:00,1333.72448,866.25908,1133.71482,768.30602,275.5986,363.96992,204.6597,67.22307
"95",2016-10-08 13:30:00,1016.35787,649.26216,912.0547,591.86769,209.6814,374.12032,210.64974,68.93874
"96",2016-10-08 13:45:00,809.29596,514.08564,783.32942,496.25142,170.6568,490.45952,280.89009,95.08971
"97",2016-10-08 14:00:00,632.29023,405.58718,406.7779,249.51577,84.924,374.66688,207.58341,71.95416
"98",2016-10-08 14:15:00,616.74393,396.25274,773.02839,446.20926,164.1864,962.10176,508.01244,204.78861
"99",2016-10-08 14:30:00,955.28312,602.47472,1093.48817,627.01635,241.4268,1044.7104,481.48512,214.61472
"100",2016-10-08 14:45:00,1102.52879,686.8304,993.33509,553.44246,206.6484,864.736,423.79533,183.36873
"101",2016-10-08 15:00:00,563.3683,366.40558,927.76941,488.80467,178.3404,744.4928,410.46036,156.12597
"102",2016-10-08 15:15:00,1014.80324,663.37906,1053.78785,542.52056,199.167,561.23904,311.69601,107.41134
"103",2016-10-08 15:30:00,544.04647,350.44484,654.52895,328.94777,124.353,469.37792,260.92329,82.24818
"104",2016-10-08 15:45:00,725.19788,441.13872,841.00015,390.11041,147.606,727.35424,427.43214,140.58096
"105",2016-10-08 16:00:00,709.65158,428.9809,738.96732,334.90517,121.9266,767.09696,456.45531,144.84414
"106",2016-10-08 16:15:00,441.88507,265.39772,576.48173,261.62915,90.1812,637.56224,382.50684,112.71432
"107",2016-10-08 16:30:00,163.08809,95.99492,293.01543,127.88552,41.8554,527.54752,313.764,93.16608
"108",2016-10-08 16:45:00,282.86863,164.85082,368.95733,149.63003,49.9434,431.15776,260.42412,78.5049
"109",2016-10-08 17:00:00,115.63486,68.91352,246.69839,105.2474,32.5542,352.5312,209.22354,67.11909
"110",2016-10-08 17:15:00,122.74174,72.025,115.71741,57.38962,18.198,169.55072,92.91693,31.50594
"111",2016-10-08 17:30:00,78.69389,45.69266,75.49076,39.91458,12.3342,105.72032,55.76442,18.45645
"112",2016-10-08 17:45:00,53.52369,33.18912,57.44516,33.56002,8.8968,58.67712,30.44937,10.55397
"113",2016-10-08 18:00:00,33.90574,20.62796,30.97828,17.27646,4.8528,46.73088,24.2454,8.00646
"114",2016-10-08 18:15:00,14.28779,8.12442,14.13572,7.04959,2.2242,17.3728,8.98506,3.01542
"115",2016-10-08 18:30:00,2.36896,1.09478,2.2557,0.49645,0.2022,3.27936,1.49751,0.36393
"116",2016-10-08 18:45:00,0.07403,0,0,0,0,0.07808,0,0
"117",2016-10-08 19:00:00,0,0,0,0,0,0,0,0
"118",2016-10-08 19:15:00,0,0,0,0,0,0,0,0
"119",2016-10-08 19:30:00,0,0,0,0,0,0,0,0
"120",2016-10-08 19:45:00,0,0,0,0,0,0,0,0
"121",2016-10-08 20:00:00,0,0,0,0,0,0,0,0
"122",2016-10-08 20:15:00,0,0,0,0,0,0,0,0
"123",2016-10-08 20:30:00,0,0,0,0,0,0,0,0
"124",2016-10-08 20:45:00,0,0,0,0,0,0,0,0
"125",2016-10-08 21:00:00,0,0,0,0,0,0,0,0
"126",2016-10-08 21:15:00,0,0,0,0,0,0,0,0
"127",2016-10-08 21:30:00,0,0,0,0,0,0,0,0
"128",2016-10-08 21:45:00,0,0,0,0,0,0,0,0
"129",2016-10-08 22:00:00,0,0,0,0,0,0,0,0
"130",2016-10-08 22:15:00,0,0,0,0,0,0,0,0
"131",2016-10-08 22:30:00,0,0,0,0,0,0,0,0
"132",2016-10-08 22:45:00,0,0,0,0,0,0,0,0
"133",2016-10-08 23:00:00,0,0,0,0,0,0,0,0
"134",2016-10-08 23:15:00,0,0,0,0,0,0,0,0
"135",2016-10-08 23:30:00,0,0,0,0,0,0,0,0
"136",2016-10-08 23:45:00,0,0,0,0,0,0,0,0
"137",2016-10-09 00:00:00,0,0,0,0,0,0,0,0
"138",2016-10-09 00:15:00,0,0,0,0,0,0,0,0
"139",2016-10-09 00:30:00,0,0,0,0,0,0,0,0
"140",2016-10-09 00:45:00,0,0,0,0,0,0,0,0
"141",2016-10-09 01:00:00,0,0,0,0,0,0,0,0
"142",2016-10-09 01:15:00,0,0,0,0,0,0,0,0
"143",2016-10-09 01:30:00,0,0,0,0,0,0,0,0
"144",2016-10-09 01:45:00,0,0,0,0,0,0,0,0
"145",2016-10-09 02:00:00,0,0,0,0,0,0,0,0
"146",2016-10-09 02:15:00,0,0,0,0,0,0,0,0
"147",2016-10-09 02:30:00,0,0,0,0,0,0,0,0
"148",2016-10-09 02:45:00,0,0,0,0,0,0,0,0
"149",2016-10-09 03:00:00,0,0,0,0,0,0,0,0
"150",2016-10-09 03:15:00,0,0,0,0,0,0,0,0
"151",2016-10-09 03:30:00,0,0,0,0,0,0,0,0
"152",2016-10-09 03:45:00,0,0,0,0,0,0,0,0
"153",2016-10-09 04:00:00,0,0,0,0,0,0,0,0
"154",2016-10-09 04:15:00,0,0,0,0,0,0,0,0
"155",2016-10-09 04:30:00,0,0,0,0,0,0,0,0
"156",2016-10-09 04:45:00,0,0,0,0,0,0,0,0
"157",2016-10-09 05:00:00,0,0,0,0,0,0,0,0
"158",2016-10-09 05:15:00,0,0,0,0,0,0,0,0
"159",2016-10-09 05:30:00,0,0,0,0,0,0,0,0
"160",2016-10-09 05:45:00,0,0,0,0,0,0,0,0
"161",2016-10-09 06:00:00,0,0,0,0,0,0,0,0
"162",2016-10-09 06:15:00,0,0,0,0,0,0,0,0
"163",2016-10-09 06:30:00,2.14687,0.80668,1.72937,0.19858,0,2.7328,1.35489,0.20796
"164",2016-10-09 06:45:00,16.65675,9.62254,15.11319,8.53894,2.022,18.70016,10.62519,2.91144
"165",2016-10-09 07:00:00,51.74697,27.42712,39.47475,22.8367,5.8638,54.30464,30.16413,8.78631
"166",2016-10-09 07:15:00,91.27899,44.48264,70.97936,43.48902,10.5144,125.66976,61.75446,17.62461
"167",2016-10-09 07:30:00,189.29471,81.01372,103.53663,64.04205,14.154,145.2288,74.30502,22.8756
"168",2016-10-09 07:45:00,232.01002,88.61956,125.34173,79.03484,16.3782,207.22432,100.90365,30.46614
"169",2016-10-09 08:00:00,273.54085,100.08594,135.26681,88.46739,17.7936,281.4784,137.55699,40.18827
"170",2016-10-09 08:15:00,188.99859,114.54856,162.4104,116.1693,21.8376,275.31008,147.68301,45.38727
"171",2016-10-09 08:30:00,233.71271,127.16734,190.68184,142.08399,25.0728,295.1424,158.16558,50.01438
"172",2016-10-09 08:45:00,687.22049,213.59734,426.17692,396.1671,59.8512,328.1312,166.22361,52.09398
"173",2016-10-09 09:00:00,641.46995,370.55422,367.6791,373.3304,55.4028,332.46464,165.22527,52.76985
"174",2016-10-09 09:15:00,695.73394,428.05898,338.43019,339.07535,56.0094,198.83072,103.75605,34.72932
"175",2016-10-09 09:30:00,775.0941,499.04682,477.98283,509.15912,92.6076,248.13824,129.64158,43.09971
"176",2016-10-09 09:45:00,936.18338,609.50436,484.07322,525.2441,106.3572,273.16288,149.0379,50.32632
"177",2016-10-09 10:00:00,997.25813,652.48888,597.53493,643.20062,140.3268,337.38368,181.69788,63.27183
"178",2016-10-09 10:15:00,1031.75611,673.69304,657.38617,691.55485,171.87,597.23392,310.1985,100.75662
"179",2016-10-09 10:30:00,1152.79516,766.17314,716.63589,740.60411,177.5316,383.3728,200.23848,67.79496
"180",2016-10-09 10:45:00,1124.44167,746.06376,753.4038,781.4123,189.4614,662.5088,352.12878,119.0571
"181",2016-10-09 11:00:00,1239.11414,831.57184,798.29223,805.2419,188.2482,763.0368,399.05076,136.10982
"182",2016-10-09 11:15:00,1207.35527,794.17646,867.6926,810.90143,197.145,1146.33152,582.17484,192.31101
"183",2016-10-09 11:30:00,1310.47906,874.6716,907.69368,823.01481,204.8286,1339.93088,696.6987,234.73485
"184",2016-10-09 11:45:00,1316.32743,871.96346,923.03244,841.58204,225.0486,1105.14432,582.17484,201.98115
"185",2016-10-09 12:00:00,1332.54,902.09872,962.95833,842.17778,230.508,929.97184,502.7355,179.26152
"186",2016-10-09 12:15:00,1341.86778,915.35132,999.57586,841.78062,236.3718,848.61248,455.74221,162.15681
"187",2016-10-09 12:30:00,1356.45169,919.38472,1042.81011,835.12819,234.552,1463.72672,814.14627,297.69474
"188",2016-10-09 12:45:00,1346.82779,890.28662,1050.10354,820.33398,236.7762,1219.53152,682.4367,253.55523
"189",2016-10-09 13:00:00,1349.78899,913.73796,1070.55522,800.17811,249.3126,1349.2224,773.85612,287.71266
"190",2016-10-09 13:15:00,1340.83136,902.73254,1073.48763,770.4904,246.8862,1493.16288,866.13126,319.99845
"191",2016-10-09 13:30:00,1304.48263,898.0077,1088.90158,741.29914,243.2466,1444.2848,846.59232,314.5395
"192",2016-10-09 13:45:00,1238.66996,828.17226,1081.9841,720.8454,202.6044,1407.5872,817.49784,310.27632
"193",2016-10-09 14:00:00,1189.88419,786.513,1078.67574,689.37047,187.2372,1332.6304,775.35363,294.36738
"194",2016-10-09 14:15:00,1151.98083,762.37022,1057.02102,647.07293,185.8218,1276.0224,693.06189,286.4649
"195",2016-10-09 14:30:00,1061.44214,720.01952,1020.47868,599.91018,190.8768,1224.84096,531.11688,282.87759
"196",2016-10-09 14:45:00,1040.63971,675.24878,991.53053,555.52755,182.1822,1151.56288,487.61778,267.95646
"197",2016-10-09 15:00:00,983.56258,638.94818,945.1383,507.76906,149.2236,1030.61696,537.96264,240.66171
"198",2016-10-09 15:15:00,913.30811,587.89686,908.2952,454.94678,140.9334,943.5968,560.35398,228.39207
"199",2016-10-09 15:30:00,834.24407,534.54074,843.48142,407.089,130.6212,863.5648,535.46679,217.21422
"200",2016-10-09 15:45:00,745.92628,474.38546,782.80309,361.91205,122.5332,772.13312,486.97599,200.83737
"201",2016-10-09 16:00:00,641.0998,401.15044,706.10929,309.7848,103.9308,664.30464,405.0408,165.95208
"202",2016-10-09 16:15:00,551.96768,334.25362,648.43856,268.77803,90.1812,590.16768,365.67768,144.74016
"203",2016-10-09 16:30:00,461.05884,274.61692,548.81181,219.82806,71.5788,494.75392,309.27147,121.6566
"204",2016-10-09 16:45:00,324.62155,189.16646,244.29231,101.77225,31.7454,360.3392,223.12899,87.55116
"205",2016-10-09 17:00:00,228.0124,130.16358,281.28579,109.41758,39.6312,213.08032,124.43595,48.92259
"206",2016-10-09 17:15:00,168.56631,98.70306,210.38162,82.31141,27.9036,140.42688,74.94681,30.51813
"207",2016-10-09 17:30:00,102.67961,59.57908,121.28147,50.93577,15.9738,77.80672,41.50242,16.1169
"208",2016-10-09 17:45:00,55.81862,32.95864,59.47529,30.38274,8.4924,57.9744,31.44771,12.11367
"209",2016-10-09 18:00:00,32.94335,19.3027,33.15879,17.8722,4.8528,40.71872,21.32169,8.42238
"210",2016-10-09 18:15:00,15.10212,8.75824,14.66205,7.04959,2.022,17.80224,9.2703,4.00323
"211",2016-10-09 18:30:00,2.88717,1.26764,2.70684,0.49645,0.2022,3.47456,1.64013,0.57189
"212",2016-10-09 18:45:00,0.07403,0,0.07519,0,0,0.07808,0,0
"213",2016-10-09 19:00:00,0,0,0,0,0,0,0,0
"214",2016-10-09 19:15:00,0,0,0,0,0,0,0,0
"215",2016-10-09 19:30:00,0,0,0,0,0,0,0,0
"216",2016-10-09 19:45:00,0,0,0,0,0,0,0,0
"217",2016-10-09 20:00:00,0,0,0,0,0,0,0,0
"218",2016-10-09 20:15:00,0,0,0,0,0,0,0,0
"219",2016-10-09 20:30:00,0,0,0,0,0,0,0,0
"220",2016-10-09 20:45:00,0,0,0,0,0,0,0,0
"221",2016-10-09 21:00:00,0,0,0,0,0,0,0,0
"222",2016-10-09 21:15:00,0,0,0,0,0,0,0,0
"223",2016-10-09 21:30:00,0,0,0,0,0,0,0,0
"224",2016-10-09 21:45:00,0,0,0,0,0,0,0,0
"225",2016-10-09 22:00:00,0,0,0,0,0,0,0,0
"226",2016-10-09 22:15:00,0,0,0,0,0,0,0,0
"227",2016-10-09 22:30:00,0,0,0,0,0,0,0,0
"228",2016-10-09 22:45:00,0,0,0,0,0,0,0,0
"229",2016-10-09 23:00:00,0,0,0,0,0,0,0,0
"230",2016-10-09 23:15:00,0,0,0,0,0,0,0,0
"231",2016-10-09 23:30:00,0,0,0,0,0,0,0,0
"232",2016-10-09 23:45:00,0,0,0,0,0,0,0,0
"233",2016-10-10 00:00:00,0,0,0,0,0,0,0,0
"234",2016-10-10 00:15:00,0,0,0,0,0,0,0,0
"235",2016-10-10 00:30:00,0,0,0,0,0,0,0,0
"236",2016-10-10 00:45:00,0,0,0,0,0,0,0,0
"237",2016-10-10 01:00:00,0,0,0,0,0,0,0,0
"238",2016-10-10 01:15:00,0,0,0,0,0,0,0,0
"239",2016-10-10 01:30:00,0,0,0,0,0,0,0,0
"240",2016-10-10 01:45:00,0,0,0,0,0,0,0,0
"241",2016-10-10 02:00:00,0,0,0,0,0,0,0,0
"242",2016-10-10 02:15:00,0,0,0,0,0,0,0,0
"243",2016-10-10 02:30:00,0,0,0,0,0,0,0,0
"244",2016-10-10 02:45:00,0,0,0,0,0,0,0,0
"245",2016-10-10 03:00:00,0,0,0,0,0,0,0,0
"246",2016-10-10 03:15:00,0,0,0,0,0,0,0,0
"247",2016-10-10 03:30:00,0,0,0,0,0,0,0,0
"248",2016-10-10 03:45:00,0,0,0,0,0,0,0,0
"249",2016-10-10 04:00:00,0,0,0,0,0,0,0,0
"250",2016-10-10 04:15:00,0,0,0,0,0,0,0,0
"251",2016-10-10 04:30:00,0,0,0,0,0,0,0,0
"252",2016-10-10 04:45:00,0,0,0,0,0,0,0,0
"253",2016-10-10 05:00:00,0,0,0,0,0,0,0,0
"254",2016-10-10 05:15:00,0,0,0,0,0,0,0,0
"255",2016-10-10 05:30:00,0,0,0,0,0,0,0,0
"256",2016-10-10 05:45:00,0,0,0,0,0,0,0,0
"257",2016-10-10 06:00:00,0,0,0,0,0,0,0,0
"258",2016-10-10 06:15:00,0,0,0,0,0,0,0,0
"259",2016-10-10 06:30:00,0.96239,0.23048,0.7519,0,0,1.44448,0.78441,0
"260",2016-10-10 06:45:00,6.95882,4.0334,6.7671,3.17728,0.6066,14.17152,8.34327,1.92363
"261",2016-10-10 07:00:00,26.94692,17.05552,28.27144,17.47504,3.6396,49.1904,27.73959,6.96666
"262",2016-10-10 07:15:00,65.44252,41.1983,52.25705,32.7657,6.4704,86.70784,48.63342,12.32163
"263",2016-10-10 07:30:00,96.83124,61.42292,74.28772,49.74429,7.077,126.02112,71.52393,18.1965
"264",2016-10-10 07:45:00,156.12927,96.34064,139.62783,97.50278,10.7166,153.4272,88.70964,23.03157
"265",2016-10-10 08:00:00,201.21354,119.44626,158.57571,117.26149,11.5254,215.85216,115.02303,29.42634
"266",2016-10-10 08:15:00,163.97645,112.99282,141.80834,92.73686,8.6946,231.27296,139.48236,37.38081
"267",2016-10-10 08:30:00,181.52156,126.36066,157.899,100.97793,13.3452,147.53216,93.20217,25.00719
"268",2016-10-10 08:45:00,94.38825,63.78534,92.33332,57.78678,9.5034,198.63552,128.50062,33.06564
"269",2016-10-10 09:00:00,183.37231,124.40158,258.27765,179.21845,25.8816,338.20352,205.72935,53.65368
"270",2016-10-10 09:15:00,306.70629,215.2107,266.77412,174.15466,29.5212,355.30304,212.93166,53.39373
"271",2016-10-10 09:30:00,737.93104,524.57248,498.20894,422.37966,59.2446,564.24512,310.34112,75.64545
"272",2016-10-10 09:45:00,758.95556,542.14658,495.57729,411.65634,40.0356,948.43776,490.04232,120.72078
"273",2016-10-10 10:00:00,505.18072,363.8703,298.05316,213.07634,17.187,675.47008,372.2382,87.55116
"274",2016-10-10 10:15:00,861.26502,624.08222,460.23799,399.54296,40.44,774.51456,435.77541,100.8606
"275",2016-10-10 10:30:00,964.31478,689.25044,720.69615,629.99505,80.6778,599.77152,333.08901,80.74047
"276",2016-10-10 10:45:00,963.27836,684.00702,687.76293,556.42116,50.7522,969.59744,548.65914,131.84664
"277",2016-10-10 11:00:00,318.329,217.40026,316.09876,208.11184,21.231,623.11744,367.46043,88.17504
"278",2016-10-10 11:15:00,887.6197,626.44464,740.69669,567.83951,69.5568,509.35488,290.73087,69.87456
"279",2016-10-10 11:30:00,1200.47048,844.59396,930.77701,723.42694,85.7328,821.05024,453.60291,107.93124
"280",2016-10-10 11:45:00,404.87007,277.61316,360.1601,234.22511,28.9146,566.11904,352.12878,79.07679
"281",2016-10-10 12:00:00,377.03479,255.48708,340.76108,219.82806,26.4882,486.47744,302.14047,68.88675
"282",2016-10-10 12:15:00,538.9384,363.2941,586.25643,394.28059,57.4248,513.1808,313.26483,73.66983
"283",2016-10-10 12:30:00,545.67513,365.25318,515.42745,341.85547,54.3918,975.37536,581.31912,178.11774
"284",2016-10-10 12:45:00,695.21573,476.97836,666.70973,455.14536,67.737,1059.1552,626.31573,185.18838
"285",2016-10-10 13:00:00,421.30473,283.25992,317.82813,206.92036,35.7894,1104.09024,667.88946,191.68713
"286",2016-10-10 13:15:00,507.40162,350.38722,489.33652,315.04717,47.517,624.28864,378.58479,98.781
"287",2016-10-10 13:30:00,639.69323,437.79676,621.97168,405.79823,55.2006,1075.552,638.65236,168.23964
"288",2016-10-10 13:45:00,513.24999,354.19014,540.76648,333.31653,45.6972,550.19072,328.16862,83.02803
"289",2016-10-10 14:00:00,658.20073,438.54582,782.80309,482.35082,89.979,523.68256,304.92156,75.85341
"290",2016-10-10 14:15:00,482.15739,330.04736,509.18668,315.84149,62.0754,413.90208,247.73094,58.02084
"291",2016-10-10 14:30:00,467.72154,317.60144,447.07974,274.43756,57.8292,347.92448,218.63646,45.95916
"292",2016-10-10 14:45:00,269.76532,182.25206,268.27792,166.01288,31.5432,485.6576,302.92488,64.31163
"293",2016-10-10 15:00:00,256.29186,173.20572,251.43536,160.35335,26.6904,443.26016,282.24498,59.68452
"294",2016-10-10 15:15:00,281.53609,196.4842,281.66174,177.33194,22.4442,343.20064,217.92336,47.10294
"295",2016-10-10 15:30:00,243.11452,167.3861,231.88596,143.57334,26.0838,266.09664,167.43588,37.48479
"296",2016-10-10 15:45:00,217.12999,142.66712,201.80996,128.28268,24.6684,333.67488,206.37114,46.73901
"297",2016-10-10 16:00:00,167.52989,109.59324,170.98206,106.04172,18.4002,284.32832,175.63653,38.10867
"298",2016-10-10 16:15:00,128.29399,83.66424,132.86073,79.82916,14.7606,215.38368,131.70957,26.15097
"299",2016-10-10 16:30:00,138.51013,89.13814,131.35693,78.14123,14.5584,157.05792,94.34313,19.44426
"300",2016-10-10 16:45:00,103.86409,66.14776,90.60395,52.02796,9.7056,178.64704,108.89037,22.25172
"301",2016-10-10 17:00:00,79.2121,51.91562,84.28799,50.34003,9.3012,102.75328,62.7528,12.63357
"302",2016-10-10 17:15:00,60.40848,38.83588,47.44489,25.71611,4.6506,98.22464,59.75778,12.94551
"303",2016-10-10 17:30:00,57.44728,36.3006,55.03908,31.07777,5.8638,65.1968,38.57871,8.52636
"304",2016-10-10 17:45:00,31.75887,19.5908,29.02334,15.48924,2.8308,42.59264,24.74457,5.40696
"305",2016-10-10 18:00:00,12.28898,7.43298,12.48154,6.35456,1.2132,18.19264,10.6965,2.13159
"306",2016-10-10 18:15:00,5.70031,3.11148,5.33849,1.88651,0.2022,6.91008,4.20729,0.62388
"307",2016-10-10 18:30:00,0.7403,0.11524,0.7519,0,0,1.05408,0.49917,0
"308",2016-10-10 18:45:00,0.07403,0,0,0,0,0,0,0
"309",2016-10-10 19:00:00,0,0,0,0,0,0,0,0
"310",2016-10-10 19:15:00,0,0,0,0,0,0,0,0
"311",2016-10-10 19:30:00,0,0,0,0,0,0,0,0
"312",2016-10-10 19:45:00,0,0,0,0,0,0,0,0
"313",2016-10-10 20:00:00,0,0,0,0,0,0,0,0
"314",2016-10-10 20:15:00,0,0,0,0,0,0,0,0
"315",2016-10-10 20:30:00,0,0,0,0,0,0,0,0
"316",2016-10-10 20:45:00,0,0,0,0,0,0,0,0
"317",2016-10-10 21:00:00,0,0,0,0,0,0,0,0
"318",2016-10-10 21:15:00,0,0,0,0,0,0,0,0
"319",2016-10-10 21:30:00,0,0,0,0,0,0,0,0
"320",2016-10-10 21:45:00,0,0,0,0,0,0,0,0
"321",2016-10-10 22:00:00,0,0,0,0,0,0,0,0
"322",2016-10-10 22:15:00,0,0,0,0,0,0,0,0
"323",2016-10-10 22:30:00,0,0,0,0,0,0,0,0
"324",2016-10-10 22:45:00,0,0,0,0,0,0,0,0
"325",2016-10-10 23:00:00,0,0,0,0,0,0,0,0
"326",2016-10-10 23:15:00,0,0,0,0,0,0,0,0
"327",2016-10-10 23:30:00,0,0,0,0,0,0,0,0
"328",2016-10-10 23:45:00,0,0,0,0,0,0,0,0
"329",2016-10-11 00:00:00,0,0,0,0,0,0,0,0
"330",2016-10-11 00:15:00,0,0,0,0,0,0,0,0
"331",2016-10-11 00:30:00,0,0,0,0,0,0,0,0
"332",2016-10-11 00:45:00,0,0,0,0,0,0,0,0
"333",2016-10-11 01:00:00,0,0,0,0,0,0,0,0
"334",2016-10-11 01:15:00,0,0,0,0,0,0,0,0
"335",2016-10-11 01:30:00,0,0,0,0,0,0,0,0
"336",2016-10-11 01:45:00,0,0,0,0,0,0,0,0
"337",2016-10-11 02:00:00,0,0,0,0,0,0,0,0
"338",2016-10-11 02:15:00,0,0,0,0,0,0,0,0
"339",2016-10-11 02:30:00,0,0,0,0,0,0,0,0
"340",2016-10-11 02:45:00,0,0,0,0,0,0,0,0
"341",2016-10-11 03:00:00,0,0,0,0,0,0,0,0
"342",2016-10-11 03:15:00,0,0,0,0,0,0,0,0
"343",2016-10-11 03:30:00,0,0,0,0,0,0,0,0
"344",2016-10-11 03:45:00,0,0,0,0,0,0,0,0
"345",2016-10-11 04:00:00,0,0,0,0,0,0,0,0
"346",2016-10-11 04:15:00,0,0,0,0,0,0,0,0
"347",2016-10-11 04:30:00,0,0,0,0,0,0,0,0
"348",2016-10-11 04:45:00,0,0,0,0,0,0,0,0
"349",2016-10-11 05:00:00,0,0,0,0,0,0,0,0
"350",2016-10-11 05:15:00,0,0,0,0,0,0,0,0
"351",2016-10-11 05:30:00,0,0,0,0,0,0,0,0
"352",2016-10-11 05:45:00,0,0,0,0,0,0,0,0
"353",2016-10-11 06:00:00,0,0,0,0,0,0,0,0
"354",2016-10-11 06:15:00,0,0,0,0,0,0,0,0
"355",2016-10-11 06:30:00,1.77672,0.40334,1.42861,0.09929,0,2.3424,1.21227,0.05199
"356",2016-10-11 06:45:00,12.36301,5.58914,11.05293,5.36166,1.4154,16.86528,9.2703,2.13159
"357",2016-10-11 07:00:00,33.09141,16.88266,29.92562,17.67362,4.4484,58.3648,29.45103,7.22661
"358",2016-10-11 07:15:00,51.0807,26.2171,44.21172,26.21256,7.077,91.23648,48.06294,12.58158
"359",2016-10-11 07:30:00,97.20139,52.49182,85.49103,55.40382,13.3452,139.33376,78.01314,20.58804
"360",2016-10-11 07:45:00,125.03667,60.7891,100.0027,63.64489,15.165,173.10336,89.99322,22.92759
"361",2016-10-11 08:00:00,137.91789,64.18868,125.34173,81.4178,18.6024,211.94816,107.03631,26.77485
"362",2016-10-11 08:15:00,250.44349,97.89638,152.56051,106.63746,21.8376,221.86432,106.82238,27.39873
"363",2016-10-11 08:30:00,275.24354,124.7473,264.29285,221.11883,37.407,332.93312,151.31982,37.64076
"364",2016-10-11 08:45:00,628.95888,315.00854,325.94865,283.07579,49.3368,591.41696,290.51694,72.2661
"365",2016-10-11 09:00:00,620.66752,365.13794,391.36395,372.3375,61.671,783.41568,382.07898,97.27329
"366",2016-10-11 09:15:00,636.88009,392.21934,484.67474,459.7127,88.5636,765.30112,375.30453,99.3009
"367",2016-10-11 09:30:00,579.13669,327.45446,339.48285,272.45176,61.8732,928.64448,473.4984,125.86779
"368",2016-10-11 09:45:00,740.07791,443.0978,472.34358,429.03209,85.7328,1145.08224,563.49162,157.0098
"369",2016-10-11 10:00:00,574.69489,362.89076,413.545,310.18196,68.3436,963.27296,493.10865,139.48917
"370",2016-10-11 10:15:00,757.3269,484.12324,450.01215,363.4014,83.913,943.67488,495.6045,138.55335
"371",2016-10-11 10:30:00,1024.13102,656.40704,645.1302,552.64814,127.386,718.49216,382.29291,112.66233
"372",2016-10-11 10:45:00,569.88294,358.74212,463.1704,383.65656,87.3504,1000.32192,544.87971,161.94885
"373",2016-10-11 11:00:00,328.24902,201.61238,328.42992,225.68617,52.572,829.95136,464.86989,141.9327
"374",2016-10-11 11:15:00,1071.80634,688.61662,811.37529,675.172,147.8082,693.5456,389.99439,124.41207
"375",2016-10-11 11:30:00,1036.86418,639.92772,859.34651,693.83852,142.551,501.93728,292.58493,89.68275
"376",2016-10-11 11:45:00,394.28378,226.84994,421.13919,287.64313,62.682,366.35136,217.85205,65.35143
"377",2016-10-11 12:00:00,539.53064,324.1125,444.29771,300.05438,63.8952,442.20608,271.97634,83.28798
"378",2016-10-11 12:15:00,864.89249,528.60588,615.35496,432.9044,94.023,969.20704,559.0704,182.74485
"379",2016-10-11 12:30:00,795.00817,491.03764,643.85197,440.05328,103.122,269.61024,162.23025,47.41488
"380",2016-10-11 12:45:00,613.04243,380.5801,646.93476,428.33706,100.4934,579.62688,355.76559,111.41457
"381",2016-10-11 13:00:00,613.56064,378.16006,723.77894,466.96087,110.6034,666.29568,408.39237,129.50709
"382",2016-10-11 13:15:00,466.01885,286.77474,462.19293,278.50845,63.4908,480.34816,287.80716,85.67952
"383",2016-10-11 13:30:00,349.71772,215.55642,380.53659,233.43079,53.3808,470.00256,283.8138,82.04022
"384",2016-10-11 13:45:00,357.34281,221.837,409.18398,248.92003,56.0094,507.63712,298.14711,89.4228
"385",2016-10-11 14:00:00,351.86459,218.03408,397.90548,239.2889,52.3698,622.53184,368.95794,112.35039
"386",2016-10-11 14:15:00,415.75248,255.14136,518.66062,299.65722,66.9282,566.19712,330.30792,101.69244
"387",2016-10-11 14:30:00,495.33473,303.19644,566.63184,331.82718,76.2294,409.80288,241.38435,69.51063
"388",2016-10-11 14:45:00,323.73319,196.36896,309.7828,175.64401,38.418,371.34848,219.84873,65.5074
"389",2016-10-11 15:00:00,379.40375,233.24576,397.90548,225.3883,48.7302,487.14112,282.53022,81.52032
"390",2016-10-11 15:15:00,364.2276,221.95224,361.73909,208.509,42.2598,522.9408,300.42903,89.37081
"391",2016-10-11 15:30:00,318.25497,186.57356,313.69268,183.58721,36.8004,456.61184,261.63639,78.34893
"392",2016-10-11 15:45:00,242.67034,144.10762,233.16419,133.94221,27.9036,352.68736,194.24844,64.20765
"393",2016-10-11 16:00:00,236.22973,139.95898,235.19432,129.87132,27.4992,288.27136,158.09427,53.75766
"394",2016-10-11 16:15:00,266.13785,154.9978,254.96929,136.32517,30.5322,247.55264,133.42101,45.07533
"395",2016-10-11 16:30:00,165.67914,92.4801,165.418,77.64478,18.4002,169.86304,88.49571,29.58231
"396",2016-10-11 16:45:00,118.15188,62.86342,178.87701,72.77957,17.9958,300.45184,173.42592,51.62607
"397",2016-10-11 17:00:00,116.67128,60.61624,211.50947,85.98514,20.22,286.47552,161.51715,45.54324
"398",2016-10-11 17:15:00,109.26828,55.19996,158.72609,72.68028,16.3782,163.61664,88.63833,24.85122
"399",2016-10-11 17:30:00,68.69984,34.68724,73.15987,38.92168,7.4814,89.0112,46.77936,13.36143
"400",2016-10-11 17:45:00,45.38039,25.69852,46.76818,24.92179,5.055,55.8272,28.88055,8.3184
"401",2016-10-11 18:00:00,27.53916,14.92358,27.8203,14.59563,3.033,35.68256,18.96846,5.199
"402",2016-10-11 18:15:00,11.47465,5.93486,11.72964,5.46095,1.2132,14.75712,7.70148,1.87164
"403",2016-10-11 18:30:00,2.14687,0.69144,2.03013,0.19858,0,2.38144,1.14096,0.05199
"404",2016-10-11 18:45:00,0,0,0,0,0,0.03904,0,0
"405",2016-10-11 19:00:00,0,0,0,0,0,0,0,0
"406",2016-10-11 19:15:00,0,0,0,0,0,0,0,0
"407",2016-10-11 19:30:00,0,0,0,0,0,0,0,0
"408",2016-10-11 19:45:00,0,0,0,0,0,0,0,0
"409",2016-10-11 20:00:00,0,0,0,0,0,0,0,0
"410",2016-10-11 20:15:00,0,0,0,0,0,0,0,0
"411",2016-10-11 20:30:00,0,0,0,0,0,0,0,0
"412",2016-10-11 20:45:00,0,0,0,0,0,0,0,0
"413",2016-10-11 21:00:00,0,0,0,0,0,0,0,0
"414",2016-10-11 21:15:00,0,0,0,0,0,0,0,0
"415",2016-10-11 21:30:00,0,0,0,0,0,0,0,0
"416",2016-10-11 21:45:00,0,0,0,0,0,0,0,0
"417",2016-10-11 22:00:00,0,0,0,0,0,0,0,0
"418",2016-10-11 22:15:00,0,0,0,0,0,0,0,0
"419",2016-10-11 22:30:00,0,0,0,0,0,0,0,0
"420",2016-10-11 22:45:00,0,0,0,0,0,0,0,0
"421",2016-10-11 23:00:00,0,0,0,0,0,0,0,0
"422",2016-10-11 23:15:00,0,0,0,0,0,0,0,0
"423",2016-10-11 23:30:00,0,0,0,0,0,0,0,0
"424",2016-10-11 23:45:00,0,0,0,0,0,0,0,0
"425",2016-10-12 00:00:00,0,0,0,0,0,0,0,0
"426",2016-10-12 00:15:00,0,0,0,0,0,0,0,0
"427",2016-10-12 00:30:00,0,0,0,0,0,0,0,0
"428",2016-10-12 00:45:00,0,0,0,0,0,0,0,0
"429",2016-10-12 01:00:00,0,0,0,0,0,0,0,0
"430",2016-10-12 01:15:00,0,0,0,0,0,0,0,0
"431",2016-10-12 01:30:00,0,0,0,0,0,0,0,0
"432",2016-10-12 01:45:00,0,0,0,0,0,0,0,0
"433",2016-10-12 02:00:00,0,0,0,0,0,0,0,0
"434",2016-10-12 02:15:00,0,0,0,0,0,0,0,0
"435",2016-10-12 02:30:00,0,0,0,0,0,0,0,0
"436",2016-10-12 02:45:00,0,0,0,0,0,0,0,0
"437",2016-10-12 03:00:00,0,0,0,0,0,0,0,0
"438",2016-10-12 03:15:00,0,0,0,0,0,0,0,0
"439",2016-10-12 03:30:00,0,0,0,0,0,0,0,0
"440",2016-10-12 03:45:00,0,0,0,0,0,0,0,0
"441",2016-10-12 04:00:00,0,0,0,0,0,0,0,0
"442",2016-10-12 04:15:00,0,0,0,0,0,0,0,0
"443",2016-10-12 04:30:00,0,0,0,0,0,0,0,0
"444",2016-10-12 04:45:00,0,0,0,0,0,0,0,0
"445",2016-10-12 05:00:00,0,0,0,0,0,0,0,0
"446",2016-10-12 05:15:00,0,0,0,0,0,0,0,0
"447",2016-10-12 05:30:00,0,0,0,0,0,0,0,0
"448",2016-10-12 05:45:00,0,0,0,0,0,0,0,0
"449",2016-10-12 06:00:00,0,0,0,0,0,0,0,0
"450",2016-10-12 06:15:00,0,0,0,0,0,0,0,0
"451",2016-10-12 06:30:00,3.33135,0.63382,1.57899,0.09929,0,3.00608,1.49751,0.10398
"452",2016-10-12 06:45:00,28.94573,8.18204,14.96281,7.14888,1.4154,19.52,10.55388,2.91144
"453",2016-10-12 07:00:00,93.64795,25.87138,43.23425,22.53883,4.6506,56.88128,28.16745,8.26641
"454",2016-10-12 07:15:00,149.39254,31.63338,63.53555,28.99268,5.8638,122.27328,53.69643,14.60919
"455",2016-10-12 07:30:00,238.89481,42.58118,93.53636,41.60251,7.077,199.18208,83.29008,21.78381
"456",2016-10-12 07:45:00,342.98099,58.25382,131.50731,64.33992,9.7056,292.87808,117.09102,29.53032
"457",2016-10-12 08:00:00,458.54182,80.89848,170.75649,96.21201,10.11,392.07872,159.37785,39.40842
"458",2016-10-12 08:15:00,584.98506,115.98906,213.76517,143.27547,8.2902,489.952,201.52206,50.9502
"459",2016-10-12 08:30:00,707.7268,171.30426,258.95436,205.13314,12.7386,590.05056,252.65133,65.71536
"460",2016-10-12 08:45:00,828.91391,243.84784,304.97064,264.50856,15.5694,668.24768,296.07912,82.19619
"461",2016-10-12 09:00:00,937.14577,332.4674,356.25022,317.728,15.165,789.3888,353.76891,96.85737
"462",2016-10-12 09:15:00,1055.29765,398.67278,385.57432,342.15334,20.22,882.61632,406.75224,110.27079
"463",2016-10-12 09:30:00,1204.69019,444.99926,466.70433,397.95432,33.363,1043.7344,508.51161,142.86852
"464",2016-10-12 09:45:00,896.94748,337.53796,453.77165,339.07535,40.6422,1031.20256,514.43034,147.28767
"465",2016-10-12 10:00:00,1440.91992,539.66892,572.9478,488.80467,68.1414,1135.088,556.78848,163.30059
"466",2016-10-12 10:15:00,1524.57382,577.87098,615.88129,561.48495,81.2844,1214.7296,588.73536,183.21276
"467",2016-10-12 10:30:00,1570.02824,610.54152,663.1758,610.03776,90.99,1189.08032,619.04211,192.67494
"468",2016-10-12 10:45:00,1659.30842,675.3064,725.13236,654.71826,101.5044,1442.25472,761.23425,243.00126
"469",2016-10-12 11:00:00,1758.87877,679.45504,772.57725,692.44846,103.9308,1381.46944,738.62898,240.29778
"470",2016-10-12 11:15:00,1859.85569,710.28174,827.99228,722.13617,124.1508,1430.11328,783.98214,252.93135
"471",2016-10-12 11:30:00,1673.59621,615.78494,772.2013,636.05174,111.4122,1222.42048,690.49473,218.20203
"472",2016-10-12 11:45:00,1753.10443,631.34234,860.85031,665.04442,118.287,1228.35456,695.05857,223.66098
"473",2016-10-12 12:00:00,1863.03898,675.76736,966.1915,735.34174,131.8344,1028.704,572.47668,179.72943
"474",2016-10-12 12:15:00,1863,762.0245,963.63504,749.83808,143.1576,914.16064,515.71392,160.6491
"475",2016-10-12 12:30:00,1272.27958,449.49362,612.57293,405.40107,72.3876,580.99328,344.92647,100.13274
"476",2016-10-12 12:45:00,1169.45191,417.62976,723.40299,471.03176,79.2624,478.90368,285.81048,80.84445
"477",2016-10-12 13:00:00,938.99652,327.2816,524.29987,317.728,52.3698,526.18112,312.97959,89.00688
"478",2016-10-12 13:15:00,1146.20649,406.45148,766.938,486.12384,84.5196,616.09024,372.16689,106.94343
"479",2016-10-12 13:30:00,995.7035,357.64734,597.7605,352.57879,68.3436,558.03776,336.29796,94.82976
"480",2016-10-12 13:45:00,853.12172,310.16846,522.42012,300.94799,54.3918,501.4688,302.28309,88.01907
"481",2016-10-12 14:00:00,773.6135,293.40104,474.29852,267.78513,48.9324,517.04576,300.2151,90.61857
"482",2016-10-12 14:15:00,1053.00272,400.11328,713.10196,399.64225,78.6558,563.11296,332.94639,106.00761
"483",2016-10-12 14:30:00,1173.30147,439.0644,595.12885,311.67131,55.605,825.61792,409.03416,177.33789
"484",2016-10-12 14:45:00,1370.96157,509.24556,886.18934,443.72701,69.5568,835.10464,427.00428,182.12097
"485",2016-10-12 15:00:00,1144.57783,422.00888,757.31368,347.71358,60.66,529.14816,291.72921,112.61034
"486",2016-10-12 15:15:00,1046.7842,387.14878,722.87666,337.78458,73.1964,251.84704,138.76926,48.09075
"487",2016-10-12 15:30:00,895.98509,331.8912,740.17036,330.93357,69.1524,249.42656,137.69961,45.80319
"488",2016-10-12 15:45:00,730.52804,263.72674,438.13213,206.02675,38.2158,295.1424,165.4392,53.28975
"489",2016-10-12 16:00:00,419.67607,155.45876,273.76679,138.70813,25.6794,249.58272,143.61834,43.61961
"490",2016-10-12 16:15:00,394.65393,141.57234,270.90957,137.81452,26.4882,263.16864,150.32148,46.42707
"491",2016-10-12 16:30:00,273.46682,104.0041,175.86941,98.19781,17.3892,239.74464,137.20044,42.99573
"492",2016-10-12 16:45:00,219.1288,82.9728,140.6053,81.31851,14.3562,201.68064,117.23364,36.70494
"493",2016-10-12 17:00:00,222.68224,84.4133,144.3648,82.60928,14.3562,193.87264,112.52718,36.75693
"494",2016-10-12 17:15:00,213.2064,79.05464,136.62023,71.88596,13.5474,159.82976,94.34313,29.73828
"495",2016-10-12 17:30:00,119.85457,43.90644,73.83658,39.21955,7.2792,86.55168,49.77438,14.50521
"496",2016-10-12 17:45:00,55.22638,20.28224,33.30917,18.66652,3.6396,39.78176,22.53396,6.18681
"497",2016-10-12 18:00:00,25.54035,8.75824,17.06813,9.33326,2.022,25.84448,14.262,3.95124
"498",2016-10-12 18:15:00,12.28898,3.57244,8.2709,3.67373,0.8088,11.67296,6.13266,1.5597
"499",2016-10-12 18:30:00,1.77672,0.2881,1.05266,0,0,1.48352,0.7131,0
"500",2016-10-12 18:45:00,0,0,0,0,0,0,0,0
"501",2016-10-12 19:00:00,0,0,0,0,0,0,0,0
"502",2016-10-12 19:15:00,0,0,0,0,0,0,0,0
"503",2016-10-12 19:30:00,0,0,0,0,0,0,0,0
"504",2016-10-12 19:45:00,0,0,0,0,0,0,0,0
"505",2016-10-12 20:00:00,0,0,0,0,0,0,0,0
"506",2016-10-12 20:15:00,0,0,0,0,0,0,0,0
"507",2016-10-12 20:30:00,0,0,0,0,0,0,0,0
"508",2016-10-12 20:45:00,0,0,0,0,0,0,0,0
"509",2016-10-12 21:00:00,0,0,0,0,0,0,0,0
"510",2016-10-12 21:15:00,0,0,0,0,0,0,0,0
"511",2016-10-12 21:30:00,0,0,0,0,0,0,0,0
"512",2016-10-12 21:45:00,0,0,0,0,0,0,0,0
"513",2016-10-12 22:00:00,0,0,0,0,0,0,0,0
"514",2016-10-12 22:15:00,0,0,0,0,0,0,0,0
"515",2016-10-12 22:30:00,0,0,0,0,0,0,0,0
"516",2016-10-12 22:45:00,0,0,0,0,0,0,0,0
"517",2016-10-12 23:00:00,0,0,0,0,0,0,0,0
"518",2016-10-12 23:15:00,0,0,0,0,0,0,0,0
"519",2016-10-12 23:30:00,0,0,0,0,0,0,0,0
"520",2016-10-12 23:45:00,0,0,0,0,0,0,0,0
"521",2016-10-13 00:00:00,0,0,0,0,0,0,0,0
"522",2016-10-13 00:15:00,0,0,0,0,0,0,0,0
"523",2016-10-13 00:30:00,0,0,0,0,0,0,0,0
"524",2016-10-13 00:45:00,0,0,0,0,0,0,0,0
"525",2016-10-13 01:00:00,0,0,0,0,0,0,0,0
"526",2016-10-13 01:15:00,0,0,0,0,0,0,0,0
"527",2016-10-13 01:30:00,0,0,0,0,0,0,0,0
"528",2016-10-13 01:45:00,0,0,0,0,0,0,0,0
"529",2016-10-13 02:00:00,0,0,0,0,0,0,0,0
"530",2016-10-13 02:15:00,0,0,0,0,0,0,0,0
"531",2016-10-13 02:30:00,0,0,0,0,0,0,0,0
"532",2016-10-13 02:45:00,0,0,0,0,0,0,0,0
"533",2016-10-13 03:00:00,0,0,0,0,0,0,0,0
"534",2016-10-13 03:15:00,0,0,0,0,0,0,0,0
"535",2016-10-13 03:30:00,0,0,0,0,0,0,0,0
"536",2016-10-13 03:45:00,0,0,0,0,0,0,0,0
"537",2016-10-13 04:00:00,0,0,0,0,0,0,0,0
"538",2016-10-13 04:15:00,0,0,0,0,0,0,0,0
"539",2016-10-13 04:30:00,0,0,0,0,0,0,0,0
"540",2016-10-13 04:45:00,0,0,0,0,0,0,0,0
"541",2016-10-13 05:00:00,0,0,0,0,0,0,0,0
"542",2016-10-13 05:15:00,0,0,0,0,0,0,0,0
"543",2016-10-13 05:30:00,0,0,0,0,0,0,0,0
"544",2016-10-13 05:45:00,0,0,0,0,0,0,0,0
"545",2016-10-13 06:00:00,0,0,0,0,0,0,0,0
"546",2016-10-13 06:15:00,0,0,0,0,0,0,0,0
"547",2016-10-13 06:30:00,2.29493,0.51858,1.42861,0,0,1.28832,0.64179,0
"548",2016-10-13 06:45:00,10.88241,4.49436,7.66938,2.87941,0.4044,7.14432,4.06467,0.77985
"549",2016-10-13 07:00:00,33.83171,13.5407,22.03067,12.01409,1.8198,41.53856,20.6799,5.56293
"550",2016-10-13 07:15:00,76.02881,32.61292,52.633,32.96428,3.6396,115.90976,52.48416,14.14128
"551",2016-10-13 07:30:00,141.32327,59.75194,87.07002,56.69459,5.8638,216.55488,98.33649,26.15097
"552",2016-10-13 07:45:00,222.31209,56.69808,129.02604,77.14833,10.5144,362.25216,148.53873,37.9527
"553",2016-10-13 08:00:00,415.90054,106.36652,195.79476,114.58066,16.3782,281.94688,119.72949,32.85768
"554",2016-10-13 08:15:00,518.13597,134.60032,229.25431,153.30376,17.9958,440.64448,173.63985,46.53105
"555",2016-10-13 08:30:00,591.79582,170.38234,258.27765,209.70048,19.4112,608.2432,230.54523,63.27183
"556",2016-10-13 08:45:00,699.36141,241.08208,301.81266,283.07579,21.4332,701.5488,272.11896,74.24172
"557",2016-10-13 09:00:00,798.0434,326.18682,350.61097,361.61418,27.0948,788.88128,314.61972,86.71932
"558",2016-10-13 09:15:00,901.09316,395.04272,398.80776,423.27327,33.5652,834.71424,342.78717,94.67379
"559",2016-10-13 09:30:00,991.70588,422.46984,436.77871,455.64181,30.5322,951.63904,400.0491,111.7785
"560",2016-10-13 09:45:00,1119.70375,472.484,511.51757,519.88244,25.6794,1032.06144,445.6875,120.72078
"561",2016-10-13 10:00:00,973.4945,419.4736,489.4869,466.663,23.4552,942.58176,415.0242,114.84591
"562",2016-10-13 10:15:00,771.83678,329.70164,364.82188,305.11817,15.9738,1043.344,488.97267,141.88071
"563",2016-10-13 10:30:00,937.14577,418.55168,628.06207,522.56327,25.0728,800.5152,370.0989,111.98646
"564",2016-10-13 10:45:00,971.12554,438.31534,504.14895,422.87611,28.308,1141.41248,548.51652,167.66775
"565",2016-10-13 11:00:00,1198.24958,557.35826,786.4874,677.55496,62.4798,1299.32928,615.90447,185.44833
"566",2016-10-13 11:15:00,1401.75805,653.00746,756.33621,643.59778,60.0534,1295.46432,627.17145,186.22818
"567",2016-10-13 11:30:00,1483.78329,686.88802,764.38154,632.08014,69.5568,1322.55808,647.99397,192.8829
"568",2016-10-13 11:45:00,1474.97372,683.43082,776.93827,598.42083,84.5196,1353.16544,681.36705,192.67494
"569",2016-10-13 12:00:00,1306.33338,608.1791,705.2822,538.74754,81.891,1349.76896,683.57766,185.24037
"570",2016-10-13 12:15:00,1444.47336,662.28428,812.50314,590.87479,87.3504,1351.60384,680.58264,190.90728
"571",2016-10-13 12:30:00,1469.71759,659.86424,800.69831,554.0382,83.913,1184.94208,613.33731,176.50605
"572",2016-10-13 12:45:00,1450.61785,637.50768,823.70645,554.73323,83.7108,1349.72992,714.95406,211.18338
"573",2016-10-13 13:00:00,1403.31268,609.21626,881.00123,587.00248,102.111,1331.14688,716.95074,213.21099
"574",2016-10-13 13:15:00,1383.84279,604.60666,837.39103,543.21559,94.4274,1043.65632,549.94272,165.8481
"575",2016-10-13 13:30:00,1397.39028,599.47848,872.80552,546.29358,93.6186,1272.78208,690.06687,205.46448
"576",2016-10-13 13:45:00,1391.46788,596.53986,898.82126,561.48495,101.3022,1156.09152,630.87957,182.22495
"577",2016-10-13 14:00:00,1155.6083,495.07104,835.66166,506.97474,93.012,1161.59616,613.05207,183.26475
"578",2016-10-13 14:15:00,1248.44192,529.18208,885.51263,512.3364,105.5484,1105.0272,546.44853,173.90655
"579",2016-10-13 14:30:00,1163.52951,485.39088,806.11199,462.19495,98.6736,1046.19392,487.33254,173.38665
"580",2016-10-13 14:45:00,1123.18316,466.1458,802.20211,440.8476,90.5856,870.35776,413.17014,147.07971
"581",2016-10-13 15:00:00,1016.06175,422.75794,780.92334,412.64924,88.5636,873.98848,435.41886,146.81976
"582",2016-10-13 15:15:00,964.09269,398.4423,747.01265,364.3943,86.3394,812.85184,429.71406,133.77027
"583",2016-10-13 15:30:00,887.32358,365.48366,707.46271,320.90528,74.814,731.92192,392.34762,115.78173
"584",2016-10-13 15:45:00,803.59565,306.48078,653.47629,281.78502,62.2776,658.8,359.61633,102.83622
"585",2016-10-13 16:00:00,715.42592,254.85326,598.36202,242.56547,52.3698,551.59616,294.93816,81.1044
"586",2016-10-13 16:15:00,547.15573,210.42824,480.53929,193.11905,40.2378,468.59712,243.80889,67.22307
"587",2016-10-13 16:30:00,237.71033,100.60452,285.57162,132.35357,26.0838,222.44992,113.3829,30.25818
"588",2016-10-13 16:45:00,171.89766,82.28136,171.20763,72.77957,15.9738,188.68032,96.91029,25.83903
"589",2016-10-13 17:00:00,108.67604,47.8246,135.79314,59.37542,13.143,276.44224,139.69629,37.64076
"590",2016-10-13 17:15:00,102.60558,51.51228,97.14548,51.23364,10.5144,143.12064,69.02808,18.04053
"591",2016-10-13 17:30:00,88.16973,42.23546,69.1748,40.31174,7.6836,92.79808,43.4991,11.48979
"592",2016-10-13 17:45:00,51.00667,24.14278,41.3545,23.73031,4.044,70.4672,31.87557,8.26641
"593",2016-10-13 18:00:00,27.61319,13.13736,22.93295,12.70912,2.2242,31.8176,14.54724,3.84726
"594",2016-10-13 18:15:00,12.65913,4.95532,10.00027,4.26947,0.8088,10.9312,4.77777,0.98781
"595",2016-10-13 18:30:00,1.70269,0.34572,1.20304,0,0,1.24928,0.49917,0
"596",2016-10-13 18:45:00,0,0,0,0,0,0,0,0
"597",2016-10-13 19:00:00,0,0,0,0,0,0,0,0
"598",2016-10-13 19:15:00,0,0,0,0,0,0,0,0
"599",2016-10-13 19:30:00,0,0,0,0,0,0,0,0
"600",2016-10-13 19:45:00,0,0,0,0,0,0,0,0
"601",2016-10-13 20:00:00,0,0,0,0,0,0,0,0
"602",2016-10-13 20:15:00,0,0,0,0,0,0,0,0
"603",2016-10-13 20:30:00,0,0,0,0,0,0,0,0
"604",2016-10-13 20:45:00,0,0,0,0,0,0,0,0
"605",2016-10-13 21:00:00,0,0,0,0,0,0,0,0
"606",2016-10-13 21:15:00,0,0,0,0,0,0,0,0
"607",2016-10-13 21:30:00,0,0,0,0,0,0,0,0
"608",2016-10-13 21:45:00,0,0,0,0,0,0,0,0
"609",2016-10-13 22:00:00,0,0,0,0,0,0,0,0
"610",2016-10-13 22:15:00,0,0,0,0,0,0,0,0
"611",2016-10-13 22:30:00,0,0,0,0,0,0,0,0
"612",2016-10-13 22:45:00,0,0,0,0,0,0,0,0
"613",2016-10-13 23:00:00,0,0,0,0,0,0,0,0
"614",2016-10-13 23:15:00,0,0,0,0,0,0,0,0
"615",2016-10-13 23:30:00,0,0,0,0,0,0,0,0
"616",2016-10-13 23:45:00,0,0,0,0,0,0,0,0
"617",2016-10-14 00:00:00,0,0,0,0,0,0,0,0
"618",2016-10-14 00:15:00,0,0,0,0,0,0,0,0
"619",2016-10-14 00:30:00,0,0,0,0,0,0,0,0
"620",2016-10-14 00:45:00,0,0,0,0,0,0,0,0
"621",2016-10-14 01:00:00,0,0,0,0,0,0,0,0
"622",2016-10-14 01:15:00,0,0,0,0,0,0,0,0
"623",2016-10-14 01:30:00,0,0,0,0,0,0,0,0
"624",2016-10-14 01:45:00,0,0,0,0,0,0,0,0
"625",2016-10-14 02:00:00,0,0,0,0,0,0,0,0
"626",2016-10-14 02:15:00,0,0,0,0,0,0,0,0
"627",2016-10-14 02:30:00,0,0,0,0,0,0,0,0
"628",2016-10-14 02:45:00,0,0,0,0,0,0,0,0
"629",2016-10-14 03:00:00,0,0,0,0,0,0,0,0
"630",2016-10-14 03:15:00,0,0,0,0,0,0,0,0
"631",2016-10-14 03:30:00,0,0,0,0,0,0,0,0
"632",2016-10-14 03:45:00,0,0,0,0,0,0,0,0
"633",2016-10-14 04:00:00,0,0,0,0,0,0,0,0
"634",2016-10-14 04:15:00,0,0,0,0,0,0,0,0
"635",2016-10-14 04:30:00,0,0,0,0,0,0,0,0
"636",2016-10-14 04:45:00,0,0,0,0,0,0,0,0
"637",2016-10-14 05:00:00,0,0,0,0,0,0,0,0
"638",2016-10-14 05:15:00,0,0,0,0,0,0,0,0
"639",2016-10-14 05:30:00,0,0,0,0,0,0,0,0
"640",2016-10-14 05:45:00,0,0,0,0,0,0,0,0
"641",2016-10-14 06:00:00,0,0,0,0,0,0,0,0
"642",2016-10-14 06:15:00,0,0,0,0,0,0,0,0
"643",2016-10-14 06:30:00,1.70269,0.17286,1.27823,0,0,2.38144,0.85572,0
"644",2016-10-14 06:45:00,13.99167,3.97578,10.67698,5.06379,1.011,18.38784,7.41624,1.92363
"645",2016-10-14 07:00:00,57.29922,16.1336,37.67019,23.13457,4.6506,51.3376,19.82418,5.92686
"646",2016-10-14 07:15:00,102.30946,24.02754,60.152,34.25505,7.6836,116.5344,38.65002,11.4378
"647",2016-10-14 07:30:00,148.65224,31.05718,77.14494,44.38263,10.5144,208.35648,64.39293,18.1965
"648",2016-10-14 07:45:00,195.06905,47.07554,100.30346,65.23353,14.154,260.3968,90.13584,26.41092
"649",2016-10-14 08:00:00,245.18736,84.93188,208.35149,152.01299,30.5322,403.94688,130.85385,37.48479
"650",2016-10-14 08:15:00,457.28331,132.75648,235.64546,186.36733,35.9916,337.8912,113.59683,32.02584
"651",2016-10-14 08:30:00,304.18927,107.7494,169.77902,141.28967,29.319,464.53696,177.27666,50.17035
"652",2016-10-14 08:45:00,408.94172,150.6763,232.26191,218.14013,39.0246,450.83392,179.48727,54.38154
"653",2016-10-14 09:00:00,392.87721,162.7765,327.45245,288.63603,62.682,579.90016,210.15057,65.55939
"654",2016-10-14 09:15:00,499.55444,204.03242,342.49045,295.08988,44.6862,625.26464,251.93823,83.54793
"655",2016-10-14 09:30:00,768.50543,303.25406,502.87072,514.71936,51.7632,673.44,235.82217,81.88425
"656",2016-10-14 09:45:00,811.51686,315.69998,456.02735,510.94634,51.7632,966.00576,351.27306,123.7362
"657",2016-10-14 10:00:00,985.11721,370.7847,522.49531,624.43481,75.4206,1103.42656,397.05408,143.75235
"658",2016-10-14 10:15:00,1079.3574,423.10366,588.58732,683.01591,56.4138,1176.39232,420.0159,147.96354
"659",2016-10-14 10:30:00,1036.27194,414.74876,592.12125,682.42017,77.6448,950.93632,371.5251,130.13097
"660",2016-10-14 10:45:00,908.05198,364.21602,579.86528,553.0453,84.3174,623.50784,278.03769,97.58523
"661",2016-10-14 11:00:00,596.45971,245.05786,453.77165,364.49359,49.3368,621.79008,282.31629,97.42926
"662",2016-10-14 11:15:00,616.74393,256.409,514.22441,390.50757,51.7632,740.0032,328.59648,113.28621
"663",2016-10-14 11:30:00,618.59468,256.23614,530.23988,410.56415,63.4908,607.50144,277.46721,89.63076
"664",2016-10-14 11:45:00,513.62014,212.27208,463.39597,335.30233,50.9544,520.9888,236.53527,73.51386
"665",2016-10-14 12:00:00,383.84555,156.89926,344.59577,243.85624,35.7894,368.03008,168.43422,47.72682
"666",2016-10-14 12:15:00,203.13832,86.08428,198.87755,133.84292,17.9958,465.552,210.72105,59.2686
"667",2016-10-14 12:30:00,379.55181,163.69842,362.11504,251.2037,37.2048,696.23936,313.47876,94.77777
"668",2016-10-14 12:45:00,394.87602,174.47336,343.54311,229.85635,34.374,298.89024,131.28171,40.50021
"669",2016-10-14 13:00:00,309.59346,139.32516,274.89464,181.99857,25.6794,576.30848,261.20853,75.69744
"670",2016-10-14 13:15:00,266.65606,117.5448,250.60827,168.19726,25.0728,901.12128,403.32936,124.72401
"671",2016-10-14 13:30:00,275.53966,121.75106,250.00675,166.01288,23.4552,1203.09568,543.3822,177.70182
"672",2016-10-14 13:45:00,229.93718,100.48928,220.68265,146.55204,21.0288,991.8112,435.77541,150.56304
"673",2016-10-14 14:00:00,350.60608,151.2525,349.55831,243.55837,43.2708,913.65312,405.82521,145.93593
"674",2016-10-14 14:15:00,341.42636,146.75814,327.0765,218.438,37.8114,834.90944,360.1155,140.373
"675",2016-10-14 14:30:00,489.78248,199.30758,484.2236,302.33805,46.9104,835.53408,338.29464,137.61753
"676",2016-10-14 14:45:00,740.07791,299.79686,722.80147,430.32286,71.5788,927.82464,388.85343,142.4526
"677",2016-10-14 15:00:00,787.6792,319.61814,672.27379,403.61385,77.0382,597.58528,264.91665,84.48375
"678",2016-10-14 15:15:00,429.15191,174.18526,483.09575,270.0688,49.9434,509.35488,216.99633,69.51063
"679",2016-10-14 15:30:00,310.11167,129.3569,440.01188,223.4025,35.5872,333.28448,142.83393,42.37185
"680",2016-10-14 15:45:00,302.26449,88.96528,282.26326,127.68694,21.0288,275.50528,114.88041,35.04126
"681",2016-10-14 16:00:00,485.26665,97.32018,272.56375,124.90682,19.4112,246.88896,103.18557,30.51813
"682",2016-10-14 16:15:00,384.65988,75.82792,228.5776,109.91403,16.3782,193.91168,80.50899,22.92759
"683",2016-10-14 16:30:00,346.31234,63.0939,222.48721,100.77935,13.7496,224.63616,91.63335,26.25495
"684",2016-10-14 16:45:00,255.77365,43.90644,154.44026,80.22632,10.11,216.16448,89.1375,26.35893
"685",2016-10-14 17:00:00,246.44587,40.85258,149.55291,79.03484,10.7166,166.97408,68.74284,21.36789
"686",2016-10-14 17:15:00,162.79197,26.10186,102.18321,52.92157,7.6836,109.8976,45.13923,14.45322
"687",2016-10-14 17:30:00,106.52917,16.88266,59.77605,34.65221,5.2572,114.3872,46.3515,14.34924
"688",2016-10-14 17:45:00,83.28375,14.05928,48.34717,25.41824,4.044,61.2928,24.81588,7.53855
"689",2016-10-14 18:00:00,42.27113,6.79916,23.3089,11.71622,1.8198,30.33408,11.76615,3.48333
"690",2016-10-14 18:15:00,14.58391,2.0167,8.04533,3.17728,0.4044,12.21952,4.56384,0.98781
"691",2016-10-14 18:30:00,1.92478,0.05762,0.90228,0,0,1.67872,0.49917,0
"692",2016-10-14 18:45:00,0,0,0,0,0,0,0,0
"693",2016-10-14 19:00:00,0,0,0,0,0,0,0,0
"694",2016-10-14 19:15:00,0,0,0,0,0,0,0,0
"695",2016-10-14 19:30:00,0,0,0,0,0,0,0,0
"696",2016-10-14 19:45:00,0,0,0,0,0,0,0,0
"697",2016-10-14 20:00:00,0,0,0,0,0,0,0,0
"698",2016-10-14 20:15:00,0,0,0,0,0,0,0,0
"699",2016-10-14 20:30:00,0,0,0,0,0,0,0,0
"700",2016-10-14 20:45:00,0,0,0,0,0,0,0,0
"701",2016-10-14 21:00:00,0,0,0,0,0,0,0,0
"702",2016-10-14 21:15:00,0,0,0,0,0,0,0,0
"703",2016-10-14 21:30:00,0,0,0,0,0,0,0,0
"704",2016-10-14 21:45:00,0,0,0,0,0,0,0,0
"705",2016-10-14 22:00:00,0,0,0,0,0,0,0,0
"706",2016-10-14 22:15:00,0,0,0,0,0,0,0,0
"707",2016-10-14 22:30:00,0,0,0,0,0,0,0,0
"708",2016-10-14 22:45:00,0,0,0,0,0,0,0,0
"709",2016-10-14 23:00:00,0,0,0,0,0,0,0,0
"710",2016-10-14 23:15:00,0,0,0,0,0,0,0,0
"711",2016-10-14 23:30:00,0,0,0,0,0,0,0,0
"712",2016-10-14 23:45:00,0,0,0,0,0,0,0,0
"713",2016-10-15 00:00:00,0,0,0,0,0,0,0,0
"714",2016-10-15 00:15:00,0,0,0,0,0,0,0,0
"715",2016-10-15 00:30:00,0,0,0,0,0,0,0,0
"716",2016-10-15 00:45:00,0,0,0,0,0,0,0,0
"717",2016-10-15 01:00:00,0,0,0,0,0,0,0,0
"718",2016-10-15 01:15:00,0,0,0,0,0,0,0,0
"719",2016-10-15 01:30:00,0,0,0,0,0,0,0,0
"720",2016-10-15 01:45:00,0,0,0,0,0,0,0,0
"721",2016-10-15 02:00:00,0,0,0,0,0,0,0,0
"722",2016-10-15 02:15:00,0,0,0,0,0,0,0,0
"723",2016-10-15 02:30:00,0,0,0,0,0,0,0,0
"724",2016-10-15 02:45:00,0,0,0,0,0,0,0,0
"725",2016-10-15 03:00:00,0,0,0,0,0,0,0,0
"726",2016-10-15 03:15:00,0,0,0,0,0,0,0,0
"727",2016-10-15 03:30:00,0,0,0,0,0,0,0,0
"728",2016-10-15 03:45:00,0,0,0,0,0,0,0,0
"729",2016-10-15 04:00:00,0,0,0,0,0,0,0,0
"730",2016-10-15 04:15:00,0,0,0,0,0,0,0,0
"731",2016-10-15 04:30:00,0,0,0,0,0,0,0,0
"732",2016-10-15 04:45:00,0,0,0,0,0,0,0,0
"733",2016-10-15 05:00:00,0,0,0,0,0,0,0,0
"734",2016-10-15 05:15:00,0,0,0,0,0,0,0,0
"735",2016-10-15 05:30:00,0,0,0,0,0,0,0,0
"736",2016-10-15 05:45:00,0,0,0,0,0,0,0,0
"737",2016-10-15 06:00:00,0,0,0,0,0,0,0,0
"738",2016-10-15 06:15:00,0,0,0,0,0,0,0,0
"739",2016-10-15 06:30:00,2.07284,0,0.97747,0,0,2.06912,0.85572,0
"740",2016-10-15 06:45:00,15.02809,2.0167,9.0228,2.58154,0.2022,9.44768,4.92039,1.0398
"741",2016-10-15 07:00:00,26.6508,4.14864,17.21851,7.34746,1.011,18.97344,9.76947,2.70348
"742",2016-10-15 07:15:00,56.2628,9.33444,37.36943,21.24806,2.4264,49.89312,25.81422,7.53855
"743",2016-10-15 07:30:00,79.50822,14.80834,52.18186,29.58842,4.044,69.06176,36.29679,11.02188
"744",2016-10-15 07:45:00,128.51608,24.08516,85.86698,51.03506,7.6836,94.39872,49.63176,15.0771
"745",2016-10-15 08:00:00,227.93837,43.215,140.53011,88.07023,14.7606,120.78976,59.1873,17.6766
"746",2016-10-15 08:15:00,292.86268,58.71478,170.98206,108.02752,18.6024,213.82208,107.60679,34.20942
"747",2016-10-15 08:30:00,277.39041,55.94902,185.11778,116.86433,18.4002,199.6896,103.75605,32.70171
"748",2016-10-15 08:45:00,361.71058,71.1607,232.11153,146.35346,19.4112,245.79584,124.15071,38.83653
"749",2016-10-15 09:00:00,635.54755,120.31056,338.50538,250.01222,20.6244,436.23296,210.43581,65.09148
"750",2016-10-15 09:15:00,609.2669,115.5281,352.49072,252.1966,24.0618,631.58912,289.58991,89.57877
"751",2016-10-15 09:30:00,746.2224,137.82704,363.84441,295.8842,23.253,595.86752,260.92329,81.67629
"752",2016-10-15 09:45:00,1032.05223,192.10508,442.79391,378.19561,30.1278,637.09376,290.37432,92.12628
"753",2016-10-15 10:00:00,1107.63686,211.98398,506.7806,431.11718,37.2048,958.47104,411.88656,131.17077
"754",2016-10-15 10:15:00,1493.48122,284.3547,494.22387,474.6062,37.407,1257.90784,515.14344,162.10482
"755",2016-10-15 10:30:00,1637.17345,317.54382,628.28764,632.27872,47.3148,1251.07584,518.99418,163.2486
"756",2016-10-15 10:45:00,1672.78188,331.71834,659.26592,654.3211,56.2116,1290.6624,544.52316,167.66775
"757",2016-10-15 11:00:00,1707.94613,337.53796,697.23687,687.68254,68.9502,1317.7952,568.05546,180.66525
"758",2016-10-15 11:15:00,1761.39579,345.08618,736.41086,687.28538,70.5678,1353.3216,596.1516,197.51001
"759",2016-10-15 11:30:00,1794.11705,354.0749,769.64484,700.29237,81.2844,1251.19296,566.41533,191.16723
"760",2016-10-15 11:45:00,1821.06397,364.33126,802.05173,708.33486,86.1372,1329.74144,615.83316,214.56273
"761",2016-10-15 12:00:00,1820.24964,364.21602,837.91736,711.11498,84.924,1337.3152,611.55456,219.29382
"762",2016-10-15 12:15:00,1816.40008,366.57844,865.58728,709.02989,93.4164,1063.52768,499.02738,178.16973
"763",2016-10-15 12:30:00,1790.41555,364.50412,878.44477,687.58325,91.3944,482.5344,233.39763,77.10117
"764",2016-10-15 12:45:00,1771.01969,359.49118,920.62636,685.99461,93.2142,872.27072,432.70908,130.91082
"765",2016-10-15 13:00:00,1739.18679,358.51164,920.17522,658.39199,82.0932,880.27392,433.42218,125.97177
"766",2016-10-15 13:15:00,1564.03181,328.77972,948.82261,650.44879,84.7218,329.84896,162.01632,46.06314
"767",2016-10-15 13:30:00,1652.05348,341.05278,954.01072,627.31422,83.5086,335.43168,166.00968,48.8706
"768",2016-10-15 13:45:00,1418.63689,295.70584,902.88152,578.95999,78.858,298.656,149.53707,43.72359
"769",2016-10-15 14:00:00,1500.44004,309.47702,896.94151,555.52755,70.77,807.07392,418.16184,131.63868
"770",2016-10-15 14:15:00,1407.68045,292.1334,873.55742,513.42859,68.3436,548.08256,271.12062,96.38946
"771",2016-10-15 14:30:00,1334.31672,271.04448,844.23332,478.87567,66.1194,628.23168,292.58493,107.82726
"772",2016-10-15 14:45:00,1223.41978,249.55222,794.08159,428.13848,61.2666,389.30688,183.9798,65.40342
"773",2016-10-15 15:00:00,1133.10318,227.94472,783.32942,392.49337,62.682,571.89696,274.04433,96.28548
"774",2016-10-15 15:15:00,1045.59972,215.7869,748.36607,365.08933,62.4798,455.08928,228.12069,74.44968
"775",2016-10-15 15:30:00,908.20004,184.6721,661.89757,314.25285,54.594,342.65408,171.42924,53.86164
"776",2016-10-15 15:45:00,654.05505,132.12266,618.88889,272.94821,43.473,342.06848,179.84382,54.90144
"777",2016-10-15 16:00:00,740.59612,250.99272,583.4744,244.35269,35.1828,462.0384,248.08749,70.49844
"778",2016-10-15 16:15:00,561.29546,188.47502,512.94618,192.92047,27.9036,484.72064,260.70936,72.786
"779",2016-10-15 16:30:00,386.88078,124.40158,408.65765,150.42435,22.8486,363.072,195.17547,55.83726
"780",2016-10-15 16:45:00,427.44922,141.86044,378.65684,131.75783,20.4222,259.49888,136.55865,40.39623
"781",2016-10-15 17:00:00,237.34018,79.5156,199.70464,71.29022,10.3122,261.48992,137.48568,38.88852
"782",2016-10-15 17:15:00,86.39301,23.9123,63.1596,27.8012,3.6396,106.07168,52.27023,15.38904
"783",2016-10-15 17:30:00,62.11117,15.38454,48.1216,22.14167,2.8308,71.59936,34.01487,9.93009
"784",2016-10-15 17:45:00,46.86099,10.89018,35.26411,16.68072,2.2242,48.0192,22.46265,6.39477
"785",2016-10-15 18:00:00,30.42633,6.68392,22.33143,10.02829,1.2132,29.16288,13.76283,3.79527
"786",2016-10-15 18:15:00,12.28898,2.3048,8.79723,2.28367,0.2022,10.69696,4.84908,0.98781
"787",2016-10-15 18:30:00,1.4806,0.05762,0.97747,0,0,1.28832,0.42786,0
"788",2016-10-15 18:45:00,0,0,0,0,0,0,0,0
"789",2016-10-15 19:00:00,0,0,0,0,0,0,0,0
"790",2016-10-15 19:15:00,0,0,0,0,0,0,0,0
"791",2016-10-15 19:30:00,0,0,0,0,0,0,0,0
"792",2016-10-15 19:45:00,0,0,0,0,0,0,0,0
"793",2016-10-15 20:00:00,0,0,0,0,0,0,0,0
"794",2016-10-15 20:15:00,0,0,0,0,0,0,0,0
"795",2016-10-15 20:30:00,0,0,0,0,0,0,0,0
"796",2016-10-15 20:45:00,0,0,0,0,0,0,0,0
"797",2016-10-15 21:00:00,0,0,0,0,0,0,0,0
"798",2016-10-15 21:15:00,0,0,0,0,0,0,0,0
"799",2016-10-15 21:30:00,0,0,0,0,0,0,0,0
"800",2016-10-15 21:45:00,0,0,0,0,0,0,0,0
"801",2016-10-15 22:00:00,0,0,0,0,0,0,0,0
"802",2016-10-15 22:15:00,0,0,0,0,0,0,0,0
"803",2016-10-15 22:30:00,0,0,0,0,0,0,0,0
"804",2016-10-15 22:45:00,0,0,0,0,0,0,0,0
"805",2016-10-15 23:00:00,0,0,0,0,0,0,0,0
"806",2016-10-15 23:15:00,0,0,0,0,0,0,0,0
"807",2016-10-15 23:30:00,0,0,0,0,0,0,0,0
"808",2016-10-15 23:45:00,0,0,0,0,0,0,0,0
"809",2016-10-16 00:00:00,0,0,0,0,0,0,0,0
"810",2016-10-16 00:15:00,0,0,0,0,0,0,0,0
"811",2016-10-16 00:30:00,0,0,0,0,0,0,0,0
"812",2016-10-16 00:45:00,0,0,0,0,0,0,0,0
"813",2016-10-16 01:00:00,0,0,0,0,0,0,0,0
"814",2016-10-16 01:15:00,0,0,0,0,0,0,0,0
"815",2016-10-16 01:30:00,0,0,0,0,0,0,0,0
"816",2016-10-16 01:45:00,0,0,0,0,0,0,0,0
"817",2016-10-16 02:00:00,0,0,0,0,0,0,0,0
"818",2016-10-16 02:15:00,0,0,0,0,0,0,0,0
"819",2016-10-16 02:30:00,0,0,0,0,0,0,0,0
"820",2016-10-16 02:45:00,0,0,0,0,0,0,0,0
"821",2016-10-16 03:00:00,0,0,0,0,0,0,0,0
"822",2016-10-16 03:15:00,0,0,0,0,0,0,0,0
"823",2016-10-16 03:30:00,0,0,0,0,0,0,0,0
"824",2016-10-16 03:45:00,0,0,0,0,0,0,0,0
"825",2016-10-16 04:00:00,0,0,0,0,0,0,0,0
"826",2016-10-16 04:15:00,0,0,0,0,0,0,0,0
"827",2016-10-16 04:30:00,0,0,0,0,0,0,0,0
"828",2016-10-16 04:45:00,0,0,0,0,0,0,0,0
"829",2016-10-16 05:00:00,0,0,0,0,0,0,0,0
"830",2016-10-16 05:15:00,0,0,0,0,0,0,0,0
"831",2016-10-16 05:30:00,0,0,0,0,0,0,0,0
"832",2016-10-16 05:45:00,0,0,0,0,0,0,0,0
"833",2016-10-16 06:00:00,0,0,0,0,0,0,0,0
"834",2016-10-16 06:15:00,0,0,0,0,0,0,0,0
"835",2016-10-16 06:30:00,1.77672,0.2881,1.12785,0,0,1.71776,0.78441,0
"836",2016-10-16 06:45:00,13.3254,5.12818,10.45141,2.58154,0,14.91328,7.70148,1.81965
"837",2016-10-16 07:00:00,55.30041,19.64842,35.56487,15.19137,1.011,46.848,23.10444,6.55074
"838",2016-10-16 07:15:00,103.71603,31.86386,56.61807,24.62392,1.6176,110.8736,45.85233,12.9975
"839",2016-10-16 07:30:00,175.15498,39.06636,80.67887,36.93588,3.033,168.2624,65.53389,18.56043
"840",2016-10-16 07:45:00,189.88695,55.8914,116.09336,61.85767,4.4484,223.77728,84.71628,23.96739
"841",2016-10-16 08:00:00,289.82745,64.99536,158.6509,96.70846,7.4814,364.08704,132.20874,36.70494
"842",2016-10-16 08:15:00,419.45398,67.7035,212.48694,145.9563,10.11,418.5088,150.89196,44.03553
"843",2016-10-16 08:30:00,552.2638,95.47634,284.29339,220.02664,15.165,340.8192,131.2104,41.43603
"844",2016-10-16 08:45:00,588.90865,121.98154,316.17395,255.96962,20.22,458.64192,168.79077,51.05418
"845",2016-10-16 09:00:00,669.30523,212.3297,398.05586,288.23887,29.319,499.9072,202.59171,60.36039
"846",2016-10-16 09:15:00,751.25644,234.05244,416.5526,303.03308,32.9586,488.35136,199.81062,61.3482
"847",2016-10-16 09:30:00,966.97986,257.04282,572.1959,465.76939,50.3478,633.26784,262.13556,81.05241
"848",2016-10-16 09:45:00,1194.62211,243.61736,648.1378,581.44224,54.7962,692.96,285.02607,89.89071
"849",2016-10-16 10:00:00,1259.69448,182.71302,604.00127,580.15147,46.7082,988.8832,404.96949,126.95958
"850",2016-10-16 10:15:00,1387.39623,207.25914,668.21353,632.4773,51.3588,574.39552,254.64801,86.97927
"851",2016-10-16 10:30:00,1474.60357,240.5635,716.33513,655.314,53.583,625.8112,279.89175,101.3805
"852",2016-10-16 10:45:00,1604.08204,338.28702,672.49936,585.61242,48.7302,1020.07616,462.30273,171.30705
"853",2016-10-16 11:00:00,1683.96041,423.10366,795.43501,671.10111,60.0534,1285.27488,589.44846,220.38561
"854",2016-10-16 11:15:00,1508.87946,470.4673,797.46514,663.75365,54.7962,1185.09824,550.08534,207.85602
"855",2016-10-16 11:30:00,988.3005,438.60344,661.52162,453.35814,38.0136,913.41888,453.03243,165.58815
"856",2016-10-16 11:45:00,541.97363,269.77684,409.10879,249.11861,23.8596,875.90144,450.60789,160.54512
"857",2016-10-16 12:00:00,586.90984,276.11504,501.59249,313.95498,28.9146,745.23456,407.75058,134.96604
"858",2016-10-16 12:15:00,790.86249,376.8348,640.91956,410.16699,38.0136,896.7488,470.21814,169.4874
"859",2016-10-16 12:30:00,911.90154,438.43058,736.26048,472.6204,45.0906,1272.62592,666.24933,243.8331
"860",2016-10-16 12:45:00,968.01628,485.96708,739.79441,464.37933,43.2708,1120.87744,569.33904,210.09159
"861",2016-10-16 13:00:00,974.2348,504.63596,766.78762,464.97507,44.2818,1128.256,602.85474,218.61795
"862",2016-10-16 13:15:00,1334.46478,736.6717,1002.73384,599.41373,56.4138,1227.808,654.69711,236.45052
"863",2016-10-16 13:30:00,1279.38646,693.4567,993.33509,596.43503,56.0094,1036.59008,560.06874,204.00876
"864",2016-10-16 13:45:00,626.21977,332.69788,636.78411,373.82685,33.1608,1014.02496,555.29097,199.48563
"865",2016-10-16 14:00:00,1376.51382,810.77102,1017.62146,591.07337,60.0534,693.5456,382.43553,145.41603
"866",2016-10-16 14:15:00,949.36072,546.12236,568.4364,309.58622,27.0948,1019.80288,540.74373,215.7585
"867",2016-10-16 14:30:00,527.46375,296.80062,357.22769,193.91337,20.0178,476.6784,249.44238,86.40738
"868",2016-10-16 14:45:00,329.87768,184.49924,373.76949,190.93467,20.0178,486.16512,249.72762,97.01334
"869",2016-10-16 15:00:00,794.86011,488.3295,601.21924,300.15367,30.33,722.90368,370.02759,142.86852
"870",2016-10-16 15:15:00,579.35878,367.3275,489.11095,223.70037,23.0508,595.04768,317.25819,119.42103
"871",2016-10-16 15:30:00,584.24476,358.45402,559.48879,264.30998,26.8926,517.0848,273.54516,94.36185
"872",2016-10-16 15:45:00,408.71963,223.91132,349.6335,184.58011,17.3892,437.40416,233.96811,79.59669
"873",2016-10-16 16:00:00,352.53086,190.146,296.69974,158.66542,13.3452,369.82592,194.03451,63.63576
"874",2016-10-16 16:15:00,241.78198,128.08926,196.09552,104.65166,8.088,207.96608,108.10596,34.41738
"875",2016-10-16 16:30:00,152.35374,78.0751,122.71008,66.02785,4.4484,124.928,62.39625,20.38008
"876",2016-10-16 16:45:00,122.74174,59.69432,103.0103,55.6024,3.8418,137.45984,66.96009,21.00396
"877",2016-10-16 17:00:00,75.5106,36.70394,58.42263,31.47493,2.4264,124.18624,59.1873,19.08033
"878",2016-10-16 17:15:00,58.18758,27.19664,53.68566,29.98558,2.2242,93.22752,43.85565,14.45322
"879",2016-10-16 17:30:00,78.17568,37.85634,66.99429,36.93588,2.6286,89.71392,42.35814,13.88133
"880",2016-10-16 17:45:00,51.59891,24.66136,41.88083,21.44664,1.4154,49.07328,22.89051,7.53855
"881",2016-10-16 18:00:00,17.24899,7.7787,14.73724,6.35456,0.4044,22.56512,10.33995,3.32736
"882",2016-10-16 18:15:00,6.73673,2.65052,5.71444,1.09219,0,6.87104,3.06633,0.67587
"883",2016-10-16 18:30:00,0.51821,0.05762,0.45114,0,0,0.5856,0.21393,0
"884",2016-10-16 18:45:00,0,0,0,0,0,0,0,0
"885",2016-10-16 19:00:00,0,0,0,0,0,0,0,0
"886",2016-10-16 19:15:00,0,0,0,0,0,0,0,0
"887",2016-10-16 19:30:00,0,0,0,0,0,0,0,0
"888",2016-10-16 19:45:00,0,0,0,0,0,0,0,0
"889",2016-10-16 20:00:00,0,0,0,0,0,0,0,0
"890",2016-10-16 20:15:00,0,0,0,0,0,0,0,0
"891",2016-10-16 20:30:00,0,0,0,0,0,0,0,0
"892",2016-10-16 20:45:00,0,0,0,0,0,0,0,0
"893",2016-10-16 21:00:00,0,0,0,0,0,0,0,0
"894",2016-10-16 21:15:00,0,0,0,0,0,0,0,0
"895",2016-10-16 21:30:00,0,0,0,0,0,0,0,0
"896",2016-10-16 21:45:00,0,0,0,0,0,0,0,0
"897",2016-10-16 22:00:00,0,0,0,0,0,0,0,0
"898",2016-10-16 22:15:00,0,0,0,0,0,0,0,0
"899",2016-10-16 22:30:00,0,0,0,0,0,0,0,0
"900",2016-10-16 22:45:00,0,0,0,0,0,0,0,0
"901",2016-10-16 23:00:00,0,0,0,0,0,0,0,0
"902",2016-10-16 23:15:00,0,0,0,0,0,0,0,0
"903",2016-10-16 23:30:00,0,0,0,0,0,0,0,0
"904",2016-10-16 23:45:00,0,0,0,0,0,0,0,0
"905",2016-10-17 00:00:00,0,0,0,0,0,0,0,0
"906",2016-10-17 00:15:00,0,0,0,0,0,0,0,0
"907",2016-10-17 00:30:00,0,0,0,0,0,0,0,0
"908",2016-10-17 00:45:00,0,0,0,0,0,0,0,0
"909",2016-10-17 01:00:00,0,0,0,0,0,0,0,0
"910",2016-10-17 01:15:00,0,0,0,0,0,0,0,0
"911",2016-10-17 01:30:00,0,0,0,0,0,0,0,0
"912",2016-10-17 01:45:00,0,0,0,0,0,0,0,0
"913",2016-10-17 02:00:00,0,0,0,0,0,0,0,0
"914",2016-10-17 02:15:00,0,0,0,0,0,0,0,0
"915",2016-10-17 02:30:00,0,0,0,0,0,0,0,0
"916",2016-10-17 02:45:00,0,0,0,0,0,0,0,0
"917",2016-10-17 03:00:00,0,0,0,0,0,0,0,0
"918",2016-10-17 03:15:00,0,0,0,0,0,0,0,0
"919",2016-10-17 03:30:00,0,0,0,0,0,0,0,0
"920",2016-10-17 03:45:00,0,0,0,0,0,0,0,0
"921",2016-10-17 04:00:00,0,0,0,0,0,0,0,0
"922",2016-10-17 04:15:00,0,0,0,0,0,0,0,0
"923",2016-10-17 04:30:00,0,0,0,0,0,0,0,0
"924",2016-10-17 04:45:00,0,0,0,0,0,0,0,0
"925",2016-10-17 05:00:00,0,0,0,0,0,0,0,0
"926",2016-10-17 05:15:00,0,0,0,0,0,0,0,0
"927",2016-10-17 05:30:00,0,0,0,0,0,0,0,0
"928",2016-10-17 05:45:00,0,0,0,0,0,0,0,0
"929",2016-10-17 06:00:00,0,0,0,0,0,0,0,0
"930",2016-10-17 06:15:00,0,0,0,0,0,0,0,0
"931",2016-10-17 06:30:00,0.66627,0.05762,0.52633,0,0,0.62464,0.21393,0
"932",2016-10-17 06:45:00,4.66389,2.0167,4.28583,0.39716,0.4044,8.1984,4.63515,0.72786
"933",2016-10-17 07:00:00,17.98929,9.85302,17.21851,8.73752,2.2242,25.10272,14.33331,3.48333
"934",2016-10-17 07:15:00,30.20424,14.1169,25.94055,14.29776,3.4374,56.25664,31.51902,8.11044
"935",2016-10-17 07:30:00,52.19115,25.75614,49.47502,30.68061,7.077,78.4704,43.4991,11.54178
"936",2016-10-17 07:45:00,62.33326,33.36198,61.88137,39.31884,8.6946,93.18848,53.83905,14.08929
"937",2016-10-17 08:00:00,107.93574,55.66092,104.43891,70.89306,14.7606,187.35296,99.90531,27.08679
"938",2016-10-17 08:15:00,183.44634,94.61204,169.25269,120.24019,25.6794,278.82368,141.97821,37.4328
"939",2016-10-17 08:30:00,232.30614,116.16192,203.84009,151.02009,30.7344,240.05696,121.72617,31.40196
"940",2016-10-17 08:45:00,280.49967,120.25294,233.16419,188.45242,35.1828,436.0768,211.50546,58.48875
"941",2016-10-17 09:00:00,218.53656,125.95732,200.98287,140.19748,29.319,158.85376,86.9982,25.42311
"942",2016-10-17 09:15:00,268.21069,160.06836,249.48042,164.8214,25.275,353.15584,187.5453,51.31413
"943",2016-10-17 09:30:00,409.01575,213.25162,383.76976,283.9694,28.5102,677.5392,325.95801,87.13524
"944",2016-10-17 09:45:00,518.21,253.2399,402.34169,301.24586,38.2158,603.168,302.63964,79.96062
"945",2016-10-17 10:00:00,434.11192,241.25494,394.29636,284.9623,53.1786,527.54752,285.59655,76.4253
"946",2016-10-17 10:15:00,568.18025,283.66326,504.82566,411.55705,78.858,724.42624,379.93968,106.89144
"947",2016-10-17 10:30:00,728.89938,339.49704,605.42988,502.10953,103.122,1055.99296,506.15838,147.80757
"948",2016-10-17 10:45:00,735.48805,343.7033,570.99286,470.93247,93.6186,777.52064,386.35758,118.06929
"949",2016-10-17 11:00:00,621.1117,301.98642,541.81914,431.01789,88.7658,1074.9664,530.5464,164.65233
"950",2016-10-17 11:15:00,965.64732,410.19678,757.46406,669.90963,142.7532,1306.23936,656.69379,207.85602
"951",2016-10-17 11:30:00,904.49854,350.6177,589.71517,521.66966,116.265,1054.2752,523.77195,157.32174
"952",2016-10-17 11:45:00,802.4852,424.83226,676.18367,578.95999,132.441,970.76864,491.04066,147.33966
"953",2016-10-17 12:00:00,1073.58306,619.18452,719.34273,625.92416,136.485,687.57248,368.17353,108.45114
"954",2016-10-17 12:15:00,322.40065,200.28712,379.03279,288.13958,67.3326,675.50912,378.01431,112.14243
"955",2016-10-17 12:30:00,1136.65662,758.2792,841.22572,729.98008,143.562,950.66304,492.46686,148.22349
"956",2016-10-17 12:45:00,1281.16318,892.18808,910.02457,786.87325,192.09,730.90688,380.7954,115.05387
"957",2016-10-17 13:00:00,1042.49046,745.42994,775.73523,651.04453,153.2676,653.95904,350.91651,108.55512
"958",2016-10-17 13:15:00,1201.21078,894.43526,964.83808,796.70296,186.024,1334.85568,720.30231,233.79903
"959",2016-10-17 13:30:00,1043.37882,783.86248,864.91057,685.39887,160.9512,1275.632,698.1249,226.52043
"960",2016-10-17 13:45:00,1101.49237,855.02318,963.40947,735.63961,186.8328,872.27072,477.777,150.56304
"961",2016-10-17 14:00:00,715.05577,551.4234,734.90706,551.55595,142.551,862.04224,478.63272,143.33643
"962",2016-10-17 14:15:00,987.11602,769.16938,839.49635,606.36403,162.1644,642.75456,340.64787,105.64368
"963",2016-10-17 14:30:00,836.90915,641.94442,787.16411,554.0382,141.7422,532.42752,271.04931,84.2238
"964",2016-10-17 14:45:00,655.46162,526.24346,733.92959,482.94656,123.7464,300.95936,157.52379,50.74224
"965",2016-10-17 15:00:00,772.79917,638.19912,777.38941,474.40762,120.5112,418.66496,227.83545,76.9452
"966",2016-10-17 15:15:00,706.83844,602.64758,761.6747,418.80522,111.4122,467.15264,266.41416,91.65837
"967",2016-10-17 15:30:00,529.3145,441.19634,536.02951,295.98349,73.6008,435.6864,232.54191,75.80142
"968",2016-10-17 15:45:00,318.40303,236.99106,346.17476,205.33172,45.6972,302.71616,161.51715,49.3905
"969",2016-10-17 16:00:00,360.89625,300.83402,390.08572,209.40261,48.9324,326.96,187.40268,56.40915
"970",2016-10-17 16:15:00,212.98431,165.0813,205.41908,117.55936,27.4992,324.73472,180.05775,54.69348
"971",2016-10-17 16:30:00,207.06191,190.66458,309.85799,137.21878,51.1566,341.91232,196.8156,58.48875
"972",2016-10-17 16:45:00,215.79745,205.30006,312.0385,132.94931,48.528,328.48256,186.26172,54.22557
"973",2016-10-17 17:00:00,201.3616,196.59944,257.07461,102.36799,35.9916,167.59872,89.92191,26.98281
"974",2016-10-17 17:15:00,145.24686,138.17276,180.15524,71.09164,25.0728,151.51424,84.00318,24.69525
"975",2016-10-17 17:30:00,49.45204,37.85634,83.53609,37.23375,12.5364,93.61792,50.05962,14.34924
"976",2016-10-17 17:45:00,34.72007,23.048,39.47475,21.14877,7.077,56.88128,30.52068,8.21442
"977",2016-10-17 18:00:00,19.09974,11.524,21.8051,11.9148,3.6396,29.94368,15.90213,4.1592
"978",2016-10-17 18:15:00,7.10688,4.09102,7.36862,2.38296,1.011,9.3696,4.84908,0.93582
"979",2016-10-17 18:30:00,0.44418,0.11524,0.45114,0,0,0.66368,0.21393,0
"980",2016-10-17 18:45:00,0,0,0,0,0,0,0,0
"981",2016-10-17 19:00:00,0,0,0,0,0,0,0,0
"982",2016-10-17 19:15:00,0,0,0,0,0,0,0,0
"983",2016-10-17 19:30:00,0,0,0,0,0,0,0,0
"984",2016-10-17 19:45:00,0,0,0,0,0,0,0,0
"985",2016-10-17 20:00:00,0,0,0,0,0,0,0,0
"986",2016-10-17 20:15:00,0,0,0,0,0,0,0,0
"987",2016-10-17 20:30:00,0,0,0,0,0,0,0,0
"988",2016-10-17 20:45:00,0,0,0,0,0,0,0,0
"989",2016-10-17 21:00:00,0,0,0,0,0,0,0,0
"990",2016-10-17 21:15:00,0,0,0,0,0,0,0,0
"991",2016-10-17 21:30:00,0,0,0,0,0,0,0,0
"992",2016-10-17 21:45:00,0,0,0,0,0,0,0,0
"993",2016-10-17 22:00:00,0,0,0,0,0,0,0,0
"994",2016-10-17 22:15:00,0,0,0,0,0,0,0,0
"995",2016-10-17 22:30:00,0,0,0,0,0,0,0,0
"996",2016-10-17 22:45:00,0,0,0,0,0,0,0,0
"997",2016-10-17 23:00:00,0,0,0,0,0,0,0,0
"998",2016-10-17 23:15:00,0,0,0,0,0,0,0,0
"999",2016-10-17 23:30:00,0,0,0,0,0,0,0,0
"1000",2016-10-17 23:45:00,0,0,0,0,0,0,0,0
"1001",2016-10-18 00:00:00,0,0,0,0,0,0,0,0
"1002",2016-10-18 00:15:00,0,0,0,0,0,0,0,0
"1003",2016-10-18 00:30:00,0,0,0,0,0,0,0,0
"1004",2016-10-18 00:45:00,0,0,0,0,0,0,0,0
"1005",2016-10-18 01:00:00,0,0,0,0,0,0,0,0
"1006",2016-10-18 01:15:00,0,0,0,0,0,0,0,0
"1007",2016-10-18 01:30:00,0,0,0,0,0,0,0,0
"1008",2016-10-18 01:45:00,0,0,0,0,0,0,0,0
"1009",2016-10-18 02:00:00,0,0,0,0,0,0,0,0
"1010",2016-10-18 02:15:00,0,0,0,0,0,0,0,0
"1011",2016-10-18 02:30:00,0,0,0,0,0,0,0,0
"1012",2016-10-18 02:45:00,0,0,0,0,0,0,0,0
"1013",2016-10-18 03:00:00,0,0,0,0,0,0,0,0
"1014",2016-10-18 03:15:00,0,0,0,0,0,0,0,0
"1015",2016-10-18 03:30:00,0,0,0,0,0,0,0,0
"1016",2016-10-18 03:45:00,0,0,0,0,0,0,0,0
"1017",2016-10-18 04:00:00,0,0,0,0,0,0,0,0
"1018",2016-10-18 04:15:00,0,0,0,0,0,0,0,0
"1019",2016-10-18 04:30:00,0,0,0,0,0,0,0,0
"1020",2016-10-18 04:45:00,0,0,0,0,0,0,0,0
"1021",2016-10-18 05:00:00,0,0,0,0,0,0,0,0
"1022",2016-10-18 05:15:00,0,0,0,0,0,0,0,0
"1023",2016-10-18 05:30:00,0,0,0,0,0,0,0,0
"1024",2016-10-18 05:45:00,0,0,0,0,0,0,0,0
"1025",2016-10-18 06:00:00,0,0,0,0,0,0,0,0
"1026",2016-10-18 06:15:00,0,0,0,0,0,0,0,0
"1027",2016-10-18 06:30:00,0.51821,0.05762,0.60152,0,0,0.74176,0.35655,0
"1028",2016-10-18 06:45:00,4.66389,3.34196,6.0152,1.09219,0.6066,5.54368,3.49419,0.41592
"1029",2016-10-18 07:00:00,13.91764,10.89018,18.57193,8.9361,2.2242,26.1568,16.4013,4.36716
"1030",2016-10-18 07:15:00,39.30993,26.62044,44.81324,25.71611,5.8638,78.58752,44.42613,11.28183
"1031",2016-10-18 07:30:00,55.30041,38.77826,70.37784,43.98547,9.9078,124.81088,70.66821,17.93655
"1032",2016-10-18 07:45:00,81.72912,57.27428,97.52143,60.07045,13.9518,152.80256,92.13252,25.63107
"1033",2016-10-18 08:00:00,97.57154,65.9749,122.93565,77.4462,18.198,286.7488,163.01466,44.76339
"1034",2016-10-18 08:15:00,201.50966,119.61912,229.02874,163.13347,34.374,377.43872,210.00795,56.51313
"1035",2016-10-18 08:30:00,268.43278,158.62786,276.47363,204.63669,42.8664,396.0608,223.05768,59.16462
"1036",2016-10-18 08:45:00,417.89935,180.40822,386.32622,329.6428,61.8732,670.78528,335.94141,90.15066
"1037",2016-10-18 09:00:00,503.10788,225.35182,443.16986,408.28048,78.2514,611.83488,307.41741,81.78027
"1038",2016-10-18 09:15:00,423.4516,229.50046,386.02546,326.36623,68.1414,459.14944,257.14386,70.03053
"1039",2016-10-18 09:30:00,522.94792,257.96474,567.75969,510.3506,86.3394,863.5648,435.27624,120.35685
"1040",2016-10-18 09:45:00,741.7806,264.93676,589.79036,582.63372,101.7066,696.74688,360.40074,98.93697
"1041",2016-10-18 10:00:00,605.5654,275.30836,567.08298,497.93935,109.3902,512.94656,281.6745,76.84122
"1042",2016-10-18 10:15:00,586.24357,302.505,590.31669,499.4287,98.6736,337.1104,191.8239,53.23776
"1043",2016-10-18 10:30:00,825.58256,397.69324,765.28382,645.98074,121.1178,908.96832,472.92792,130.54689
"1044",2016-10-18 10:45:00,445.14239,296.10918,472.1932,340.26683,70.1634,1441.39584,743.62068,203.69682
"1045",2016-10-18 11:00:00,287.16237,201.61238,372.34088,276.42336,58.638,1459.74464,748.82631,212.6391
"1046",2016-10-18 11:15:00,944.99295,385.36256,794.83349,693.14349,156.5028,1688.36288,867.70008,252.35946
"1047",2016-10-18 11:30:00,985.41333,468.1625,884.91111,766.5188,185.8218,1560.85824,818.35356,244.92489
"1048",2016-10-18 11:45:00,1028.57282,624.83128,792.72817,647.66867,160.749,1568.51008,833.97045,248.30424
"1049",2016-10-18 12:00:00,1115.03986,846.4378,923.78434,767.41241,156.9072,1227.88608,652.05864,187.31997
"1050",2016-10-18 12:15:00,1115.33598,926.01102,981.68064,791.73846,201.3912,1682.54592,922.89402,267.17661
"1051",2016-10-18 12:30:00,1065.14364,911.2603,1068.90104,828.97221,223.431,1251.97376,676.80321,190.2834
"1052",2016-10-18 12:45:00,784.94009,685.33228,786.11145,581.64082,141.9444,1062.6688,593.15658,169.64337
"1053",2016-10-18 13:00:00,901.24122,819.47164,839.64673,605.76829,137.9004,721.22496,420.30114,116.82153
"1054",2016-10-18 13:15:00,709.13337,670.9849,824.98468,577.66922,136.2828,327.38944,181.48395,50.06637
"1055",2016-10-18 13:30:00,820.10434,806.73762,910.47571,606.95977,144.573,409.06112,238.1754,65.61138
"1056",2016-10-18 13:45:00,736.22835,738.63078,833.63153,529.31499,140.1246,288.66176,165.29658,45.64722
"1057",2016-10-18 14:00:00,592.38806,594.3503,821.22518,511.83995,145.3818,235.84064,132.85053,36.65295
"1058",2016-10-18 14:15:00,652.13027,680.89554,964.53732,570.9175,155.4918,405.78176,225.69615,68.31486
"1059",2016-10-18 14:30:00,569.06861,605.24048,680.99583,408.47906,96.8538,325.43744,176.20701,52.40592
"1060",2016-10-18 14:45:00,536.05123,586.16826,861.45183,476.49271,135.474,315.87264,173.56854,50.9502
"1061",2016-10-18 15:00:00,567.14383,621.08598,838.29331,456.03897,130.419,313.8816,177.20535,55.57731
"1062",2016-10-18 15:15:00,426.48683,471.56208,558.21056,293.69982,80.88,572.05312,338.22333,107.72328
"1063",2016-10-18 15:30:00,396.65274,428.05898,499.71274,267.88442,62.8842,350.26688,209.36616,63.9477
"1064",2016-10-18 15:45:00,362.08073,415.95878,513.5477,251.40228,68.1414,626.82624,377.51514,120.98073
"1065",2016-10-18 16:00:00,331.72843,394.1208,599.86582,302.53663,85.935,428.93248,249.15714,79.23276
"1066",2016-10-18 16:15:00,252.59036,298.35636,304.21874,160.75051,42.2598,179.85728,96.12588,31.45395
"1067",2016-10-18 16:30:00,155.01882,176.72054,269.40577,130.0699,34.9806,295.02528,171.00138,54.53751
"1068",2016-10-18 16:45:00,158.27614,173.26334,335.72335,153.30376,42.8664,175.60192,97.26684,30.36216
"1069",2016-10-18 17:00:00,138.88028,141.91806,244.51788,117.55936,29.7234,116.10496,64.96341,21.15993
"1070",2016-10-18 17:15:00,46.12069,46.49934,60.97909,31.47493,8.4924,133.39968,74.1624,22.8756
"1071",2016-10-18 17:30:00,37.45918,37.22252,59.32491,30.48203,8.088,86.16128,47.13591,13.93332
"1072",2016-10-18 17:45:00,40.42038,36.07012,59.32491,32.56712,7.8858,56.25664,30.16413,8.3184
"1073",2016-10-18 18:00:00,13.54749,11.69686,18.42155,9.43255,2.4264,29.28,14.83248,4.10721
"1074",2016-10-18 18:15:00,4.88598,3.91816,7.06786,1.9858,0.6066,9.05728,4.49253,0.83184
"1075",2016-10-18 18:30:00,0.44418,0.11524,0.52633,0,0,0.74176,0.28524,0
"1076",2016-10-18 18:45:00,0,0,0,0,0,0,0,0
"1077",2016-10-18 19:00:00,0,0,0,0,0,0,0,0
"1078",2016-10-18 19:15:00,0,0,0,0,0,0,0,0
"1079",2016-10-18 19:30:00,0,0,0,0,0,0,0,0
"1080",2016-10-18 19:45:00,0,0,0,0,0,0,0,0
"1081",2016-10-18 20:00:00,0,0,0,0,0,0,0,0
"1082",2016-10-18 20:15:00,0,0,0,0,0,0,0,0
"1083",2016-10-18 20:30:00,0,0,0,0,0,0,0,0
"1084",2016-10-18 20:45:00,0,0,0,0,0,0,0,0
"1085",2016-10-18 21:00:00,0,0,0,0,0,0,0,0
"1086",2016-10-18 21:15:00,0,0,0,0,0,0,0,0
"1087",2016-10-18 21:30:00,0,0,0,0,0,0,0,0
"1088",2016-10-18 21:45:00,0,0,0,0,0,0,0,0
"1089",2016-10-18 22:00:00,0,0,0,0,0,0,0,0
"1090",2016-10-18 22:15:00,0,0,0,0,0,0,0,0
"1091",2016-10-18 22:30:00,0,0,0,0,0,0,0,0
"1092",2016-10-18 22:45:00,0,0,0,0,0,0,0,0
"1093",2016-10-18 23:00:00,0,0,0,0,0,0,0,0
"1094",2016-10-18 23:15:00,0,0,0,0,0,0,0,0
"1095",2016-10-18 23:30:00,0,0,0,0,0,0,0,0
"1096",2016-10-18 23:45:00,0,0,0,0,0,0,0,0
"1097",2016-10-19 00:00:00,0,0,0,0,0,0,0,0
"1098",2016-10-19 00:15:00,0,0,0,0,0,0,0,0
"1099",2016-10-19 00:30:00,0,0,0,0,0,0,0,0
"1100",2016-10-19 00:45:00,0,0,0,0,0,0,0,0
"1101",2016-10-19 01:00:00,0,0,0,0,0,0,0,0
"1102",2016-10-19 01:15:00,0,0,0,0,0,0,0,0
"1103",2016-10-19 01:30:00,0,0,0,0,0,0,0,0
"1104",2016-10-19 01:45:00,0,0,0,0,0,0,0,0
"1105",2016-10-19 02:00:00,0,0,0,0,0,0,0,0
"1106",2016-10-19 02:15:00,0,0,0,0,0,0,0,0
"1107",2016-10-19 02:30:00,0,0,0,0,0,0,0,0
"1108",2016-10-19 02:45:00,0,0,0,0,0,0,0,0
"1109",2016-10-19 03:00:00,0,0,0,0,0,0,0,0
"1110",2016-10-19 03:15:00,0,0,0,0,0,0,0,0
"1111",2016-10-19 03:30:00,0,0,0,0,0,0,0,0
"1112",2016-10-19 03:45:00,0,0,0,0,0,0,0,0
"1113",2016-10-19 04:00:00,0,0,0,0,0,0,0,0
"1114",2016-10-19 04:15:00,0,0,0,0,0,0,0,0
"1115",2016-10-19 04:30:00,0,0,0,0,0,0,0,0
"1116",2016-10-19 04:45:00,0,0,0,0,0,0,0,0
"1117",2016-10-19 05:00:00,0,0,0,0,0,0,0,0
"1118",2016-10-19 05:15:00,0,0,0,0,0,0,0,0
"1119",2016-10-19 05:30:00,0,0,0,0,0,0,0,0
"1120",2016-10-19 05:45:00,0,0,0,0,0,0,0,0
"1121",2016-10-19 06:00:00,0,0,0,0,0,0,0,0
"1122",2016-10-19 06:15:00,0,0,0,0,0,0,0,0
"1123",2016-10-19 06:30:00,0.81433,0.11524,0.67671,0,0,1.21024,0.49917,0
"1124",2016-10-19 06:45:00,7.25494,3.91816,7.519,1.58864,1.2132,9.87712,5.20563,1.14378
"1125",2016-10-19 07:00:00,30.13021,17.05552,30.22638,15.29066,5.2572,36.15104,18.5406,5.25099
"1126",2016-10-19 07:15:00,42.64128,25.23756,44.88843,24.42534,7.8858,61.72224,30.30675,8.99427
"1127",2016-10-19 07:30:00,84.69032,45.46218,80.30292,44.77979,15.165,116.02688,54.76608,14.50521
"1128",2016-10-19 07:45:00,146.65343,56.92856,110.67968,59.574,20.8266,178.76416,76.3017,21.15993
"1129",2016-10-19 08:00:00,219.49895,79.05464,167.59851,99.78645,30.9366,261.84128,116.44923,33.63753
"1130",2016-10-19 08:15:00,329.28544,87.0062,210.90795,136.0273,34.7784,411.75488,162.87204,44.1915
"1131",2016-10-19 08:30:00,227.79031,97.43542,209.25377,145.06269,37.407,475.35104,188.40102,54.01761
"1132",2016-10-19 08:45:00,470.46065,138.63372,311.96331,242.66476,57.627,628.23168,246.44736,73.46187
"1133",2016-10-19 09:00:00,370.07597,158.51262,330.15929,238.99103,69.5568,615.97312,262.63473,80.79246
"1134",2016-10-19 09:15:00,442.92149,176.83578,324.14409,244.45198,68.9502,440.64448,199.81062,61.60815
"1135",2016-10-19 09:30:00,387.99123,177.12388,364.37074,261.92702,76.6338,266.17472,127.00311,39.09648
"1136",2016-10-19 09:45:00,361.78461,183.8078,355.49832,242.46618,66.9282,698.65984,306.34776,91.03449
"1137",2016-10-19 10:00:00,417.67726,217.16978,408.43208,268.57945,79.869,428.8544,197.74263,56.04522
"1138",2016-10-19 10:15:00,316.33019,167.15562,333.99398,214.76427,65.3106,581.93024,290.30301,83.184
"1139",2016-10-19 10:30:00,355.12191,195.38942,347.15223,217.4451,66.9282,541.64096,274.47219,79.64868
"1140",2016-10-19 10:45:00,304.04121,174.64622,323.09143,199.37432,60.8622,426.66816,221.7741,62.95989
"1141",2016-10-19 11:00:00,373.55538,212.0416,390.83762,242.96263,72.5898,540.78208,275.47053,77.15316
"1142",2016-10-19 11:15:00,644.35712,310.45656,567.23336,379.58567,115.0518,750.544,371.09724,106.47552
"1143",2016-10-19 11:30:00,859.26621,417.22642,778.59245,532.39298,160.1424,835.57312,407.25141,122.95635
"1144",2016-10-19 11:45:00,775.53828,371.59138,626.78384,414.53575,123.9486,615.23136,308.13051,93.37404
"1145",2016-10-19 12:00:00,712.31666,345.89286,677.61228,447.10287,137.2938,758.50816,374.73405,115.52178
"1146",2016-10-19 12:15:00,473.42185,236.76058,488.735,304.8203,86.1372,494.51968,247.08915,72.68202
"1147",2016-10-19 12:30:00,403.68559,215.26832,416.17665,255.67175,86.1372,509.97952,257.64303,77.10117
"1148",2016-10-19 12:45:00,382.14286,200.86332,422.04147,274.43756,85.3284,586.88832,294.29637,88.07106
"1149",2016-10-19 13:00:00,476.38305,263.20816,497.7578,318.82019,108.177,408.7488,203.09088,59.32059
"1150",2016-10-19 13:15:00,427.22713,249.26412,450.08734,284.26727,100.089,385.01248,189.54198,56.30517
"1151",2016-10-19 13:30:00,375.25807,222.7013,402.11612,251.40228,90.99,275.19296,143.19048,41.33205
"1152",2016-10-19 13:45:00,334.54157,199.24996,356.85174,218.14013,72.1854,462.2336,238.46064,70.08252
"1153",2016-10-19 14:00:00,238.82078,146.931,260.1574,154.09808,51.7632,421.0464,203.9466,56.56512
"1154",2016-10-19 14:15:00,252.88648,150.84916,273.91717,171.87099,50.55,447.86688,221.70279,62.18004
"1155",2016-10-19 14:30:00,243.5587,142.37902,269.55615,169.58732,52.1676,338.43776,167.64981,45.64722
"1156",2016-10-19 14:45:00,225.64344,133.56316,239.8561,150.72222,49.1346,294.98624,145.61502,40.0323
"1157",2016-10-19 15:00:00,172.41587,102.50598,180.08005,113.68705,40.44,254.736,125.07774,33.84549
"1158",2016-10-19 15:15:00,161.97764,98.2421,162.03445,103.16231,40.0356,223.66016,109.03299,30.46614
"1159",2016-10-19 15:30:00,154.27852,92.01914,183.23803,115.87143,39.429,200.62656,100.5471,27.91863
"1160",2016-10-19 15:45:00,182.70604,112.359,186.99753,114.28279,37.407,252.3936,123.72285,36.9129
"1161",2016-10-19 16:00:00,141.24924,93.0563,153.76355,85.3894,31.5432,189.50016,90.70632,26.82684
"1162",2016-10-19 16:15:00,199.1407,138.69134,235.57027,133.74363,40.8444,228.07168,107.96334,32.18181
"1163",2016-10-19 16:30:00,172.63796,121.75106,195.04286,109.31829,40.6422,193.0528,92.48907,27.5547
"1164",2016-10-19 16:45:00,108.60201,74.21456,116.16855,66.5243,19.6134,145.424,70.66821,20.69202
